time,longitude,latitude,pressure_hPa,geopotential height_m,temperature_C,dew point temperature_C,ice point temperature_C,relative humidity_%,humidity wrt ice_%,mixing ratio_g/kg,wind direction_degree,wind speed_m/s
2026-07-04 23:01:26,-97.4379,35.1812, 970.2,  345, 36.1, 21.2, 21.2, 42, 42,16.55,155, 5.1
2026-07-04 23:01:27,-97.4379,35.1813, 968.3,  363, 35.6, 20.0, 20.0, 40, 40,15.36,169, 4.5
2026-07-04 23:01:28,-97.4379,35.1813, 967.9,  367, 35.5, 19.9, 19.9, 40, 40,15.27,174, 4.6
2026-07-04 23:01:29,-97.4379,35.1813, 967.3,  372, 35.4, 19.8, 19.8, 40, 40,15.18,175, 4.8
2026-07-04 23:01:30,-97.4379,35.1814, 966.6,  379, 35.4, 19.7, 19.7, 40, 40,15.09,175, 5.1
2026-07-04 23:01:31,-97.4380,35.1814, 966.0,  385, 35.4, 19.5, 19.5, 40, 40,14.96,173, 5.4
2026-07-04 23:01:32,-97.4380,35.1815, 965.3,  391, 35.3, 19.4, 19.4, 39, 39,14.86,172, 5.7
2026-07-04 23:01:33,-97.4379,35.1816, 964.8,  396, 35.2, 19.3, 19.3, 39, 39,14.76,172, 6.0
2026-07-04 23:01:34,-97.4379,35.1817, 964.3,  401, 35.1, 19.2, 19.2, 39, 39,14.66,171, 6.3
2026-07-04 23:01:35,-97.4379,35.1817, 963.8,  406, 35.0, 19.1, 19.1, 39, 39,14.62,170, 6.5
2026-07-04 23:01:36,-97.4378,35.1818, 963.2,  411, 35.0, 19.1, 19.1, 40, 40,14.62,169, 6.8
2026-07-04 23:01:37,-97.4379,35.1819, 962.6,  417, 34.9, 19.1, 19.1, 40, 40,14.61,169, 7.0
2026-07-04 23:01:38,-97.4379,35.1820, 961.9,  423, 34.8, 19.1, 19.1, 40, 40,14.64,168, 7.2
2026-07-04 23:01:39,-97.4380,35.1820, 961.2,  430, 34.8, 19.2, 19.2, 40, 40,14.67,167, 7.4
2026-07-04 23:01:40,-97.4380,35.1821, 960.5,  436, 34.7, 19.2, 19.2, 40, 40,14.68,166, 7.6
2026-07-04 23:01:41,-97.4380,35.1822, 959.8,  443, 34.7, 19.1, 19.1, 40, 40,14.63,165, 7.8
2026-07-04 23:01:42,-97.4381,35.1823, 959.2,  449, 34.6, 19.0, 19.0, 40, 40,14.56,165, 7.9
2026-07-04 23:01:43,-97.4381,35.1823, 958.6,  454, 34.5, 19.0, 19.0, 40, 40,14.53,164, 8.1
2026-07-04 23:01:44,-97.4381,35.1824, 958.1,  459, 34.5, 19.0, 19.0, 40, 40,14.55,163, 8.2
2026-07-04 23:01:45,-97.4382,35.1825, 957.6,  464, 34.4, 19.0, 19.0, 40, 40,14.58,163, 8.3
2026-07-04 23:01:46,-97.4382,35.1826, 957.0,  469, 34.4, 19.0, 19.0, 40, 40,14.60,162, 8.4
2026-07-04 23:01:47,-97.4382,35.1826, 956.5,  474, 34.4, 19.0, 19.0, 40, 40,14.59,161, 8.5
2026-07-04 23:01:48,-97.4383,35.1827, 956.0,  479, 34.3, 19.0, 19.0, 40, 40,14.57,161, 8.6
2026-07-04 23:01:49,-97.4383,35.1828, 955.4,  485, 34.3, 18.9, 18.9, 41, 41,14.55,160, 8.6
2026-07-04 23:01:50,-97.4383,35.1828, 954.7,  492, 34.2, 18.9, 18.9, 41, 41,14.57,160, 8.6
2026-07-04 23:01:51,-97.4384,35.1829, 953.9,  499, 34.1, 18.9, 18.9, 41, 41,14.58,159, 8.7
2026-07-04 23:01:52,-97.4384,35.1830, 953.1,  506, 34.1, 18.9, 18.9, 41, 41,14.57,159, 8.7
2026-07-04 23:01:53,-97.4384,35.1831, 952.5,  513, 34.0, 18.9, 18.9, 41, 41,14.58,158, 8.7
2026-07-04 23:01:54,-97.4385,35.1831, 951.9,  519, 33.9, 18.9, 18.9, 41, 41,14.62,158, 8.7
2026-07-04 23:01:55,-97.4385,35.1832, 951.2,  525, 33.9, 18.9, 18.9, 42, 42,14.63,158, 8.7
2026-07-04 23:01:56,-97.4386,35.1834, 950.6,  531, 33.8, 18.9, 18.9, 42, 42,14.61,157, 8.7
2026-07-04 23:01:57,-97.4386,35.1834, 949.9,  537, 33.7, 18.9, 18.9, 42, 42,14.60,157, 8.7
2026-07-04 23:01:58,-97.4387,35.1835, 949.2,  544, 33.7, 18.9, 18.9, 42, 42,14.60,157, 8.6
2026-07-04 23:01:59,-97.4387,35.1836, 948.5,  550, 33.7, 18.9, 18.9, 42, 42,14.61,157, 8.6
2026-07-04 23:02:00,-97.4387,35.1836, 947.8,  557, 33.6, 18.9, 18.9, 42, 42,14.60,157, 8.6
2026-07-04 23:02:01,-97.4388,35.1837, 947.2,  563, 33.6, 18.8, 18.8, 42, 42,14.55,157, 8.6
2026-07-04 23:02:02,-97.4389,35.1837, 946.6,  569, 33.6, 18.8, 18.8, 42, 42,14.52,157, 8.6
2026-07-04 23:02:03,-97.4389,35.1838, 945.9,  575, 33.4, 18.7, 18.7, 42, 42,14.51,158, 8.6
2026-07-04 23:02:04,-97.4390,35.1838, 945.3,  582, 33.3, 18.8, 18.8, 42, 42,14.55,158, 8.6
2026-07-04 23:02:05,-97.4390,35.1839, 944.6,  588, 33.3, 18.8, 18.8, 42, 42,14.60,158, 8.6
2026-07-04 23:02:06,-97.4390,35.1840, 943.8,  595, 33.2, 18.7, 18.7, 42, 42,14.54,159, 8.6
2026-07-04 23:02:07,-97.4390,35.1841, 943.1,  602, 33.2, 18.6, 18.6, 42, 42,14.48,159, 8.6
2026-07-04 23:02:08,-97.4391,35.1841, 942.4,  609, 33.1, 18.7, 18.7, 42, 42,14.51,159, 8.7
2026-07-04 23:02:09,-97.4391,35.1842, 941.7,  615, 33.1, 18.7, 18.7, 43, 43,14.58,160, 8.7
2026-07-04 23:02:10,-97.4391,35.1842, 941.1,  622, 33.0, 18.7, 18.7, 43, 43,14.60,160, 8.8
2026-07-04 23:02:11,-97.4392,35.1843, 940.5,  628, 32.9, 18.7, 18.7, 43, 43,14.56,161, 8.9
2026-07-04 23:02:12,-97.4392,35.1843, 939.9,  633, 32.8, 18.6, 18.6, 43, 43,14.50,161, 8.9
2026-07-04 23:02:13,-97.4392,35.1844, 939.2,  640, 32.8, 18.6, 18.6, 43, 43,14.47,162, 9.0
2026-07-04 23:02:14,-97.4392,35.1845, 938.6,  646, 32.7, 18.5, 18.5, 43, 43,14.46,163, 9.1
2026-07-04 23:02:15,-97.4392,35.1846, 937.9,  652, 32.6, 18.6, 18.6, 43, 43,14.49,163, 9.2
2026-07-04 23:02:16,-97.4392,35.1847, 937.2,  659, 32.6, 18.6, 18.6, 44, 44,14.52,164, 9.3
2026-07-04 23:02:17,-97.4392,35.1848, 936.6,  664, 32.5, 18.6, 18.6, 44, 44,14.51,164, 9.4
2026-07-04 23:02:18,-97.4392,35.1849, 936.1,  670, 32.5, 18.5, 18.5, 43, 43,14.42,165, 9.5
2026-07-04 23:02:19,-97.4393,35.1850, 935.6,  675, 32.5, 18.3, 18.3, 43, 43,14.29,165, 9.6
2026-07-04 23:02:20,-97.4393,35.1851, 935.0,  680, 32.4, 18.2, 18.2, 43, 43,14.24,166, 9.7
2026-07-04 23:02:21,-97.4394,35.1852, 934.4,  686, 32.4, 18.3, 18.3, 43, 43,14.28,166, 9.9
2026-07-04 23:02:22,-97.4395,35.1853, 933.8,  692, 32.3, 18.3, 18.3, 43, 43,14.27,167,10.0
2026-07-04 23:02:23,-97.4395,35.1853, 933.2,  698, 32.2, 18.3, 18.3, 44, 44,14.27,167,10.1
2026-07-04 23:02:24,-97.4395,35.1854, 932.6,  704, 32.1, 18.3, 18.3, 44, 44,14.31,168,10.2
2026-07-04 23:02:25,-97.4395,35.1855, 931.9,  710, 32.1, 18.3, 18.3, 44, 44,14.35,168,10.3
2026-07-04 23:02:26,-97.4395,35.1856, 931.4,  715, 32.0, 18.2, 18.2, 44, 44,14.29,168,10.4
2026-07-04 23:02:27,-97.4396,35.1857, 930.8,  720, 31.9, 18.1, 18.1, 44, 44,14.19,169,10.5
2026-07-04 23:02:28,-97.4396,35.1858, 930.3,  726, 31.9, 18.1, 18.1, 44, 44,14.15,169,10.5
2026-07-04 23:02:29,-97.4397,35.1859, 929.8,  731, 31.8, 18.1, 18.1, 44, 44,14.14,170,10.6
2026-07-04 23:02:30,-97.4397,35.1860, 929.2,  736, 31.8, 18.0, 18.0, 44, 44,14.11,170,10.7
2026-07-04 23:02:31,-97.4397,35.1861, 928.7,  741, 31.7, 18.0, 18.0, 44, 44,14.07,170,10.7
2026-07-04 23:02:32,-97.4397,35.1862, 928.1,  747, 31.7, 17.9, 17.9, 44, 44,14.01,171,10.8
2026-07-04 23:02:33,-97.4397,35.1863, 927.5,  753, 31.6, 17.8, 17.8, 44, 44,13.98,171,10.8
2026-07-04 23:02:34,-97.4397,35.1864, 926.9,  759, 31.6, 17.9, 17.9, 44, 44,14.05,171,10.8
2026-07-04 23:02:35,-97.4397,35.1865, 926.2,  765, 31.5, 17.9, 17.9, 44, 44,14.08,171,10.9
2026-07-04 23:02:36,-97.4397,35.1866, 925.6,  771, 31.5, 17.9, 17.9, 44, 44,14.04,172,10.9
2026-07-04 23:02:36,-97.4397,35.1866, 925.0,  777, 31.4, 17.8, 17.8, 44, 44,13.99,172,10.9
2026-07-04 23:02:37,-97.4397,35.1867, 924.9,  778, 31.4, 17.8, 17.8, 44, 44,13.99,172,10.9
2026-07-04 23:02:38,-97.4397,35.1868, 924.3,  784, 31.3, 17.7, 17.7, 44, 44,13.88,172,10.9
2026-07-04 23:02:39,-97.4397,35.1869, 923.8,  789, 31.2, 17.6, 17.6, 44, 44,13.83,172,10.8
2026-07-04 23:02:40,-97.4397,35.1871, 923.2,  794, 31.2, 17.6, 17.6, 44, 44,13.88,172,10.8
2026-07-04 23:02:41,-97.4397,35.1872, 922.7,  799, 31.1, 17.7, 17.7, 45, 45,13.93,172,10.8
2026-07-04 23:02:42,-97.4397,35.1873, 922.2,  804, 31.1, 17.7, 17.7, 45, 45,13.95,172,10.8
2026-07-04 23:02:43,-97.4397,35.1873, 921.7,  809, 31.0, 17.7, 17.7, 45, 45,13.94,172,10.7
2026-07-04 23:02:44,-97.4397,35.1874, 921.2,  815, 31.0, 17.7, 17.7, 45, 45,13.95,173,10.7
2026-07-04 23:02:45,-97.4397,35.1875, 920.6,  820, 30.9, 17.7, 17.7, 45, 45,13.97,172,10.6
2026-07-04 23:02:46,-97.4398,35.1876, 920.0,  826, 30.9, 17.7, 17.7, 45, 45,14.00,172,10.6
2026-07-04 23:02:47,-97.4398,35.1877, 919.3,  833, 30.8, 17.7, 17.7, 46, 46,14.03,172,10.5
2026-07-04 23:02:48,-97.4399,35.1878, 918.6,  840, 30.8, 17.7, 17.7, 46, 46,14.03,172,10.4
2026-07-04 23:02:49,-97.4399,35.1879, 917.9,  846, 30.7, 17.7, 17.7, 46, 46,13.99,172,10.4
2026-07-04 23:02:50,-97.4399,35.1880, 917.3,  852, 30.7, 17.7, 17.7, 46, 46,13.98,172,10.3
2026-07-04 23:02:51,-97.4399,35.1881, 916.7,  858, 30.6, 17.7, 17.7, 46, 46,13.99,172,10.2
2026-07-04 23:02:52,-97.4399,35.1881, 916.0,  865, 30.5, 17.7, 17.7, 46, 46,14.01,172,10.2
2026-07-04 23:02:53,-97.4399,35.1882, 915.4,  871, 30.5, 17.6, 17.6, 46, 46,14.00,172,10.1
2026-07-04 23:02:54,-97.4399,35.1883, 914.7,  878, 30.4, 17.7, 17.7, 46, 46,14.02,172,10.0
2026-07-04 23:02:55,-97.4399,35.1883, 914.0,  885, 30.4, 17.6, 17.6, 46, 46,13.99,171, 9.9
2026-07-04 23:02:56,-97.4400,35.1884, 913.3,  891, 30.3, 17.6, 17.6, 47, 47,13.95,171, 9.8
2026-07-04 23:02:57,-97.4400,35.1885, 912.7,  897, 30.2, 17.5, 17.5, 47, 47,13.94,171, 9.7
2026-07-04 23:02:58,-97.4400,35.1887, 912.2,  902, 30.2, 17.6, 17.6, 47, 47,13.98,171, 9.6
2026-07-04 23:02:59,-97.4400,35.1888, 911.6,  908, 30.2, 17.7, 17.7, 47, 47,14.11,171, 9.6
2026-07-04 23:03:00,-97.4401,35.1889, 911.0,  914, 30.1, 17.8, 17.8, 48, 48,14.19,171, 9.5
2026-07-04 23:03:01,-97.4401,35.1890, 910.4,  920, 30.1, 17.7, 17.7, 48, 48,14.16,171, 9.4
2026-07-04 23:03:02,-97.4401,35.1890, 909.8,  926, 30.0, 17.6, 17.6, 48, 48,14.07,171, 9.3
2026-07-04 23:03:03,-97.4401,35.1891, 909.2,  932, 29.9, 17.5, 17.5, 47, 47,14.00,171, 9.2
2026-07-04 23:03:04,-97.4401,35.1892, 908.7,  937, 29.9, 17.5, 17.5, 47, 47,13.98,171, 9.1
2026-07-04 23:03:05,-97.4401,35.1893, 908.2,  942, 29.8, 17.5, 17.5, 48, 48,13.97,171, 9.0
2026-07-04 23:03:06,-97.4401,35.1894, 907.7,  947, 29.8, 17.5, 17.5, 48, 48,13.99,171, 8.9
2026-07-04 23:03:07,-97.4401,35.1894, 907.1,  952, 29.7, 17.5, 17.5, 48, 48,14.04,172, 8.8
2026-07-04 23:03:08,-97.4402,35.1895, 906.5,  959, 29.7, 17.7, 17.7, 49, 49,14.15,172, 8.7
2026-07-04 23:03:09,-97.4402,35.1896, 905.8,  965, 29.6, 17.8, 17.8, 49, 49,14.30,172, 8.7
2026-07-04 23:03:10,-97.4402,35.1896, 905.1,  972, 29.6, 17.9, 17.9, 50, 50,14.40,172, 8.6
2026-07-04 23:03:11,-97.4402,35.1897, 904.4,  979, 29.5, 17.9, 17.9, 50, 50,14.44,173, 8.5
2026-07-04 23:03:12,-97.4402,35.1897, 903.7,  985, 29.4, 17.9, 17.9, 50, 50,14.40,173, 8.4
2026-07-04 23:03:13,-97.4402,35.1898, 903.1,  992, 29.3, 17.8, 17.8, 50, 50,14.33,173, 8.4
2026-07-04 23:03:14,-97.4402,35.1898, 902.5,  998, 29.3, 17.7, 17.7, 50, 50,14.27,174, 8.3
2026-07-04 23:03:15,-97.4402,35.1899, 901.8, 1005, 29.2, 17.6, 17.6, 50, 50,14.20,174, 8.2
2026-07-04 23:03:16,-97.4403,35.1900, 901.0, 1012, 29.2, 17.6, 17.6, 50, 50,14.18,174, 8.2
2026-07-04 23:03:17,-97.4403,35.1900, 900.2, 1020, 29.1, 17.6, 17.6, 50, 50,14.21,175, 8.1
2026-07-04 23:03:18,-97.4404,35.1901, 899.5, 1028, 29.0, 17.7, 17.7, 50, 50,14.26,175, 8.1
2026-07-04 23:03:19,-97.4404,35.1902, 898.8, 1035, 28.9, 17.7, 17.7, 51, 51,14.27,176, 8.1
2026-07-04 23:03:20,-97.4404,35.1904, 898.1, 1042, 28.9, 17.6, 17.6, 51, 51,14.25,176, 8.0
2026-07-04 23:03:21,-97.4404,35.1905, 897.4, 1049, 28.8, 17.6, 17.6, 51, 51,14.23,176, 8.0
2026-07-04 23:03:22,-97.4404,35.1906, 896.7, 1056, 28.7, 17.5, 17.5, 51, 51,14.19,177, 8.0
2026-07-04 23:03:23,-97.4404,35.1906, 896.0, 1063, 28.7, 17.5, 17.5, 51, 51,14.14,177, 7.9
2026-07-04 23:03:24,-97.4403,35.1907, 895.3, 1069, 28.6, 17.5, 17.5, 51, 51,14.18,178, 7.9
2026-07-04 23:03:25,-97.4403,35.1907, 894.7, 1075, 28.6, 17.6, 17.6, 51, 51,14.26,178, 7.9
2026-07-04 23:03:26,-97.4403,35.1908, 894.2, 1080, 28.5, 17.6, 17.6, 52, 52,14.33,178, 7.9
2026-07-04 23:03:27,-97.4403,35.1908, 893.8, 1084, 28.5, 17.6, 17.6, 52, 52,14.32,179, 7.9
2026-07-04 23:03:28,-97.4403,35.1909, 893.4, 1088, 28.4, 17.6, 17.6, 52, 52,14.29,179, 7.8
2026-07-04 23:03:29,-97.4403,35.1909, 892.8, 1094, 28.4, 17.6, 17.6, 52, 52,14.30,180, 7.8
2026-07-04 23:03:30,-97.4403,35.1910, 892.1, 1101, 28.3, 17.6, 17.6, 52, 52,14.33,180, 7.8
2026-07-04 23:03:31,-97.4403,35.1911, 891.3, 1109, 28.3, 17.6, 17.6, 53, 53,14.35,180, 7.8
2026-07-04 23:03:32,-97.4403,35.1912, 890.5, 1117, 28.2, 17.6, 17.6, 53, 53,14.32,181, 7.8
2026-07-04 23:03:33,-97.4403,35.1912, 889.7, 1125, 28.1, 17.5, 17.5, 53, 53,14.32,181, 7.8
2026-07-04 23:03:34,-97.4403,35.1913, 888.9, 1133, 28.1, 17.5, 17.5, 53, 53,14.32,181, 7.8
2026-07-04 23:03:35,-97.4403,35.1914, 888.3, 1139, 28.0, 17.5, 17.5, 53, 53,14.29,182, 7.7
2026-07-04 23:03:36,-97.4403,35.1915, 887.7, 1145, 28.0, 17.4, 17.4, 53, 53,14.22,182, 7.7
2026-07-04 23:03:37,-97.4403,35.1915, 887.2, 1150, 27.9, 17.3, 17.3, 53, 53,14.17,183, 7.7
2026-07-04 23:03:38,-97.4403,35.1916, 886.7, 1155, 27.9, 17.3, 17.3, 53, 53,14.16,183, 7.7
2026-07-04 23:03:39,-97.4403,35.1917, 886.0, 1162, 27.8, 17.3, 17.3, 53, 53,14.19,184, 7.7
2026-07-04 23:03:40,-97.4403,35.1918, 885.3, 1169, 27.7, 17.3, 17.3, 53, 53,14.19,184, 7.7
2026-07-04 23:03:41,-97.4403,35.1918, 884.6, 1176, 27.6, 17.3, 17.3, 53, 53,14.14,185, 7.7
2026-07-04 23:03:42,-97.4403,35.1919, 883.9, 1183, 27.6, 17.2, 17.2, 53, 53,14.08,186, 7.7
2026-07-04 23:03:43,-97.4402,35.1920, 883.2, 1190, 27.5, 17.2, 17.2, 53, 53,14.08,186, 7.7
2026-07-04 23:03:44,-97.4403,35.1920, 882.6, 1196, 27.5, 17.2, 17.2, 54, 54,14.14,187, 7.7
2026-07-04 23:03:45,-97.4403,35.1921, 882.0, 1202, 27.4, 17.3, 17.3, 54, 54,14.21,188, 7.7
2026-07-04 23:03:46,-97.4403,35.1922, 881.4, 1208, 27.3, 17.3, 17.3, 54, 54,14.22,189, 7.7
2026-07-04 23:03:47,-97.4403,35.1923, 880.8, 1214, 27.3, 17.2, 17.2, 54, 54,14.14,190, 7.7
2026-07-04 23:03:48,-97.4402,35.1923, 880.1, 1221, 27.2, 17.1, 17.1, 54, 54,14.10,191, 7.7
2026-07-04 23:03:49,-97.4402,35.1924, 879.4, 1228, 27.2, 17.1, 17.1, 54, 54,14.10,192, 7.7
2026-07-04 23:03:50,-97.4402,35.1925, 878.8, 1235, 27.1, 17.1, 17.1, 54, 54,14.08,193, 7.8
2026-07-04 23:03:51,-97.4402,35.1925, 878.1, 1241, 27.0, 17.0, 17.0, 54, 54,14.05,194, 7.8
2026-07-04 23:03:52,-97.4402,35.1926, 877.4, 1248, 27.0, 17.0, 17.0, 54, 54,14.04,195, 7.8
2026-07-04 23:03:53,-97.4402,35.1926, 876.7, 1255, 26.9, 17.0, 17.0, 55, 55,14.06,196, 7.9
2026-07-04 23:03:54,-97.4401,35.1927, 876.0, 1263, 26.9, 17.1, 17.1, 55, 55,14.10,197, 7.9
2026-07-04 23:03:55,-97.4401,35.1928, 875.2, 1271, 26.8, 17.1, 17.1, 55, 55,14.14,197, 7.9
2026-07-04 23:03:56,-97.4401,35.1929, 874.4, 1279, 26.7, 17.1, 17.1, 56, 56,14.18,198, 8.0
2026-07-04 23:03:57,-97.4400,35.1929, 873.7, 1286, 26.6, 17.2, 17.2, 56, 56,14.23,199, 8.0
2026-07-04 23:03:58,-97.4400,35.1930, 873.1, 1292, 26.5, 17.1, 17.1, 56, 56,14.20,200, 8.1
2026-07-04 23:03:59,-97.4399,35.1931, 872.5, 1298, 26.5, 17.0, 17.0, 56, 56,14.10,201, 8.1
2026-07-04 23:04:00,-97.4398,35.1931, 872.0, 1303, 26.5, 16.9, 16.9, 56, 56,14.02,202, 8.2
2026-07-04 23:04:01,-97.4398,35.1932, 871.6, 1308, 26.5, 16.9, 16.9, 56, 56,14.01,203, 8.2
2026-07-04 23:04:02,-97.4397,35.1932, 871.1, 1312, 26.4, 16.9, 16.9, 56, 56,14.02,204, 8.3
2026-07-04 23:04:03,-97.4397,35.1933, 870.7, 1317, 26.3, 16.9, 16.9, 56, 56,14.02,204, 8.3
2026-07-04 23:04:04,-97.4397,35.1934, 870.2, 1321, 26.3, 16.8, 16.8, 56, 56,13.99,205, 8.4
2026-07-04 23:04:05,-97.4397,35.1934, 869.7, 1326, 26.3, 16.8, 16.8, 56, 56,13.93,205, 8.4
2026-07-04 23:04:06,-97.4397,35.1935, 869.2, 1331, 26.2, 16.7, 16.7, 56, 56,13.90,206, 8.4
2026-07-04 23:04:07,-97.4396,35.1936, 868.8, 1336, 26.2, 16.7, 16.7, 56, 56,13.90,206, 8.4
2026-07-04 23:04:08,-97.4396,35.1937, 868.3, 1341, 26.2, 16.7, 16.7, 56, 56,13.90,207, 8.5
2026-07-04 23:04:09,-97.4395,35.1938, 867.7, 1347, 26.1, 16.7, 16.7, 56, 56,13.91,207, 8.5
2026-07-04 23:04:10,-97.4394,35.1939, 867.2, 1352, 26.1, 16.7, 16.7, 56, 56,13.92,207, 8.5
2026-07-04 23:04:11,-97.4394,35.1939, 866.7, 1357, 26.0, 16.7, 16.7, 57, 57,13.94,208, 8.5
2026-07-04 23:04:12,-97.4393,35.1940, 866.3, 1361, 26.0, 16.7, 16.7, 57, 57,13.95,208, 8.5
2026-07-04 23:04:13,-97.4392,35.1940, 865.9, 1365, 26.0, 16.7, 16.7, 57, 57,13.95,208, 8.5
2026-07-04 23:04:14,-97.4392,35.1941, 865.5, 1369, 25.9, 16.7, 16.7, 57, 57,13.95,208, 8.5
2026-07-04 23:04:15,-97.4392,35.1942, 865.0, 1375, 25.9, 16.7, 16.7, 57, 57,13.97,208, 8.4
2026-07-04 23:04:16,-97.4391,35.1942, 864.4, 1381, 25.8, 16.7, 16.7, 57, 57,13.99,208, 8.4
2026-07-04 23:04:17,-97.4391,35.1943, 863.8, 1386, 25.7, 16.7, 16.7, 58, 58,14.00,208, 8.4
2026-07-04 23:04:18,-97.4391,35.1944, 863.3, 1392, 25.7, 16.7, 16.7, 58, 58,13.96,208, 8.3
2026-07-04 23:04:19,-97.4390,35.1945, 862.8, 1397, 25.6, 16.6, 16.6, 58, 58,13.94,208, 8.3
2026-07-04 23:04:20,-97.4389,35.1945, 862.2, 1403, 25.6, 16.6, 16.6, 58, 58,13.92,208, 8.3
2026-07-04 23:04:21,-97.4388,35.1946, 861.6, 1409, 25.5, 16.6, 16.6, 58, 58,13.88,208, 8.2
2026-07-04 23:04:22,-97.4388,35.1947, 861.0, 1416, 25.5, 16.5, 16.5, 58, 58,13.86,208, 8.2
2026-07-04 23:04:23,-97.4387,35.1947, 860.3, 1423, 25.4, 16.5, 16.5, 58, 58,13.87,208, 8.2
2026-07-04 23:04:24,-97.4387,35.1948, 859.7, 1429, 25.4, 16.5, 16.5, 58, 58,13.84,208, 8.1
2026-07-04 23:04:25,-97.4387,35.1948, 859.1, 1435, 25.3, 16.4, 16.4, 58, 58,13.78,208, 8.1
2026-07-04 23:04:26,-97.4387,35.1948, 858.6, 1440, 25.3, 16.4, 16.4, 58, 58,13.77,208, 8.1
2026-07-04 23:04:27,-97.4387,35.1949, 858.2, 1444, 25.2, 16.4, 16.4, 58, 58,13.78,208, 8.1
2026-07-04 23:04:28,-97.4387,35.1950, 857.7, 1449, 25.2, 16.4, 16.4, 58, 58,13.78,208, 8.0
2026-07-04 23:04:29,-97.4386,35.1951, 857.3, 1453, 25.1, 16.4, 16.4, 58, 58,13.77,208, 8.0
2026-07-04 23:04:30,-97.4386,35.1952, 856.8, 1458, 25.1, 16.4, 16.4, 59, 59,13.78,208, 8.0
2026-07-04 23:04:31,-97.4386,35.1952, 856.3, 1463, 25.0, 16.3, 16.3, 59, 59,13.78,208, 8.0
2026-07-04 23:04:32,-97.4385,35.1953, 855.9, 1468, 25.0, 16.3, 16.3, 59, 59,13.77,208, 8.0
2026-07-04 23:04:33,-97.4385,35.1954, 855.4, 1473, 24.9, 16.3, 16.3, 59, 59,13.77,208, 8.0
2026-07-04 23:04:34,-97.4384,35.1954, 854.9, 1478, 24.9, 16.4, 16.4, 59, 59,13.82,208, 8.0
2026-07-04 23:04:35,-97.4384,35.1955, 854.4, 1483, 24.8, 16.4, 16.4, 60, 60,13.87,209, 8.0
2026-07-04 23:04:36,-97.4383,35.1955, 853.9, 1488, 24.8, 16.5, 16.5, 60, 60,13.92,209, 8.1
2026-07-04 23:04:37,-97.4383,35.1955, 853.4, 1494, 24.7, 16.4, 16.4, 60, 60,13.91,209, 8.1
2026-07-04 23:04:38,-97.4383,35.1956, 852.8, 1499, 24.7, 16.4, 16.4, 60, 60,13.92,209, 8.1
2026-07-04 23:04:39,-97.4382,35.1957, 852.2, 1506, 24.6, 16.4, 16.4, 60, 60,13.91,210, 8.2
2026-07-04 23:04:40,-97.4382,35.1957, 851.6, 1512, 24.5, 16.4, 16.4, 60, 60,13.89,210, 8.2
2026-07-04 23:04:41,-97.4381,35.1958, 851.0, 1518, 24.5, 16.4, 16.4, 61, 61,13.88,210, 8.2
2026-07-04 23:04:42,-97.4380,35.1959, 850.4, 1524, 24.4, 16.3, 16.3, 61, 61,13.87,211, 8.3
2026-07-04 23:04:42,-97.4380,35.1959, 850.0, 1528, 24.4, 16.3, 16.3, 61, 61,13.84,211, 8.3
2026-07-04 23:04:43,-97.4380,35.1960, 849.9, 1530, 24.4, 16.3, 16.3, 61, 61,13.84,211, 8.3
2026-07-04 23:04:44,-97.4379,35.1960, 849.4, 1535, 24.3, 16.3, 16.3, 61, 61,13.81,211, 8.4
2026-07-04 23:04:45,-97.4379,35.1961, 848.8, 1540, 24.3, 16.3, 16.3, 61, 61,13.82,212, 8.4
2026-07-04 23:04:46,-97.4379,35.1961, 848.3, 1546, 24.2, 16.3, 16.3, 61, 61,13.84,212, 8.5
2026-07-04 23:04:47,-97.4378,35.1962, 847.7, 1552, 24.1, 16.3, 16.3, 61, 61,13.84,212, 8.5
2026-07-04 23:04:48,-97.4378,35.1963, 847.2, 1558, 24.1, 16.3, 16.3, 62, 62,13.85,213, 8.6
2026-07-04 23:04:49,-97.4378,35.1964, 846.6, 1564, 24.0, 16.2, 16.2, 62, 62,13.85,213, 8.6
2026-07-04 23:04:50,-97.4377,35.1965, 846.0, 1570, 24.0, 16.3, 16.3, 62, 62,13.87,213, 8.6
2026-07-04 23:04:51,-97.4377,35.1965, 845.4, 1576, 23.9, 16.3, 16.3, 62, 62,13.88,213, 8.7
2026-07-04 23:04:52,-97.4376,35.1966, 844.8, 1582, 23.8, 16.2, 16.2, 63, 63,13.88,214, 8.7
2026-07-04 23:04:53,-97.4375,35.1966, 844.3, 1587, 23.8, 16.2, 16.2, 63, 63,13.88,214, 8.8
2026-07-04 23:04:54,-97.4374,35.1967, 843.8, 1593, 23.7, 16.2, 16.2, 63, 63,13.89,214, 8.8
2026-07-04 23:04:55,-97.4374,35.1968, 843.3, 1598, 23.7, 16.3, 16.3, 63, 63,13.91,214, 8.8
2026-07-04 23:04:56,-97.4373,35.1968, 842.7, 1604, 23.6, 16.2, 16.2, 63, 63,13.91,214, 8.9
2026-07-04 23:04:57,-97.4372,35.1969, 842.1, 1610, 23.6, 16.2, 16.2, 63, 63,13.90,215, 8.9
2026-07-04 23:04:58,-97.4372,35.1969, 841.5, 1616, 23.5, 16.2, 16.2, 64, 64,13.88,215, 8.9
2026-07-04 23:04:59,-97.4371,35.1970, 841.0, 1622, 23.4, 16.1, 16.1, 64, 64,13.84,215, 9.0
2026-07-04 23:05:00,-97.4371,35.1971, 840.4, 1628, 23.4, 16.1, 16.1, 64, 64,13.83,215, 9.0
2026-07-04 23:05:01,-97.4370,35.1972, 839.8, 1634, 23.3, 16.1, 16.1, 64, 64,13.79,215, 9.0
2026-07-04 23:05:02,-97.4370,35.1972, 839.3, 1639, 23.3, 16.0, 16.0, 63, 63,13.72,214, 9.1
2026-07-04 23:05:03,-97.4369,35.1973, 838.8, 1645, 23.3, 15.9, 15.9, 63, 63,13.64,214, 9.1
2026-07-04 23:05:04,-97.4369,35.1973, 838.3, 1650, 23.3, 15.8, 15.8, 63, 63,13.61,214, 9.1
2026-07-04 23:05:05,-97.4368,35.1974, 837.9, 1654, 23.2, 15.8, 15.8, 63, 63,13.62,214, 9.1
2026-07-04 23:05:06,-97.4367,35.1974, 837.4, 1659, 23.2, 15.8, 15.8, 63, 63,13.63,214, 9.1
2026-07-04 23:05:07,-97.4367,35.1975, 836.9, 1665, 23.2, 15.8, 15.8, 63, 63,13.63,213, 9.1
2026-07-04 23:05:08,-97.4366,35.1976, 836.3, 1671, 23.1, 15.8, 15.8, 64, 64,13.62,213, 9.2
2026-07-04 23:05:09,-97.4365,35.1977, 835.7, 1677, 23.0, 15.8, 15.8, 64, 64,13.61,213, 9.2
2026-07-04 23:05:10,-97.4365,35.1977, 835.2, 1682, 23.0, 15.7, 15.7, 64, 64,13.59,212, 9.2
2026-07-04 23:05:11,-97.4364,35.1978, 834.6, 1688, 22.9, 15.7, 15.7, 64, 64,13.60,212, 9.2
2026-07-04 23:05:12,-97.4364,35.1979, 834.1, 1694, 22.9, 15.8, 15.8, 64, 64,13.63,212, 9.2
2026-07-04 23:05:13,-97.4363,35.1979, 833.5, 1700, 22.8, 15.8, 15.8, 65, 65,13.64,211, 9.2
2026-07-04 23:05:14,-97.4363,35.1980, 833.0, 1705, 22.8, 15.7, 15.7, 65, 65,13.63,211, 9.2
2026-07-04 23:05:15,-97.4362,35.1981, 832.6, 1710, 22.7, 15.7, 15.7, 65, 65,13.62,211, 9.2
2026-07-04 23:05:16,-97.4361,35.1982, 832.1, 1715, 22.7, 15.8, 15.8, 65, 65,13.66,210, 9.1
2026-07-04 23:05:17,-97.4361,35.1983, 831.6, 1720, 22.6, 15.8, 15.8, 66, 66,13.71,210, 9.1
2026-07-04 23:05:18,-97.4360,35.1984, 831.2, 1725, 22.5, 15.9, 15.9, 66, 66,13.76,210, 9.1
2026-07-04 23:05:19,-97.4360,35.1985, 830.7, 1730, 22.5, 15.8, 15.8, 66, 66,13.74,209, 9.1
2026-07-04 23:05:20,-97.4360,35.1985, 830.2, 1735, 22.4, 15.7, 15.7, 66, 66,13.62,209, 9.1
2026-07-04 23:05:21,-97.4360,35.1986, 829.6, 1741, 22.4, 15.6, 15.6, 65, 65,13.53,209, 9.0
2026-07-04 23:05:22,-97.4359,35.1987, 829.0, 1747, 22.4, 15.5, 15.5, 65, 65,13.52,208, 9.0
2026-07-04 23:05:23,-97.4359,35.1987, 828.5, 1753, 22.3, 15.5, 15.5, 66, 66,13.52,208, 9.0
2026-07-04 23:05:24,-97.4359,35.1988, 828.0, 1758, 22.3, 15.5, 15.5, 66, 66,13.51,208, 8.9
2026-07-04 23:05:25,-97.4358,35.1989, 827.5, 1763, 22.2, 15.5, 15.5, 66, 66,13.50,208, 8.9
2026-07-04 23:05:26,-97.4358,35.1990, 827.1, 1767, 22.2, 15.5, 15.5, 66, 66,13.52,207, 8.9
2026-07-04 23:05:27,-97.4357,35.1990, 826.7, 1771, 22.1, 15.6, 15.6, 67, 67,13.61,207, 8.8
2026-07-04 23:05:28,-97.4357,35.1991, 826.3, 1776, 22.1, 15.7, 15.7, 67, 67,13.67,207, 8.8
2026-07-04 23:05:29,-97.4357,35.1991, 825.8, 1781, 22.0, 15.7, 15.7, 67, 67,13.68,207, 8.8
2026-07-04 23:05:30,-97.4356,35.1992, 825.3, 1786, 22.0, 15.7, 15.7, 67, 67,13.68,207, 8.7
2026-07-04 23:05:31,-97.4355,35.1993, 824.8, 1792, 21.9, 15.7, 15.7, 68, 68,13.73,206, 8.7
2026-07-04 23:05:32,-97.4354,35.1993, 824.2, 1797, 21.9, 15.7, 15.7, 68, 68,13.75,206, 8.7
2026-07-04 23:05:33,-97.4354,35.1994, 823.7, 1803, 21.8, 15.6, 15.6, 68, 68,13.69,206, 8.7
2026-07-04 23:05:34,-97.4353,35.1995, 823.2, 1809, 21.8, 15.6, 15.6, 68, 68,13.65,206, 8.7
2026-07-04 23:05:35,-97.4352,35.1996, 822.7, 1814, 21.7, 15.5, 15.5, 68, 68,13.59,206, 8.6
2026-07-04 23:05:36,-97.4352,35.1997, 822.2, 1819, 21.7, 15.4, 15.4, 68, 68,13.52,205, 8.6
2026-07-04 23:05:37,-97.4352,35.1997, 821.8, 1824, 21.6, 15.4, 15.4, 68, 68,13.52,205, 8.6
2026-07-04 23:05:38,-97.4352,35.1998, 821.3, 1828, 21.6, 15.4, 15.4, 68, 68,13.56,205, 8.6
2026-07-04 23:05:39,-97.4351,35.1998, 820.9, 1833, 21.5, 15.5, 15.5, 68, 68,13.58,205, 8.6
2026-07-04 23:05:40,-97.4351,35.1999, 820.4, 1838, 21.5, 15.5, 15.5, 69, 69,13.60,205, 8.6
2026-07-04 23:05:41,-97.4351,35.1999, 819.9, 1843, 21.4, 15.5, 15.5, 69, 69,13.62,204, 8.6
2026-07-04 23:05:42,-97.4351,35.2000, 819.4, 1849, 21.4, 15.5, 15.5, 69, 69,13.63,204, 8.6
2026-07-04 23:05:43,-97.4351,35.2000, 818.8, 1855, 21.3, 15.5, 15.5, 69, 69,13.62,204, 8.6
2026-07-04 23:05:44,-97.4351,35.2001, 818.2, 1861, 21.3, 15.4, 15.4, 69, 69,13.61,204, 8.6
2026-07-04 23:05:45,-97.4350,35.2002, 817.7, 1867, 21.2, 15.4, 15.4, 70, 70,13.62,204, 8.7
2026-07-04 23:05:46,-97.4350,35.2003, 817.1, 1873, 21.2, 15.4, 15.4, 70, 70,13.63,204, 8.7
2026-07-04 23:05:47,-97.4350,35.2005, 816.6, 1878, 21.1, 15.4, 15.4, 70, 70,13.62,204, 8.7
2026-07-04 23:05:48,-97.4349,35.2005, 816.2, 1883, 21.1, 15.4, 15.4, 70, 70,13.57,204, 8.7
2026-07-04 23:05:49,-97.4349,35.2006, 815.7, 1888, 21.0, 15.3, 15.3, 70, 70,13.54,204, 8.7
2026-07-04 23:05:50,-97.4348,35.2007, 815.2, 1893, 21.0, 15.3, 15.3, 70, 70,13.56,204, 8.7
2026-07-04 23:05:51,-97.4347,35.2008, 814.8, 1898, 20.9, 15.4, 15.4, 71, 71,13.60,204, 8.7
2026-07-04 23:05:52,-97.4347,35.2008, 814.3, 1903, 20.8, 15.3, 15.3, 71, 71,13.59,204, 8.7
2026-07-04 23:05:53,-97.4347,35.2009, 813.7, 1909, 20.8, 15.3, 15.3, 71, 71,13.53,205, 8.7
2026-07-04 23:05:54,-97.4346,35.2009, 813.2, 1915, 20.8, 15.2, 15.2, 71, 71,13.51,205, 8.6
2026-07-04 23:05:55,-97.4346,35.2010, 812.7, 1920, 20.7, 15.3, 15.3, 71, 71,13.55,205, 8.6
2026-07-04 23:05:56,-97.4346,35.2011, 812.1, 1926, 20.6, 15.4, 15.4, 72, 72,13.64,205, 8.6
2026-07-04 23:05:57,-97.4345,35.2011, 811.6, 1932, 20.6, 15.4, 15.4, 72, 72,13.69,205, 8.6
2026-07-04 23:05:58,-97.4344,35.2012, 811.0, 1938, 20.5, 15.4, 15.4, 72, 72,13.70,205, 8.6
2026-07-04 23:05:59,-97.4344,35.2013, 810.5, 1944, 20.5, 15.3, 15.3, 72, 72,13.65,206, 8.6
2026-07-04 23:06:00,-97.4343,35.2013, 810.0, 1949, 20.4, 15.3, 15.3, 72, 72,13.61,206, 8.6
2026-07-04 23:06:01,-97.4343,35.2014, 809.5, 1954, 20.4, 15.2, 15.2, 72, 72,13.56,206, 8.6
2026-07-04 23:06:02,-97.4343,35.2015, 809.0, 1960, 20.3, 15.2, 15.2, 72, 72,13.53,206, 8.5
2026-07-04 23:06:03,-97.4343,35.2016, 808.5, 1965, 20.3, 15.1, 15.1, 72, 72,13.50,206, 8.5
2026-07-04 23:06:04,-97.4342,35.2016, 808.0, 1970, 20.3, 15.1, 15.1, 72, 72,13.49,207, 8.5
2026-07-04 23:06:05,-97.4342,35.2017, 807.5, 1975, 20.2, 15.1, 15.1, 73, 73,13.50,207, 8.5
2026-07-04 23:06:06,-97.4341,35.2018, 807.0, 1981, 20.2, 15.1, 15.1, 73, 73,13.51,207, 8.5
2026-07-04 23:06:07,-97.4341,35.2019, 806.5, 1986, 20.1, 15.1, 15.1, 73, 73,13.51,207, 8.4
2026-07-04 23:06:08,-97.4340,35.2019, 806.1, 1991, 20.1, 15.1, 15.1, 73, 73,13.54,207, 8.4
2026-07-04 23:06:09,-97.4340,35.2019, 805.6, 1996, 20.0, 15.1, 15.1, 74, 74,13.54,207, 8.4
2026-07-04 23:06:10,-97.4339,35.2020, 805.2, 2000, 20.0, 15.1, 15.1, 73, 73,13.50,207, 8.4
2026-07-04 23:06:11,-97.4339,35.2020, 804.7, 2005, 19.9, 15.1, 15.1, 74, 74,13.52,207, 8.3
2026-07-04 23:06:12,-97.4339,35.2021, 804.2, 2011, 19.9, 15.1, 15.1, 74, 74,13.56,207, 8.3
2026-07-04 23:06:13,-97.4339,35.2022, 803.8, 2016, 19.8, 15.1, 15.1, 74, 74,13.59,207, 8.3
2026-07-04 23:06:14,-97.4338,35.2023, 803.3, 2021, 19.8, 15.2, 15.2, 75, 75,13.62,207, 8.3
2026-07-04 23:06:15,-97.4338,35.2024, 802.9, 2026, 19.7, 15.2, 15.2, 75, 75,13.64,207, 8.2
2026-07-04 23:06:16,-97.4337,35.2024, 802.4, 2030, 19.7, 15.2, 15.2, 75, 75,13.65,207, 8.2
2026-07-04 23:06:17,-97.4336,35.2025, 801.9, 2035, 19.6, 15.2, 15.2, 76, 76,13.64,208, 8.2
2026-07-04 23:06:18,-97.4336,35.2026, 801.5, 2040, 19.6, 15.1, 15.1, 76, 76,13.61,208, 8.1
2026-07-04 23:06:19,-97.4335,35.2026, 801.0, 2045, 19.5, 15.1, 15.1, 76, 76,13.59,208, 8.1
2026-07-04 23:06:20,-97.4335,35.2027, 800.6, 2050, 19.5, 15.1, 15.1, 76, 76,13.56,208, 8.0
2026-07-04 23:06:21,-97.4335,35.2028, 800.2, 2055, 19.4, 15.0, 15.0, 76, 76,13.54,208, 8.0
2026-07-04 23:06:22,-97.4335,35.2028, 799.7, 2059, 19.4, 15.0, 15.0, 76, 76,13.57,208, 8.0
2026-07-04 23:06:23,-97.4334,35.2029, 799.2, 2065, 19.3, 15.1, 15.1, 76, 76,13.61,208, 7.9
2026-07-04 23:06:24,-97.4334,35.2030, 798.7, 2070, 19.3, 15.1, 15.1, 77, 77,13.64,208, 7.9
2026-07-04 23:06:25,-97.4333,35.2031, 798.1, 2076, 19.2, 15.1, 15.1, 77, 77,13.65,208, 7.9
2026-07-04 23:06:26,-97.4333,35.2031, 797.6, 2082, 19.2, 15.1, 15.1, 77, 77,13.67,208, 7.8
2026-07-04 23:06:27,-97.4332,35.2032, 797.0, 2088, 19.1, 15.1, 15.1, 78, 78,13.69,209, 7.8
2026-07-04 23:06:28,-97.4332,35.2032, 796.5, 2094, 19.0, 15.1, 15.1, 78, 78,13.67,209, 7.8
2026-07-04 23:06:29,-97.4331,35.2032, 796.0, 2100, 19.0, 15.1, 15.1, 78, 78,13.67,209, 7.7
2026-07-04 23:06:30,-97.4331,35.2033, 795.5, 2105, 18.9, 15.1, 15.1, 78, 78,13.68,209, 7.7
2026-07-04 23:06:31,-97.4331,35.2033, 795.0, 2110, 18.9, 15.1, 15.1, 79, 79,13.67,209, 7.7
2026-07-04 23:06:32,-97.4330,35.2034, 794.6, 2115, 18.8, 15.0, 15.0, 79, 79,13.64,210, 7.7
2026-07-04 23:06:33,-97.4330,35.2034, 794.1, 2120, 18.8, 15.0, 15.0, 79, 79,13.62,210, 7.7
2026-07-04 23:06:34,-97.4330,35.2035, 793.5, 2126, 18.7, 15.0, 15.0, 79, 79,13.62,210, 7.6
2026-07-04 23:06:35,-97.4330,35.2036, 793.0, 2132, 18.7, 15.0, 15.0, 79, 79,13.64,211, 7.6
2026-07-04 23:06:36,-97.4329,35.2037, 792.5, 2138, 18.6, 15.0, 15.0, 79, 79,13.66,211, 7.6
2026-07-04 23:06:37,-97.4329,35.2037, 792.0, 2143, 18.6, 15.0, 15.0, 80, 80,13.65,212, 7.6
2026-07-04 23:06:38,-97.4329,35.2038, 791.5, 2148, 18.5, 15.0, 15.0, 80, 80,13.65,212, 7.6
2026-07-04 23:06:39,-97.4328,35.2038, 791.0, 2154, 18.5, 15.0, 15.0, 80, 80,13.68,212, 7.6
2026-07-04 23:06:40,-97.4327,35.2039, 790.4, 2160, 18.4, 15.0, 15.0, 81, 81,13.71,213, 7.6
2026-07-04 23:06:41,-97.4327,35.2039, 789.9, 2166, 18.3, 15.0, 15.0, 81, 81,13.71,213, 7.7
2026-07-04 23:06:42,-97.4326,35.2040, 789.4, 2172, 18.3, 15.0, 15.0, 81, 81,13.70,214, 7.7
2026-07-04 23:06:43,-97.4326,35.2040, 788.8, 2177, 18.2, 14.9, 14.9, 81, 81,13.66,214, 7.7
2026-07-04 23:06:44,-97.4326,35.2041, 788.3, 2183, 18.2, 14.9, 14.9, 81, 81,13.63,215, 7.7
2026-07-04 23:06:45,-97.4325,35.2041, 787.8, 2188, 18.1, 14.9, 14.9, 81, 81,13.62,215, 7.7
2026-07-04 23:06:46,-97.4325,35.2042, 787.4, 2194, 18.1, 14.8, 14.8, 81, 81,13.61,216, 7.7
2026-07-04 23:06:47,-97.4324,35.2043, 786.8, 2199, 18.0, 14.8, 14.8, 82, 82,13.62,216, 7.6
2026-07-04 23:06:48,-97.4324,35.2043, 786.2, 2206, 18.0, 14.8, 14.8, 82, 82,13.57,217, 7.6
2026-07-04 23:06:49,-97.4323,35.2044, 785.7, 2212, 17.9, 14.6, 14.6, 81, 81,13.46,217, 7.6
2026-07-04 23:06:50,-97.4323,35.2045, 785.1, 2218, 17.9, 14.6, 14.6, 81, 81,13.43,218, 7.6
2026-07-04 23:06:51,-97.4322,35.2046, 784.7, 2223, 17.8, 14.7, 14.7, 82, 82,13.56,218, 7.6
2026-07-04 23:06:52,-97.4321,35.2046, 784.2, 2228, 17.8, 14.8, 14.8, 83, 83,13.62,219, 7.5
2026-07-04 23:06:53,-97.4320,35.2047, 783.7, 2233, 17.7, 14.7, 14.7, 82, 82,13.54,219, 7.5
2026-07-04 23:06:54,-97.4319,35.2047, 783.2, 2239, 17.7, 14.6, 14.6, 82, 82,13.42,220, 7.4
2026-07-04 23:06:55,-97.4319,35.2048, 782.7, 2244, 17.7, 14.6, 14.6, 82, 82,13.45,220, 7.4
2026-07-04 23:06:56,-97.4318,35.2048, 782.2, 2250, 17.7, 14.6, 14.6, 82, 82,13.45,221, 7.3
2026-07-04 23:06:57,-97.4318,35.2048, 781.6, 2256, 17.6, 14.5, 14.5, 82, 82,13.39,221, 7.3
2026-07-04 23:06:58,-97.4317,35.2049, 781.1, 2262, 17.5, 14.5, 14.5, 82, 82,13.39,221, 7.2
2026-07-04 23:06:59,-97.4317,35.2049, 780.6, 2267, 17.5, 14.5, 14.5, 83, 83,13.39,222, 7.2
2026-07-04 23:07:00,-97.4317,35.2050, 780.1, 2273, 17.4, 14.4, 14.4, 82, 82,13.31,222, 7.1
2026-07-04 23:07:01,-97.4317,35.2050, 779.6, 2279, 17.4, 14.2, 14.2, 82, 82,13.18,222, 7.0
2026-07-04 23:07:02,-97.4316,35.2051, 779.0, 2285, 17.3, 14.0, 14.0, 81, 81,13.01,223, 7.0
2026-07-04 23:07:03,-97.4316,35.2051, 778.4, 2292, 17.3, 14.0, 14.0, 81, 81,13.02,223, 6.9
2026-07-04 23:07:04,-97.4315,35.2052, 777.8, 2298, 17.2, 14.3, 14.3, 83, 83,13.25,223, 6.8
2026-07-04 23:07:05,-97.4314,35.2052, 777.2, 2305, 17.1, 14.4, 14.4, 84, 84,13.39,224, 6.8
2026-07-04 23:07:06,-97.4313,35.2052, 776.7, 2310, 17.1, 14.2, 14.2, 83, 83,13.24,224, 6.7
2026-07-04 23:07:07,-97.4313,35.2052, 776.2, 2315, 17.1, 14.0, 14.0, 82, 82,13.09,224, 6.6
2026-07-04 23:07:08,-97.4312,35.2053, 775.8, 2321, 17.0, 13.9, 13.9, 82, 82,12.94,224, 6.5
2026-07-04 23:07:09,-97.4312,35.2053, 775.3, 2326, 17.1, 13.4, 13.4, 79, 79,12.53,224, 6.5
2026-07-04 23:07:10,-97.4312,35.2053, 774.8, 2331, 17.1, 12.5, 12.5, 74, 74,11.84,224, 6.4
2026-07-04 23:07:11,-97.4311,35.2054, 774.4, 2336, 17.3, 11.5, 11.5, 69, 69,11.09,224, 6.3
2026-07-04 23:07:12,-97.4311,35.2055, 773.9, 2341, 17.3, 11.1, 11.1, 67, 67,10.82,224, 6.2
2026-07-04 23:07:13,-97.4310,35.2055, 773.4, 2347, 17.3, 11.0, 11.0, 66, 66,10.70,224, 6.2
2026-07-04 23:07:14,-97.4310,35.2056, 773.0, 2352, 17.3, 10.7, 10.7, 65, 65,10.53,224, 6.1
2026-07-04 23:07:15,-97.4309,35.2056, 772.5, 2357, 17.3, 10.7, 10.7, 65, 65,10.52,224, 6.0
2026-07-04 23:07:16,-97.4309,35.2057, 772.1, 2362, 17.3, 10.7, 10.7, 65, 65,10.53,224, 5.9
2026-07-04 23:07:17,-97.4308,35.2057, 771.6, 2367, 17.2, 10.5, 10.5, 65, 65,10.42,224, 5.8
2026-07-04 23:07:18,-97.4307,35.2058, 771.2, 2372, 17.2, 10.3, 10.3, 64, 64,10.28,224, 5.8
2026-07-04 23:07:19,-97.4307,35.2058, 770.7, 2377, 17.2, 10.2, 10.2, 64, 64,10.22,224, 5.7
2026-07-04 23:07:20,-97.4306,35.2058, 770.3, 2382, 17.2, 10.3, 10.3, 64, 64,10.25,224, 5.6
2026-07-04 23:07:21,-97.4306,35.2058, 769.8, 2387, 17.1, 10.3, 10.3, 64, 64,10.29,223, 5.5
2026-07-04 23:07:22,-97.4306,35.2058, 769.3, 2392, 17.1, 10.3, 10.3, 64, 64,10.28,223, 5.4
2026-07-04 23:07:23,-97.4306,35.2058, 768.8, 2397, 17.0, 10.3, 10.3, 64, 64,10.26,223, 5.3
2026-07-04 23:07:24,-97.4305,35.2059, 768.3, 2403, 17.0, 10.3, 10.3, 65, 65,10.26,223, 5.2
2026-07-04 23:07:25,-97.4305,35.2059, 767.7, 2410, 16.9, 10.1, 10.1, 64, 64,10.15,223, 5.1
2026-07-04 23:07:26,-97.4305,35.2060, 767.1, 2417, 16.9,  9.8,  9.8, 63, 63,10.00,223, 5.0
2026-07-04 23:07:27,-97.4304,35.2060, 766.5, 2423, 16.9,  9.7,  9.7, 63, 63, 9.91,223, 4.9
2026-07-04 23:07:28,-97.4304,35.2061, 765.9, 2430, 16.8,  9.6,  9.6, 63, 63, 9.86,223, 4.8
2026-07-04 23:07:29,-97.4304,35.2062, 765.4, 2436, 16.8,  9.6,  9.6, 63, 63, 9.84,223, 4.7
2026-07-04 23:07:30,-97.4303,35.2062, 764.9, 2441, 16.7,  9.6,  9.6, 63, 63, 9.86,223, 4.6
2026-07-04 23:07:31,-97.4303,35.2062, 764.4, 2447, 16.7,  9.6,  9.6, 63, 63, 9.88,223, 4.5
2026-07-04 23:07:32,-97.4303,35.2062, 763.8, 2453, 16.6,  9.7,  9.7, 64, 64, 9.91,223, 4.4
2026-07-04 23:07:33,-97.4302,35.2063, 763.3, 2460, 16.5,  9.7,  9.7, 64, 64, 9.98,224, 4.4
2026-07-04 23:07:34,-97.4302,35.2063, 762.6, 2467, 16.4,  9.8,  9.8, 65, 65,10.05,224, 4.3
2026-07-04 23:07:35,-97.4301,35.2063, 762.0, 2473, 16.4,  9.9,  9.9, 65, 65,10.09,225, 4.2
2026-07-04 23:07:36,-97.4301,35.2063, 761.5, 2479, 16.3,  9.8,  9.8, 65, 65,10.05,225, 4.1
2026-07-04 23:07:37,-97.4301,35.2063, 761.0, 2485, 16.3,  9.7,  9.7, 65, 65, 9.98,226, 4.1
2026-07-04 23:07:38,-97.4300,35.2063, 760.6, 2490, 16.2,  9.7,  9.7, 65, 65, 9.95,227, 4.1
2026-07-04 23:07:39,-97.4300,35.2063, 760.1, 2495, 16.2,  9.6,  9.6, 65, 65, 9.94,228, 4.0
2026-07-04 23:07:40,-97.4300,35.2063, 759.7, 2500, 16.1,  9.6,  9.6, 65, 65, 9.95,230, 4.0
2026-07-04 23:07:41,-97.4300,35.2063, 759.2, 2505, 16.1,  9.6,  9.6, 65, 65, 9.95,231, 4.0
2026-07-04 23:07:42,-97.4300,35.2064, 758.8, 2510, 16.1,  9.6,  9.6, 65, 65, 9.91,232, 4.0
2026-07-04 23:07:43,-97.4300,35.2064, 758.3, 2515, 16.0,  9.4,  9.4, 65, 65, 9.84,234, 4.0
2026-07-04 23:07:44,-97.4300,35.2065, 757.8, 2521, 16.0,  9.4,  9.4, 65, 65, 9.81,236, 4.1
2026-07-04 23:07:45,-97.4300,35.2065, 757.2, 2527, 16.0,  9.4,  9.4, 65, 65, 9.81,237, 4.1
2026-07-04 23:07:46,-97.4300,35.2065, 756.7, 2533, 15.9,  9.4,  9.4, 65, 65, 9.81,239, 4.1
2026-07-04 23:07:47,-97.4300,35.2065, 756.2, 2538, 15.8,  9.3,  9.3, 65, 65, 9.80,241, 4.2
2026-07-04 23:07:48,-97.4299,35.2065, 755.8, 2543, 15.8,  9.3,  9.3, 65, 65, 9.80,243, 4.3
2026-07-04 23:07:49,-97.4299,35.2065, 755.3, 2549, 15.7,  9.4,  9.4, 66, 66, 9.82,244, 4.3
2026-07-04 23:07:50,-97.4298,35.2066, 754.8, 2554, 15.7,  9.4,  9.4, 66, 66, 9.86,246, 4.4
2026-07-04 23:07:51,-97.4297,35.2066, 754.3, 2560, 15.6,  9.4,  9.4, 67, 67, 9.88,247, 4.5
2026-07-04 23:07:52,-97.4296,35.2066, 753.8, 2566, 15.6,  9.4,  9.4, 67, 67, 9.86,249, 4.6
2026-07-04 23:07:53,-97.4296,35.2066, 753.2, 2573, 15.5,  9.2,  9.2, 66, 66, 9.78,251, 4.7
2026-07-04 23:07:54,-97.4295,35.2066, 752.6, 2579, 15.5,  9.1,  9.1, 66, 66, 9.71,252, 4.8
2026-07-04 23:07:55,-97.4294,35.2066, 752.1, 2585, 15.5,  9.1,  9.1, 66, 66, 9.66,254, 4.8
2026-07-04 23:07:56,-97.4293,35.2066, 751.6, 2590, 15.4,  9.0,  9.0, 65, 65, 9.63,255, 4.9
2026-07-04 23:07:57,-97.4292,35.2066, 751.2, 2595, 15.4,  8.9,  8.9, 65, 65, 9.55,256, 5.0
2026-07-04 23:07:58,-97.4292,35.2066, 750.7, 2600, 15.4,  8.7,  8.7, 64, 64, 9.43,257, 5.1
2026-07-04 23:07:59,-97.4291,35.2067, 750.3, 2605, 15.4,  8.4,  8.4, 63, 63, 9.29,259, 5.2
2026-07-04 23:08:00,-97.4291,35.2067, 749.8, 2611, 15.4,  8.3,  8.3, 62, 62, 9.18,260, 5.2
2026-07-04 23:08:01,-97.4290,35.2067, 749.4, 2616, 15.4,  8.1,  8.1, 62, 62, 9.08,261, 5.3
2026-07-04 23:08:02,-97.4290,35.2067, 748.9, 2621, 15.4,  7.9,  7.9, 61, 61, 8.97,262, 5.3
2026-07-04 23:08:03,-97.4290,35.2067, 748.4, 2626, 15.3,  7.7,  7.7, 60, 60, 8.84,263, 5.4
2026-07-04 23:08:04,-97.4289,35.2067, 748.0, 2632, 15.3,  7.4,  7.4, 59, 59, 8.64,263, 5.4
2026-07-04 23:08:05,-97.4289,35.2067, 747.5, 2638, 15.4,  6.9,  6.9, 57, 57, 8.38,264, 5.4
2026-07-04 23:08:06,-97.4288,35.2067, 747.0, 2643, 15.4,  6.3,  6.3, 54, 54, 8.04,265, 5.5
2026-07-04 23:08:07,-97.4287,35.2067, 746.5, 2649, 15.5,  5.9,  5.9, 53, 53, 7.81,265, 5.5
2026-07-04 23:08:08,-97.4286,35.2067, 746.0, 2655, 15.5,  5.7,  5.7, 52, 52, 7.72,266, 5.5
2026-07-04 23:08:09,-97.4285,35.2067, 745.5, 2660, 15.5,  5.6,  5.6, 52, 52, 7.67,267, 5.5
2026-07-04 23:08:10,-97.4284,35.2067, 745.1, 2665, 15.5,  5.5,  5.5, 51, 51, 7.62,267, 5.5
2026-07-04 23:08:11,-97.4284,35.2067, 744.7, 2669, 15.5,  5.4,  5.4, 51, 51, 7.59,268, 5.5
2026-07-04 23:08:12,-97.4284,35.2067, 744.3, 2674, 15.5,  5.4,  5.4, 51, 51, 7.58,268, 5.5
2026-07-04 23:08:13,-97.4283,35.2066, 743.9, 2679, 15.4,  5.4,  5.4, 51, 51, 7.60,268, 5.5
2026-07-04 23:08:14,-97.4283,35.2066, 743.4, 2684, 15.4,  5.4,  5.4, 51, 51, 7.61,269, 5.5
2026-07-04 23:08:15,-97.4282,35.2066, 742.9, 2689, 15.4,  5.4,  5.4, 52, 52, 7.61,269, 5.4
2026-07-04 23:08:16,-97.4282,35.2067, 742.5, 2694, 15.3,  5.4,  5.4, 52, 52, 7.61,269, 5.4
2026-07-04 23:08:17,-97.4281,35.2067, 742.0, 2700, 15.2,  5.4,  5.4, 52, 52, 7.60,269, 5.4
2026-07-04 23:08:18,-97.4280,35.2067, 741.6, 2705, 15.2,  5.4,  5.4, 52, 52, 7.58,270, 5.4
2026-07-04 23:08:19,-97.4280,35.2067, 741.1, 2710, 15.2,  5.3,  5.3, 52, 52, 7.57,270, 5.4
2026-07-04 23:08:20,-97.4279,35.2067, 740.6, 2716, 15.1,  5.2,  5.2, 52, 52, 7.53,270, 5.3
2026-07-04 23:08:21,-97.4278,35.2067, 740.0, 2722, 15.1,  5.1,  5.1, 51, 51, 7.47,270, 5.3
2026-07-04 23:08:22,-97.4278,35.2067, 739.5, 2728, 15.1,  5.0,  5.0, 51, 51, 7.39,270, 5.3
2026-07-04 23:08:23,-97.4277,35.2067, 739.0, 2735, 15.1,  4.9,  4.9, 50, 50, 7.35,271, 5.3
2026-07-04 23:08:24,-97.4276,35.2067, 738.4, 2741, 15.1,  4.8,  4.8, 50, 50, 7.32,271, 5.3
2026-07-04 23:08:25,-97.4276,35.2067, 737.9, 2746, 15.1,  4.6,  4.6, 49, 49, 7.24,271, 5.3
2026-07-04 23:08:26,-97.4275,35.2067, 737.5, 2752, 15.1,  4.4,  4.4, 49, 49, 7.11,271, 5.3
2026-07-04 23:08:27,-97.4275,35.2067, 737.0, 2757, 15.2,  4.2,  4.2, 48, 48, 7.02,271, 5.3
2026-07-04 23:08:28,-97.4274,35.2068, 736.6, 2762, 15.1,  4.1,  4.1, 47, 47, 6.96,271, 5.3
2026-07-04 23:08:29,-97.4274,35.2068, 736.1, 2767, 15.1,  3.9,  3.9, 47, 47, 6.90,271, 5.3
2026-07-04 23:08:30,-97.4274,35.2068, 735.6, 2773, 15.1,  3.7,  3.7, 46, 46, 6.80,272, 5.3
2026-07-04 23:08:31,-97.4273,35.2068, 735.1, 2779, 15.1,  3.5,  3.5, 46, 46, 6.69,272, 5.4
2026-07-04 23:08:32,-97.4273,35.2067, 734.7, 2784, 15.1,  3.4,  3.4, 46, 46, 6.67,272, 5.4
2026-07-04 23:08:33,-97.4272,35.2067, 734.2, 2789, 15.0,  3.4,  3.4, 46, 46, 6.68,272, 5.4
2026-07-04 23:08:34,-97.4271,35.2067, 733.8, 2794, 15.0,  3.3,  3.3, 45, 45, 6.62,272, 5.5
2026-07-04 23:08:35,-97.4271,35.2067, 733.3, 2800, 15.0,  3.0,  3.0, 45, 45, 6.48,271, 5.5
2026-07-04 23:08:36,-97.4270,35.2066, 732.9, 2805, 15.0,  2.5,  2.5, 43, 43, 6.26,271, 5.5
2026-07-04 23:08:37,-97.4269,35.2066, 732.4, 2810, 15.0,  2.1,  2.1, 42, 42, 6.07,271, 5.6
2026-07-04 23:08:38,-97.4269,35.2066, 731.9, 2816, 15.0,  1.7,  1.7, 41, 41, 5.93,271, 5.6
2026-07-04 23:08:39,-97.4268,35.2066, 731.4, 2822, 15.0,  1.4,  1.4, 40, 40, 5.81,270, 5.7
2026-07-04 23:08:40,-97.4268,35.2066, 730.9, 2828, 15.0,  1.0,  1.0, 39, 39, 5.65,270, 5.7
2026-07-04 23:08:41,-97.4267,35.2066, 730.4, 2834, 15.0,  0.4,  0.4, 37, 37, 5.40,270, 5.7
2026-07-04 23:08:42,-97.4267,35.2066, 729.9, 2839, 15.1, -0.2, -0.1, 35, 35, 5.19,269, 5.8
2026-07-04 23:08:43,-97.4266,35.2066, 729.4, 2845, 15.1, -0.3, -0.3, 35, 35, 5.14,269, 5.8
2026-07-04 23:08:44,-97.4266,35.2067, 728.9, 2850, 15.1, -0.2, -0.2, 35, 35, 5.18,268, 5.9
2026-07-04 23:08:45,-97.4265,35.2067, 728.5, 2856, 15.1, -0.2, -0.2, 35, 35, 5.19,267, 5.9
2026-07-04 23:08:46,-97.4264,35.2067, 728.0, 2861, 15.0, -0.2, -0.2, 35, 35, 5.19,267, 6.0
2026-07-04 23:08:47,-97.4263,35.2067, 727.6, 2866, 15.0, -0.2, -0.2, 35, 35, 5.19,266, 6.0
2026-07-04 23:08:48,-97.4262,35.2067, 727.2, 2870, 14.9, -0.2, -0.2, 36, 36, 5.20,265, 6.0
2026-07-04 23:08:49,-97.4261,35.2067, 726.9, 2874, 14.9, -0.2, -0.2, 36, 36, 5.19,264, 6.1
2026-07-04 23:08:50,-97.4260,35.2067, 726.5, 2879, 14.9, -0.3, -0.3, 35, 35, 5.15,264, 6.1
2026-07-04 23:08:51,-97.4259,35.2067, 726.1, 2884, 14.9, -0.7, -0.6, 34, 34, 5.02,263, 6.1
2026-07-04 23:08:52,-97.4259,35.2067, 725.6, 2889, 14.9, -1.3, -1.1, 33, 33, 4.81,262, 6.2
2026-07-04 23:08:53,-97.4258,35.2067, 725.2, 2894, 14.9, -1.9, -1.7, 31, 31, 4.58,261, 6.2
2026-07-04 23:08:54,-97.4257,35.2067, 724.6, 2900, 14.9, -2.3, -2.0, 31, 31, 4.47,261, 6.2
2026-07-04 23:08:55,-97.4257,35.2067, 724.1, 2906, 14.9, -2.4, -2.1, 30, 30, 4.44,260, 6.3
2026-07-04 23:08:56,-97.4256,35.2067, 723.6, 2913, 14.9, -2.4, -2.1, 30, 30, 4.43,259, 6.3
2026-07-04 23:08:57,-97.4256,35.2067, 723.0, 2919, 14.8, -2.5, -2.2, 30, 30, 4.40,259, 6.3
2026-07-04 23:08:58,-97.4255,35.2067, 722.4, 2927, 14.8, -2.6, -2.4, 30, 30, 4.36,258, 6.4
2026-07-04 23:08:59,-97.4255,35.2067, 721.8, 2934, 14.8, -2.8, -2.5, 30, 30, 4.30,258, 6.4
2026-07-04 23:09:00,-97.4254,35.2067, 721.2, 2940, 14.7, -3.0, -2.7, 29, 29, 4.26,257, 6.4
2026-07-04 23:09:01,-97.4254,35.2068, 720.8, 2946, 14.7, -3.2, -2.8, 29, 29, 4.20,257, 6.4
2026-07-04 23:09:02,-97.4253,35.2068, 720.3, 2951, 14.6, -3.5, -3.1, 28, 28, 4.11,257, 6.4
2026-07-04 23:09:03,-97.4253,35.2068, 719.9, 2956, 14.7, -4.0, -3.5, 27, 27, 3.96,256, 6.5
2026-07-04 23:09:04,-97.4252,35.2068, 719.4, 2961, 14.7, -4.5, -4.0, 26, 26, 3.80,256, 6.5
2026-07-04 23:09:05,-97.4251,35.2069, 719.0, 2966, 14.7, -4.9, -4.3, 25, 25, 3.70,256, 6.5
2026-07-04 23:09:06,-97.4250,35.2069, 718.5, 2972, 14.7, -5.2, -4.6, 25, 25, 3.62,256, 6.5
2026-07-04 23:09:07,-97.4250,35.2070, 718.0, 2978, 14.7, -5.4, -4.8, 25, 25, 3.57,256, 6.5
2026-07-04 23:09:08,-97.4249,35.2070, 717.5, 2984, 14.7, -5.5, -4.9, 24, 24, 3.54,256, 6.5
2026-07-04 23:09:09,-97.4248,35.2070, 716.9, 2991, 14.6, -5.5, -4.9, 24, 24, 3.53,256, 6.4
2026-07-04 23:09:10,-97.4247,35.2070, 716.4, 2997, 14.6, -5.6, -5.0, 24, 24, 3.51,256, 6.4
2026-07-04 23:09:11,-97.4246,35.2070, 715.8, 3003, 14.6, -5.7, -5.1, 24, 24, 3.48,256, 6.4
2026-07-04 23:09:12,-97.4245,35.2070, 715.4, 3009, 14.6, -5.9, -5.3, 24, 24, 3.43,257, 6.4
2026-07-04 23:09:13,-97.4244,35.2070, 714.9, 3015, 14.5, -6.2, -5.5, 23, 23, 3.36,257, 6.3
2026-07-04 23:09:14,-97.4243,35.2070, 714.4, 3020, 14.5, -6.5, -5.8, 23, 23, 3.29,257, 6.3
2026-07-04 23:09:15,-97.4242,35.2070, 714.0, 3025, 14.5, -6.7, -6.0, 22, 22, 3.23,258, 6.2
2026-07-04 23:09:16,-97.4242,35.2071, 713.6, 3030, 14.5, -6.9, -6.1, 22, 22, 3.20,258, 6.1
2026-07-04 23:09:17,-97.4241,35.2071, 713.2, 3035, 14.5, -6.9, -6.2, 22, 22, 3.18,259, 6.1
2026-07-04 23:09:18,-97.4241,35.2071, 712.7, 3040, 14.4, -6.9, -6.1, 22, 22, 3.20,259, 6.0
2026-07-04 23:09:19,-97.4241,35.2071, 712.2, 3046, 14.4, -6.9, -6.1, 22, 22, 3.21,260, 5.9
2026-07-04 23:09:20,-97.4240,35.2071, 711.7, 3052, 14.4, -6.9, -6.2, 22, 22, 3.19,260, 5.8
2026-07-04 23:09:21,-97.4240,35.2071, 711.2, 3058, 14.3, -7.2, -6.4, 22, 22, 3.13,261, 5.7
2026-07-04 23:09:22,-97.4239,35.2071, 710.7, 3064, 14.3, -7.6, -6.8, 21, 21, 3.03,262, 5.6
2026-07-04 23:09:23,-97.4239,35.2071, 710.1, 3071, 14.4, -8.2, -7.3, 20, 20, 2.89,263, 5.5
2026-07-04 23:09:24,-97.4238,35.2071, 709.6, 3078, 14.4, -8.8, -7.8, 19, 19, 2.77,263, 5.4
2026-07-04 23:09:25,-97.4237,35.2071, 708.9, 3085, 14.5, -9.3, -8.2, 18, 18, 2.67,264, 5.3
2026-07-04 23:09:26,-97.4236,35.2071, 708.3, 3093, 14.6, -9.5, -8.5, 18, 18, 2.62,265, 5.2
2026-07-04 23:09:27,-97.4235,35.2072, 707.8, 3099, 14.6, -9.6, -8.5, 18, 18, 2.61,267, 5.1
2026-07-04 23:09:28,-97.4235,35.2072, 707.3, 3105, 14.6, -9.5, -8.4, 18, 18, 2.64,268, 5.0
2026-07-04 23:09:29,-97.4234,35.2072, 706.9, 3110, 14.6, -9.2, -8.2, 18, 18, 2.69,269, 4.9
2026-07-04 23:09:30,-97.4234,35.2072, 706.4, 3115, 14.6, -9.0, -8.1, 19, 19, 2.73,270, 4.9
2026-07-04 23:09:31,-97.4234,35.2072, 706.0, 3120, 14.6, -8.9, -7.9, 19, 19, 2.77,272, 4.8
2026-07-04 23:09:32,-97.4233,35.2072, 705.5, 3126, 14.5, -8.7, -7.7, 19, 19, 2.81,273, 4.7
2026-07-04 23:09:33,-97.4233,35.2072, 704.9, 3133, 14.5, -8.5, -7.6, 19, 19, 2.85,274, 4.7
2026-07-04 23:09:34,-97.4233,35.2072, 704.3, 3141, 14.4, -8.5, -7.6, 20, 20, 2.86,276, 4.6
2026-07-04 23:09:35,-97.4232,35.2071, 703.7, 3148, 14.4, -8.6, -7.6, 20, 20, 2.85,277, 4.6
2026-07-04 23:09:36,-97.4232,35.2071, 703.2, 3154, 14.3, -8.6, -7.7, 20, 20, 2.83,278, 4.6
2026-07-04 23:09:37,-97.4231,35.2071, 702.7, 3160, 14.3, -8.6, -7.7, 20, 20, 2.83,280, 4.6
2026-07-04 23:09:38,-97.4230,35.2071, 702.1, 3166, 14.2, -8.6, -7.6, 20, 20, 2.85,281, 4.6
2026-07-04 23:09:39,-97.4230,35.2071, 701.7, 3172, 14.2, -8.4, -7.4, 20, 20, 2.90,282, 4.6
2026-07-04 23:09:40,-97.4229,35.2071, 701.2, 3178, 14.1, -8.1, -7.2, 21, 21, 2.96,284, 4.6
2026-07-04 23:09:41,-97.4229,35.2071, 700.7, 3184, 14.1, -7.9, -7.0, 21, 21, 3.01,285, 4.7
2026-07-04 23:09:42,-97.4229,35.2071, 700.2, 3189, 14.0, -7.7, -6.9, 21, 21, 3.05,286, 4.7
2026-07-04 23:09:42,-97.4229,35.2071, 700.0, 3192, 14.0, -7.6, -6.7, 22, 22, 3.09,286, 4.7
2026-07-04 23:09:43,-97.4228,35.2071, 699.8, 3195, 14.0, -7.4, -6.6, 22, 22, 3.13,287, 4.8
2026-07-04 23:09:44,-97.4228,35.2071, 699.3, 3201, 14.0, -6.9, -6.1, 23, 23, 3.26,287, 4.9
2026-07-04 23:09:45,-97.4228,35.2070, 698.7, 3208, 13.9, -6.6, -5.8, 24, 24, 3.35,288, 4.9
2026-07-04 23:09:46,-97.4228,35.2070, 698.1, 3215, 13.9, -6.5, -5.7, 24, 24, 3.38,289, 5.0
2026-07-04 23:09:47,-97.4228,35.2070, 697.6, 3221, 13.8, -6.4, -5.7, 24, 24, 3.40,290, 5.1
2026-07-04 23:09:48,-97.4227,35.2070, 697.0, 3228, 13.8, -6.2, -5.5, 24, 24, 3.45,290, 5.2
2026-07-04 23:09:49,-97.4227,35.2069, 696.4, 3235, 13.8, -6.0, -5.4, 25, 25, 3.50,291, 5.2
2026-07-04 23:09:50,-97.4226,35.2069, 695.8, 3243, 13.7, -6.0, -5.3, 25, 25, 3.52,291, 5.3
2026-07-04 23:09:51,-97.4225,35.2069, 695.2, 3250, 13.7, -6.0, -5.3, 25, 25, 3.51,292, 5.4
2026-07-04 23:09:52,-97.4224,35.2068, 694.7, 3256, 13.6, -6.0, -5.4, 25, 25, 3.51,292, 5.4
2026-07-04 23:09:53,-97.4223,35.2068, 694.3, 3261, 13.6, -6.0, -5.4, 25, 25, 3.51,293, 5.5
2026-07-04 23:09:54,-97.4222,35.2068, 693.8, 3267, 13.5, -6.0, -5.3, 25, 25, 3.52,293, 5.5
2026-07-04 23:09:55,-97.4222,35.2067, 693.4, 3272, 13.5, -5.9, -5.3, 25, 25, 3.54,294, 5.6
2026-07-04 23:09:56,-97.4221,35.2067, 693.0, 3277, 13.5, -5.9, -5.3, 25, 25, 3.54,295, 5.6
2026-07-04 23:09:57,-97.4220,35.2067, 692.6, 3282, 13.5, -6.0, -5.3, 25, 25, 3.53,295, 5.6
2026-07-04 23:09:58,-97.4219,35.2067, 692.2, 3286, 13.5, -6.0, -5.3, 25, 25, 3.53,296, 5.7
2026-07-04 23:09:59,-97.4219,35.2067, 691.8, 3291, 13.4, -5.9, -5.3, 26, 26, 3.55,296, 5.7
2026-07-04 23:10:00,-97.4218,35.2067, 691.5, 3296, 13.4, -5.8, -5.2, 26, 26, 3.58,297, 5.7
2026-07-04 23:10:01,-97.4217,35.2067, 691.0, 3301, 13.4, -5.8, -5.1, 26, 26, 3.59,298, 5.7
2026-07-04 23:10:02,-97.4216,35.2067, 690.6, 3306, 13.3, -5.8, -5.1, 26, 26, 3.60,298, 5.7
2026-07-04 23:10:03,-97.4216,35.2067, 690.1, 3312, 13.3, -5.8, -5.1, 26, 26, 3.60,299, 5.7
2026-07-04 23:10:04,-97.4215,35.2067, 689.5, 3319, 13.3, -5.8, -5.2, 26, 26, 3.59,299, 5.7
2026-07-04 23:10:05,-97.4215,35.2067, 689.0, 3325, 13.2, -5.9, -5.2, 26, 26, 3.59,300, 5.7
2026-07-04 23:10:06,-97.4215,35.2066, 688.5, 3331, 13.2, -5.9, -5.2, 26, 26, 3.58,300, 5.7
2026-07-04 23:10:07,-97.4214,35.2066, 688.0, 3337, 13.1, -5.9, -5.2, 26, 26, 3.58,301, 5.7
2026-07-04 23:10:08,-97.4214,35.2065, 687.6, 3343, 13.0, -5.9, -5.2, 26, 26, 3.59,301, 5.7
2026-07-04 23:10:09,-97.4214,35.2064, 687.1, 3348, 13.0, -5.9, -5.2, 26, 26, 3.59,302, 5.7
2026-07-04 23:10:10,-97.4213,35.2064, 686.7, 3354, 12.9, -5.9, -5.3, 26, 26, 3.58,302, 5.7
2026-07-04 23:10:11,-97.4213,35.2064, 686.3, 3359, 12.9, -5.9, -5.3, 26, 26, 3.57,302, 5.7
2026-07-04 23:10:12,-97.4213,35.2063, 685.8, 3365, 12.8, -6.0, -5.3, 26, 26, 3.57,303, 5.7
2026-07-04 23:10:13,-97.4213,35.2063, 685.3, 3371, 12.8, -6.0, -5.3, 27, 27, 3.58,303, 5.7
2026-07-04 23:10:14,-97.4212,35.2062, 684.7, 3378, 12.7, -5.9, -5.3, 27, 27, 3.59,303, 5.8
2026-07-04 23:10:15,-97.4212,35.2062, 684.2, 3384, 12.6, -6.0, -5.3, 27, 27, 3.58,303, 5.8
2026-07-04 23:10:16,-97.4212,35.2062, 683.7, 3390, 12.6, -6.0, -5.3, 27, 27, 3.57,303, 5.8
2026-07-04 23:10:17,-97.4211,35.2061, 683.2, 3396, 12.5, -6.0, -5.4, 27, 27, 3.57,303, 5.9
2026-07-04 23:10:18,-97.4210,35.2061, 682.8, 3401, 12.5, -6.0, -5.3, 27, 27, 3.58,304, 5.9
2026-07-04 23:10:19,-97.4210,35.2061, 682.3, 3407, 12.4, -6.0, -5.3, 27, 27, 3.59,304, 6.0
2026-07-04 23:10:20,-97.4209,35.2061, 681.9, 3412, 12.4, -5.9, -5.3, 27, 27, 3.60,304, 6.1
2026-07-04 23:10:21,-97.4209,35.2061, 681.5, 3418, 12.4, -6.0, -5.3, 27, 27, 3.60,304, 6.1
2026-07-04 23:10:22,-97.4208,35.2061, 681.1, 3423, 12.3, -6.0, -5.3, 27, 27, 3.59,304, 6.2
2026-07-04 23:10:23,-97.4207,35.2061, 680.6, 3428, 12.3, -6.0, -5.3, 27, 27, 3.59,305, 6.3
2026-07-04 23:10:24,-97.4207,35.2061, 680.2, 3434, 12.2, -6.0, -5.4, 27, 27, 3.58,305, 6.4
2026-07-04 23:10:25,-97.4206,35.2061, 679.7, 3440, 12.2, -6.0, -5.4, 27, 27, 3.58,305, 6.5
2026-07-04 23:10:26,-97.4205,35.2061, 679.2, 3445, 12.2, -6.1, -5.4, 27, 27, 3.58,306, 6.6
2026-07-04 23:10:27,-97.4204,35.2060, 678.8, 3451, 12.2, -6.1, -5.4, 27, 27, 3.58,306, 6.7
2026-07-04 23:10:28,-97.4203,35.2060, 678.4, 3456, 12.1, -6.0, -5.4, 28, 28, 3.59,307, 6.9
2026-07-04 23:10:29,-97.4202,35.2059, 677.9, 3461, 12.1, -6.0, -5.4, 28, 28, 3.59,308, 7.0
2026-07-04 23:10:30,-97.4201,35.2059, 677.5, 3466, 12.0, -6.1, -5.4, 28, 28, 3.58,308, 7.1
2026-07-04 23:10:31,-97.4200,35.2058, 677.2, 3471, 12.0, -6.1, -5.5, 28, 28, 3.57,309, 7.2
2026-07-04 23:10:32,-97.4200,35.2058, 676.8, 3476, 11.9, -6.2, -5.5, 28, 28, 3.55,310, 7.4
2026-07-04 23:10:33,-97.4200,35.2057, 676.4, 3481, 11.9, -6.2, -5.5, 28, 28, 3.55,310, 7.5
2026-07-04 23:10:34,-97.4199,35.2057, 675.9, 3486, 11.9, -6.2, -5.5, 28, 28, 3.56,311, 7.6
2026-07-04 23:10:35,-97.4199,35.2056, 675.4, 3492, 11.8, -6.2, -5.5, 28, 28, 3.57,312, 7.8
2026-07-04 23:10:36,-97.4199,35.2055, 675.0, 3498, 11.8, -6.1, -5.5, 28, 28, 3.58,313, 7.9
2026-07-04 23:10:37,-97.4198,35.2055, 674.5, 3504, 11.8, -6.2, -5.5, 28, 28, 3.57,313, 8.0
2026-07-04 23:10:38,-97.4198,35.2054, 674.0, 3510, 11.7, -6.2, -5.5, 28, 28, 3.57,314, 8.2
2026-07-04 23:10:39,-97.4197,35.2054, 673.5, 3516, 11.7, -6.3, -5.6, 28, 28, 3.55,315, 8.3
2026-07-04 23:10:40,-97.4197,35.2054, 673.0, 3522, 11.6, -6.4, -5.7, 28, 28, 3.53,315, 8.4
2026-07-04 23:10:41,-97.4196,35.2053, 672.5, 3529, 11.6, -6.5, -5.7, 28, 28, 3.51,316, 8.5
2026-07-04 23:10:42,-97.4195,35.2053, 672.0, 3535, 11.6, -6.5, -5.8, 28, 28, 3.50,316, 8.7
2026-07-04 23:10:43,-97.4195,35.2052, 671.5, 3541, 11.5, -6.5, -5.7, 28, 28, 3.51,317, 8.8
2026-07-04 23:10:44,-97.4194,35.2051, 671.1, 3546, 11.5, -6.4, -5.7, 28, 28, 3.52,317, 8.8
2026-07-04 23:10:45,-97.4193,35.2051, 670.7, 3550, 11.5, -6.5, -5.7, 28, 28, 3.52,317, 8.9
2026-07-04 23:10:46,-97.4192,35.2050, 670.4, 3555, 11.4, -6.4, -5.7, 28, 28, 3.52,318, 9.0
2026-07-04 23:10:47,-97.4191,35.2049, 670.0, 3559, 11.4, -6.4, -5.7, 28, 28, 3.54,318, 9.0
2026-07-04 23:10:48,-97.4190,35.2048, 669.6, 3564, 11.3, -6.3, -5.6, 28, 28, 3.56,318, 9.1
2026-07-04 23:10:49,-97.4190,35.2048, 669.2, 3570, 11.4, -6.2, -5.5, 29, 29, 3.61,318, 9.1
2026-07-04 23:10:50,-97.4189,35.2047, 668.8, 3575, 11.4, -5.9, -5.3, 29, 29, 3.67,318, 9.1
2026-07-04 23:10:51,-97.4188,35.2046, 668.4, 3580, 11.4, -5.8, -5.1, 30, 30, 3.72,318, 9.1
2026-07-04 23:10:52,-97.4187,35.2045, 668.0, 3584, 11.4, -5.8, -5.1, 30, 30, 3.72,318, 9.1
2026-07-04 23:10:53,-97.4186,35.2045, 667.6, 3589, 11.4, -5.8, -5.1, 30, 30, 3.73,318, 9.1
2026-07-04 23:10:54,-97.4185,35.2044, 667.2, 3594, 11.3, -5.6, -5.0, 30, 30, 3.77,318, 9.0
2026-07-04 23:10:55,-97.4185,35.2043, 666.8, 3600, 11.3, -5.5, -4.9, 30, 30, 3.82,318, 9.0
2026-07-04 23:10:56,-97.4184,35.2042, 666.3, 3605, 11.2, -5.5, -4.8, 31, 31, 3.82,317, 8.9
2026-07-04 23:10:57,-97.4184,35.2041, 665.9, 3611, 11.2, -5.5, -4.9, 31, 31, 3.81,317, 8.9
2026-07-04 23:10:58,-97.4183,35.2041, 665.4, 3617, 11.2, -5.5, -4.9, 31, 31, 3.81,317, 8.8
2026-07-04 23:10:59,-97.4183,35.2040, 664.9, 3623, 11.1, -5.5, -4.8, 31, 31, 3.83,316, 8.7
2026-07-04 23:11:00,-97.4183,35.2040, 664.5, 3629, 11.1, -5.3, -4.7, 31, 31, 3.87,316, 8.7
2026-07-04 23:11:01,-97.4182,35.2039, 664.0, 3635, 11.0, -5.1, -4.5, 32, 32, 3.94,316, 8.6
2026-07-04 23:11:02,-97.4182,35.2039, 663.6, 3640, 11.0, -4.7, -4.2, 33, 33, 4.07,315, 8.5
2026-07-04 23:11:03,-97.4181,35.2039, 663.2, 3645, 10.9, -4.3, -3.8, 34, 34, 4.19,315, 8.4
2026-07-04 23:11:04,-97.4181,35.2039, 662.7, 3650, 10.9, -4.1, -3.7, 35, 35, 4.25,314, 8.3
2026-07-04 23:11:05,-97.4180,35.2038, 662.3, 3655, 10.8, -4.2, -3.7, 35, 35, 4.25,314, 8.2
2026-07-04 23:11:06,-97.4179,35.2038, 661.9, 3661, 10.8, -4.3, -3.8, 35, 35, 4.21,314, 8.1
2026-07-04 23:11:07,-97.4178,35.2038, 661.4, 3667, 10.7, -4.4, -3.9, 34, 34, 4.16,313, 8.1
2026-07-04 23:11:08,-97.4178,35.2037, 660.9, 3673, 10.7, -4.8, -4.2, 33, 33, 4.07,313, 8.0
2026-07-04 23:11:09,-97.4177,35.2037, 660.3, 3681, 10.6, -5.4, -4.8, 32, 32, 3.88,312, 7.9
2026-07-04 23:11:10,-97.4176,35.2036, 659.8, 3687, 10.6, -6.3, -5.6, 30, 30, 3.62,312, 7.8
2026-07-04 23:11:11,-97.4176,35.2035, 659.3, 3694, 10.6, -6.9, -6.1, 28, 28, 3.46,312, 7.7
2026-07-04 23:11:12,-97.4175,35.2035, 658.9, 3699, 10.6, -7.2, -6.4, 28, 28, 3.37,311, 7.6
2026-07-04 23:11:13,-97.4174,35.2034, 658.5, 3704, 10.6, -7.8, -6.9, 27, 27, 3.23,311, 7.5
2026-07-04 23:11:14,-97.4173,35.2034, 658.1, 3709, 10.6, -8.2, -7.3, 26, 26, 3.13,311, 7.4
2026-07-04 23:11:15,-97.4172,35.2033, 657.6, 3715, 10.6, -8.2, -7.3, 26, 26, 3.13,311, 7.3
2026-07-04 23:11:16,-97.4172,35.2033, 657.2, 3721, 10.6, -8.1, -7.2, 26, 26, 3.16,310, 7.3
2026-07-04 23:11:17,-97.4171,35.2033, 656.7, 3727, 10.6, -8.2, -7.3, 26, 26, 3.13,310, 7.2
2026-07-04 23:11:18,-97.4171,35.2032, 656.2, 3733, 10.5, -8.4, -7.5, 26, 26, 3.09,310, 7.1
2026-07-04 23:11:19,-97.4170,35.2032, 655.8, 3738, 10.5, -8.5, -7.6, 25, 25, 3.07,310, 7.0
2026-07-04 23:11:20,-97.4170,35.2031, 655.3, 3744, 10.4, -8.5, -7.6, 26, 26, 3.07,310, 6.9
2026-07-04 23:11:21,-97.4169,35.2031, 655.0, 3749, 10.4, -8.5, -7.5, 26, 26, 3.08,310, 6.8
2026-07-04 23:11:22,-97.4168,35.2031, 654.6, 3753, 10.3, -8.4, -7.5, 26, 26, 3.09,310, 6.7
2026-07-04 23:11:23,-97.4168,35.2031, 654.2, 3758, 10.3, -8.4, -7.5, 26, 26, 3.10,310, 6.6
2026-07-04 23:11:24,-97.4167,35.2030, 653.8, 3763, 10.2, -8.3, -7.4, 26, 26, 3.13,310, 6.5
2026-07-04 23:11:25,-97.4167,35.2030, 653.3, 3769, 10.2, -8.1, -7.2, 27, 27, 3.17,310, 6.4
2026-07-04 23:11:26,-97.4166,35.2030, 652.8, 3776, 10.1, -7.8, -7.0, 27, 27, 3.25,310, 6.3
2026-07-04 23:11:27,-97.4166,35.2030, 652.3, 3782, 10.1, -7.3, -6.5, 29, 29, 3.39,310, 6.2
2026-07-04 23:11:28,-97.4165,35.2029, 651.9, 3788, 10.0, -6.9, -6.1, 30, 30, 3.50,310, 6.1
2026-07-04 23:11:29,-97.4165,35.2028, 651.5, 3793, 10.0, -6.9, -6.1, 30, 30, 3.50,310, 6.1
2026-07-04 23:11:30,-97.4164,35.2028, 651.1, 3798, 10.0, -7.0, -6.3, 29, 29, 3.46,310, 6.0
2026-07-04 23:11:31,-97.4164,35.2027, 650.6, 3804,  9.9, -7.0, -6.2, 30, 30, 3.48,310, 5.9
2026-07-04 23:11:32,-97.4164,35.2027, 650.2, 3809,  9.9, -6.7, -6.0, 30, 30, 3.56,310, 5.8
2026-07-04 23:11:33,-97.4163,35.2027, 649.8, 3815,  9.8, -6.5, -5.8, 31, 31, 3.63,310, 5.8
2026-07-04 23:11:34,-97.4163,35.2027, 649.3, 3820,  9.8, -6.5, -5.8, 31, 31, 3.63,309, 5.7
2026-07-04 23:11:35,-97.4162,35.2026, 648.9, 3826,  9.8, -6.5, -5.8, 31, 31, 3.61,309, 5.7
2026-07-04 23:11:36,-97.4162,35.2026, 648.5, 3831,  9.7, -6.6, -5.9, 31, 31, 3.60,309, 5.6
2026-07-04 23:11:37,-97.4161,35.2026, 648.0, 3837,  9.7, -6.7, -5.9, 31, 31, 3.59,309, 5.5
2026-07-04 23:11:38,-97.4161,35.2026, 647.5, 3844,  9.6, -6.8, -6.0, 31, 31, 3.55,309, 5.5
2026-07-04 23:11:39,-97.4160,35.2026, 646.9, 3851,  9.6, -6.9, -6.1, 31, 31, 3.52,309, 5.5
2026-07-04 23:11:40,-97.4160,35.2025, 646.4, 3858,  9.6, -7.0, -6.2, 30, 30, 3.50,308, 5.4
2026-07-04 23:11:41,-97.4160,35.2025, 645.9, 3864,  9.5, -7.2, -6.4, 30, 30, 3.46,308, 5.4
2026-07-04 23:11:42,-97.4160,35.2025, 645.5, 3869,  9.5, -7.5, -6.7, 29, 29, 3.37,308, 5.4
2026-07-04 23:11:43,-97.4159,35.2024, 645.1, 3874,  9.5, -8.3, -7.3, 28, 28, 3.18,308, 5.3
2026-07-04 23:11:44,-97.4158,35.2024, 644.7, 3879,  9.6, -9.7, -8.6, 25, 25, 2.85,307, 5.3
2026-07-04 23:11:45,-97.4157,35.2024, 644.3, 3885,  9.8,-11.5,-10.3, 21, 21, 2.46,307, 5.3
2026-07-04 23:11:46,-97.4157,35.2024, 643.9, 3890, 10.0,-12.6,-11.3, 19, 19, 2.25,307, 5.2
2026-07-04 23:11:47,-97.4156,35.2023, 643.6, 3895, 10.0,-12.6,-11.3, 19, 19, 2.25,306, 5.2
2026-07-04 23:11:48,-97.4156,35.2023, 643.2, 3899, 10.0,-12.4,-11.1, 19, 19, 2.29,306, 5.2
2026-07-04 23:11:49,-97.4155,35.2022, 642.8, 3904, 10.0,-12.3,-11.0, 19, 19, 2.31,306, 5.2
2026-07-04 23:11:50,-97.4155,35.2022, 642.4, 3910, 10.0,-12.3,-11.0, 19, 19, 2.32,306, 5.1
2026-07-04 23:11:51,-97.4155,35.2021, 642.0, 3915,  9.9,-12.3,-10.9, 20, 20, 2.33,305, 5.1
2026-07-04 23:11:52,-97.4154,35.2021, 641.5, 3921,  9.9,-12.3,-11.0, 20, 20, 2.32,305, 5.1
2026-07-04 23:11:53,-97.4154,35.2021, 641.1, 3927,  9.8,-12.4,-11.0, 20, 20, 2.31,305, 5.1
2026-07-04 23:11:54,-97.4154,35.2021, 640.7, 3932,  9.8,-12.5,-11.1, 19, 19, 2.29,304, 5.1
2026-07-04 23:11:55,-97.4153,35.2021, 640.3, 3937,  9.8,-12.5,-11.2, 19, 19, 2.28,304, 5.0
2026-07-04 23:11:56,-97.4153,35.2021, 639.9, 3942,  9.8,-12.5,-11.2, 19, 19, 2.28,304, 5.0
2026-07-04 23:11:57,-97.4152,35.2021, 639.5, 3946,  9.7,-12.5,-11.2, 19, 19, 2.28,304, 5.0
2026-07-04 23:11:58,-97.4151,35.2021, 639.2, 3951,  9.7,-12.6,-11.2, 19, 19, 2.28,303, 5.0
2026-07-04 23:11:59,-97.4151,35.2021, 638.8, 3956,  9.6,-12.6,-11.3, 19, 19, 2.27,303, 5.0
2026-07-04 23:12:00,-97.4150,35.2020, 638.4, 3961,  9.6,-12.7,-11.3, 19, 19, 2.26,303, 5.0
2026-07-04 23:12:01,-97.4150,35.2020, 638.0, 3967,  9.6,-12.7,-11.4, 19, 19, 2.25,303, 5.1
2026-07-04 23:12:02,-97.4149,35.2020, 637.6, 3972,  9.5,-12.8,-11.4, 19, 19, 2.25,303, 5.1
2026-07-04 23:12:03,-97.4149,35.2019, 637.1, 3978,  9.5,-12.8,-11.4, 19, 19, 2.24,303, 5.1
2026-07-04 23:12:04,-97.4149,35.2019, 636.7, 3983,  9.4,-12.9,-11.5, 19, 19, 2.23,303, 5.1
2026-07-04 23:12:05,-97.4148,35.2018, 636.3, 3988,  9.4,-13.0,-11.6, 19, 19, 2.21,303, 5.2
2026-07-04 23:12:06,-97.4148,35.2018, 635.9, 3993,  9.3,-13.0,-11.6, 19, 19, 2.20,304, 5.2
2026-07-04 23:12:07,-97.4148,35.2018, 635.5, 3999,  9.3,-13.1,-11.7, 19, 19, 2.20,304, 5.3
2026-07-04 23:12:08,-97.4148,35.2018, 635.1, 4005,  9.2,-13.1,-11.7, 19, 19, 2.19,304, 5.3
2026-07-04 23:12:09,-97.4147,35.2018, 634.6, 4010,  9.2,-13.2,-11.8, 19, 19, 2.18,305, 5.4
2026-07-04 23:12:10,-97.4147,35.2018, 634.2, 4016,  9.1,-13.3,-11.9, 19, 19, 2.16,305, 5.4
2026-07-04 23:12:11,-97.4146,35.2017, 633.8, 4021,  9.1,-13.5,-12.1, 19, 19, 2.12,306, 5.5
2026-07-04 23:12:12,-97.4145,35.2017, 633.4, 4027,  9.1,-13.8,-12.3, 18, 18, 2.09,306, 5.5
2026-07-04 23:12:13,-97.4144,35.2017, 632.9, 4032,  9.0,-13.9,-12.4, 18, 18, 2.07,307, 5.6
2026-07-04 23:12:14,-97.4144,35.2017, 632.5, 4038,  9.0,-13.9,-12.4, 18, 18, 2.07,307, 5.6
2026-07-04 23:12:15,-97.4143,35.2017, 632.1, 4043,  8.9,-13.9,-12.4, 18, 18, 2.07,308, 5.7
2026-07-04 23:12:16,-97.4143,35.2016, 631.7, 4049,  8.9,-13.9,-12.4, 18, 18, 2.07,309, 5.7
2026-07-04 23:12:17,-97.4143,35.2016, 631.2, 4055,  8.8,-13.9,-12.4, 18, 18, 2.06,309, 5.8
2026-07-04 23:12:18,-97.4142,35.2016, 630.8, 4061,  8.7,-14.0,-12.5, 18, 18, 2.06,310, 5.8
2026-07-04 23:12:19,-97.4142,35.2015, 630.3, 4067,  8.7,-14.0,-12.5, 18, 18, 2.05,311, 5.8
2026-07-04 23:12:20,-97.4141,35.2015, 629.8, 4073,  8.6,-14.1,-12.6, 18, 18, 2.04,312, 5.8
2026-07-04 23:12:21,-97.4140,35.2014, 629.4, 4079,  8.5,-14.1,-12.6, 18, 18, 2.04,312, 5.9
2026-07-04 23:12:22,-97.4139,35.2014, 628.9, 4085,  8.5,-14.2,-12.6, 18, 18, 2.03,313, 5.8
2026-07-04 23:12:23,-97.4139,35.2013, 628.5, 4091,  8.4,-14.1,-12.6, 19, 19, 2.04,314, 5.8
2026-07-04 23:12:24,-97.4138,35.2013, 628.1, 4096,  8.4,-14.1,-12.6, 19, 19, 2.04,315, 5.8
2026-07-04 23:12:25,-97.4137,35.2012, 627.6, 4102,  8.3,-14.1,-12.6, 19, 19, 2.04,316, 5.8
2026-07-04 23:12:26,-97.4137,35.2012, 627.2, 4108,  8.3,-14.2,-12.7, 19, 19, 2.04,316, 5.7
2026-07-04 23:12:27,-97.4137,35.2011, 626.8, 4113,  8.2,-14.1,-12.6, 19, 19, 2.04,317, 5.7
2026-07-04 23:12:28,-97.4137,35.2010, 626.3, 4120,  8.2,-14.1,-12.6, 19, 19, 2.05,318, 5.6
2026-07-04 23:12:29,-97.4137,35.2010, 625.7, 4127,  8.1,-14.1,-12.6, 19, 19, 2.05,319, 5.6
2026-07-04 23:12:30,-97.4136,35.2009, 625.2, 4134,  8.0,-14.2,-12.6, 19, 19, 2.05,319, 5.5
2026-07-04 23:12:31,-97.4136,35.2009, 624.7, 4141,  8.0,-14.2,-12.7, 19, 19, 2.04,320, 5.4
2026-07-04 23:12:32,-97.4136,35.2009, 624.2, 4147,  7.9,-14.3,-12.8, 19, 19, 2.03,320, 5.3
2026-07-04 23:12:33,-97.4135,35.2009, 623.8, 4152,  7.9,-14.3,-12.8, 19, 19, 2.02,321, 5.2
2026-07-04 23:12:34,-97.4135,35.2009, 623.4, 4157,  7.8,-14.4,-12.8, 19, 19, 2.01,321, 5.2
2026-07-04 23:12:35,-97.4135,35.2008, 623.1, 4162,  7.8,-14.4,-12.9, 19, 19, 2.01,321, 5.1
2026-07-04 23:12:36,-97.4134,35.2008, 622.7, 4167,  7.7,-14.5,-13.0, 19, 19, 1.99,321, 5.0
2026-07-04 23:12:37,-97.4134,35.2007, 622.3, 4172,  7.7,-14.7,-13.2, 19, 19, 1.96,321, 4.9
2026-07-04 23:12:38,-97.4134,35.2007, 621.9, 4177,  7.7,-14.9,-13.3, 18, 18, 1.94,321, 4.8
2026-07-04 23:12:39,-97.4134,35.2007, 621.5, 4183,  7.6,-15.0,-13.4, 18, 18, 1.92,321, 4.8
2026-07-04 23:12:40,-97.4133,35.2006, 621.0, 4190,  7.5,-15.0,-13.5, 18, 18, 1.91,321, 4.7
2026-07-04 23:12:41,-97.4133,35.2006, 620.4, 4197,  7.5,-15.1,-13.5, 18, 18, 1.90,321, 4.7
2026-07-04 23:12:42,-97.4133,35.2006, 619.9, 4204,  7.4,-15.2,-13.6, 18, 18, 1.89,320, 4.6
2026-07-04 23:12:43,-97.4132,35.2005, 619.4, 4210,  7.4,-15.3,-13.7, 18, 18, 1.88,320, 4.6
2026-07-04 23:12:44,-97.4132,35.2005, 619.0, 4216,  7.3,-15.3,-13.7, 18, 18, 1.87,319, 4.6
2026-07-04 23:12:45,-97.4132,35.2005, 618.6, 4221,  7.3,-15.4,-13.8, 18, 18, 1.86,318, 4.6
2026-07-04 23:12:46,-97.4132,35.2004, 618.2, 4226,  7.2,-15.5,-13.8, 18, 18, 1.86,318, 4.7
2026-07-04 23:12:47,-97.4132,35.2004, 617.8, 4231,  7.2,-15.5,-13.8, 18, 18, 1.86,317, 4.7
2026-07-04 23:12:48,-97.4132,35.2004, 617.5, 4236,  7.1,-15.5,-13.8, 18, 18, 1.86,316, 4.8
2026-07-04 23:12:49,-97.4132,35.2004, 617.2, 4240,  7.1,-15.5,-13.9, 18, 18, 1.85,316, 4.9
2026-07-04 23:12:50,-97.4131,35.2004, 616.8, 4245,  7.0,-15.6,-13.9, 18, 18, 1.85,315, 5.0
2026-07-04 23:12:51,-97.4131,35.2004, 616.5, 4249,  7.0,-15.6,-14.0, 18, 18, 1.84,314, 5.1
2026-07-04 23:12:52,-97.4131,35.2003, 616.1, 4255,  6.9,-15.6,-14.0, 18, 18, 1.84,314, 5.3
2026-07-04 23:12:53,-97.4130,35.2003, 615.6, 4261,  6.9,-15.6,-13.9, 18, 18, 1.85,314, 5.4
2026-07-04 23:12:54,-97.4130,35.2003, 615.1, 4268,  6.8,-15.5,-13.9, 19, 19, 1.85,313, 5.6
2026-07-04 23:12:55,-97.4129,35.2003, 614.5, 4276,  6.7,-15.6,-13.9, 19, 19, 1.85,313, 5.7
2026-07-04 23:12:56,-97.4128,35.2003, 613.9, 4284,  6.7,-15.7,-14.0, 19, 19, 1.84,313, 5.9
2026-07-04 23:12:57,-97.4128,35.2002, 613.4, 4290,  6.6,-15.8,-14.1, 18, 18, 1.82,313, 6.1
2026-07-04 23:12:58,-97.4127,35.2002, 613.0, 4296,  6.6,-15.8,-14.2, 18, 18, 1.82,312, 6.2
2026-07-04 23:12:59,-97.4126,35.2002, 612.7, 4300,  6.5,-15.9,-14.2, 18, 18, 1.81,312, 6.4
2026-07-04 23:13:00,-97.4126,35.2001, 612.3, 4305,  6.5,-15.9,-14.2, 18, 18, 1.81,312, 6.6
2026-07-04 23:13:01,-97.4125,35.2001, 611.9, 4310,  6.4,-16.0,-14.3, 18, 18, 1.80,313, 6.8
2026-07-04 23:13:02,-97.4124,35.2000, 611.5, 4316,  6.4,-16.0,-14.3, 18, 18, 1.79,313, 6.9
2026-07-04 23:13:03,-97.4124,35.1999, 611.1, 4321,  6.3,-16.1,-14.4, 18, 18, 1.78,313, 7.1
2026-07-04 23:13:04,-97.4123,35.1999, 610.7, 4327,  6.3,-16.2,-14.5, 18, 18, 1.77,313, 7.2
2026-07-04 23:13:05,-97.4123,35.1998, 610.3, 4332,  6.2,-16.2,-14.5, 18, 18, 1.77,313, 7.4
2026-07-04 23:13:06,-97.4122,35.1997, 609.9, 4338,  6.2,-16.2,-14.5, 18, 18, 1.77,314, 7.5
2026-07-04 23:13:07,-97.4121,35.1997, 609.5, 4343,  6.1,-16.2,-14.5, 18, 18, 1.77,314, 7.6
2026-07-04 23:13:08,-97.4121,35.1996, 609.1, 4349,  6.1,-16.2,-14.5, 18, 18, 1.77,314, 7.7
2026-07-04 23:13:09,-97.4120,35.1995, 608.7, 4354,  6.0,-16.3,-14.6, 18, 18, 1.76,315, 7.8
2026-07-04 23:13:10,-97.4120,35.1995, 608.3, 4359,  6.0,-16.4,-14.6, 18, 18, 1.75,315, 7.9
2026-07-04 23:13:11,-97.4119,35.1995, 608.0, 4363,  5.9,-16.5,-14.7, 18, 18, 1.74,316, 7.9
2026-07-04 23:13:12,-97.4118,35.1994, 607.6, 4368,  5.9,-16.6,-14.9, 18, 18, 1.72,316, 8.0
2026-07-04 23:13:13,-97.4117,35.1994, 607.3, 4372,  5.9,-16.9,-15.2, 18, 18, 1.67,317, 8.0
2026-07-04 23:13:14,-97.4116,35.1993, 606.9, 4378,  5.8,-17.2,-15.4, 17, 17, 1.64,318, 8.0
2026-07-04 23:13:15,-97.4115,35.1993, 606.5, 4383,  5.8,-17.2,-15.4, 17, 17, 1.64,318, 8.0
2026-07-04 23:13:16,-97.4114,35.1992, 606.1, 4388,  5.8,-17.2,-15.4, 17, 17, 1.64,319, 8.1
2026-07-04 23:13:17,-97.4114,35.1992, 605.8, 4393,  5.7,-17.2,-15.4, 17, 17, 1.64,320, 8.0
2026-07-04 23:13:18,-97.4113,35.1991, 605.5, 4397,  5.7,-17.2,-15.4, 17, 17, 1.64,320, 8.0
2026-07-04 23:13:19,-97.4113,35.1990, 605.2, 4401,  5.6,-17.2,-15.4, 17, 17, 1.64,321, 8.0
2026-07-04 23:13:20,-97.4113,35.1990, 604.9, 4405,  5.6,-17.2,-15.4, 17, 17, 1.64,322, 8.0
2026-07-04 23:13:21,-97.4113,35.1989, 604.5, 4410,  5.5,-17.2,-15.4, 18, 18, 1.64,323, 8.0
2026-07-04 23:13:22,-97.4113,35.1988, 604.1, 4416,  5.5,-17.2,-15.4, 18, 18, 1.64,324, 8.0
2026-07-04 23:13:23,-97.4112,35.1988, 603.6, 4423,  5.4,-17.2,-15.4, 18, 18, 1.64,325, 8.0
2026-07-04 23:13:24,-97.4111,35.1987, 603.1, 4429,  5.4,-17.3,-15.5, 18, 18, 1.64,326, 8.0
2026-07-04 23:13:25,-97.4111,35.1987, 602.6, 4436,  5.3,-17.3,-15.5, 18, 18, 1.63,327, 8.0
2026-07-04 23:13:26,-97.4110,35.1986, 602.1, 4443,  5.2,-17.4,-15.6, 18, 18, 1.62,327, 8.0
2026-07-04 23:13:27,-97.4109,35.1986, 601.6, 4449,  5.2,-17.4,-15.6, 18, 18, 1.62,328, 8.0
2026-07-04 23:13:28,-97.4108,35.1986, 601.1, 4456,  5.1,-17.5,-15.7, 18, 18, 1.60,329, 8.1
2026-07-04 23:13:29,-97.4108,35.1985, 600.7, 4462,  5.1,-17.7,-15.9, 17, 17, 1.58,330, 8.1
2026-07-04 23:13:30,-97.4107,35.1984, 600.2, 4468,  5.0,-17.8,-16.0, 17, 17, 1.57,331, 8.1
2026-07-04 23:13:31,-97.4107,35.1984, 599.8, 4474,  5.0,-18.0,-16.1, 17, 17, 1.55,331, 8.2
2026-07-04 23:13:32,-97.4107,35.1983, 599.3, 4480,  4.9,-18.1,-16.3, 17, 17, 1.53,332, 8.3
2026-07-04 23:13:33,-97.4107,35.1983, 598.9, 4486,  4.9,-18.2,-16.4, 17, 17, 1.52,333, 8.3
2026-07-04 23:13:34,-97.4107,35.1982, 598.5, 4491,  4.9,-18.3,-16.4, 17, 17, 1.52,333, 8.4
2026-07-04 23:13:35,-97.4107,35.1981, 598.2, 4496,  4.8,-18.2,-16.3, 17, 17, 1.52,333, 8.5
2026-07-04 23:13:36,-97.4107,35.1980, 597.9, 4499,  4.8,-18.2,-16.3, 17, 17, 1.52,334, 8.6
2026-07-04 23:13:37,-97.4107,35.1979, 597.7, 4502,  4.8,-18.2,-16.3, 17, 17, 1.53,334, 8.7
2026-07-04 23:13:38,-97.4107,35.1979, 597.5, 4505,  4.7,-18.1,-16.3, 17, 17, 1.53,334, 8.7
2026-07-04 23:13:39,-97.4106,35.1978, 597.2, 4509,  4.7,-18.1,-16.2, 17, 17, 1.54,334, 8.8
2026-07-04 23:13:40,-97.4106,35.1977, 596.9, 4513,  4.6,-18.2,-16.3, 17, 17, 1.53,334, 8.9
2026-07-04 23:13:41,-97.4105,35.1976, 596.5, 4518,  4.6,-18.4,-16.5, 17, 17, 1.50,334, 9.0
2026-07-04 23:13:42,-97.4105,35.1976, 596.1, 4524,  4.5,-18.8,-16.9, 16, 16, 1.45,334, 9.0
2026-07-04 23:13:43,-97.4104,35.1975, 595.8, 4529,  4.5,-19.3,-17.3, 16, 16, 1.40,333, 9.1
2026-07-04 23:13:44,-97.4103,35.1974, 595.4, 4534,  4.5,-19.5,-17.5, 16, 16, 1.37,333, 9.1
2026-07-04 23:13:45,-97.4103,35.1973, 595.1, 4538,  4.5,-19.6,-17.5, 15, 15, 1.37,333, 9.2
2026-07-04 23:13:46,-97.4102,35.1972, 594.8, 4542,  4.5,-19.6,-17.6, 15, 15, 1.36,332, 9.2
2026-07-04 23:13:47,-97.4102,35.1971, 594.4, 4547,  4.4,-19.7,-17.7, 15, 15, 1.35,332, 9.2
2026-07-04 23:13:48,-97.4101,35.1971, 594.1, 4552,  4.4,-19.7,-17.7, 15, 15, 1.35,332, 9.2
2026-07-04 23:13:49,-97.4101,35.1970, 593.7, 4557,  4.3,-19.8,-17.7, 15, 15, 1.34,331, 9.2
2026-07-04 23:13:50,-97.4100,35.1969, 593.2, 4564,  4.3,-19.8,-17.8, 15, 15, 1.34,331, 9.2
2026-07-04 23:13:51,-97.4099,35.1969, 592.8, 4570,  4.2,-19.8,-17.8, 15, 15, 1.34,330, 9.1
2026-07-04 23:13:52,-97.4099,35.1968, 592.4, 4575,  4.2,-19.8,-17.8, 16, 16, 1.35,330, 9.1
2026-07-04 23:13:53,-97.4098,35.1967, 592.1, 4579,  4.2,-19.8,-17.8, 16, 16, 1.34,329, 9.1
2026-07-04 23:13:54,-97.4097,35.1966, 591.8, 4583,  4.1,-19.8,-17.8, 16, 16, 1.34,329, 9.0
2026-07-04 23:13:55,-97.4097,35.1965, 591.5, 4587,  4.1,-19.8,-17.8, 16, 16, 1.34,328, 8.9
2026-07-04 23:13:56,-97.4096,35.1964, 591.2, 4591,  4.1,-19.8,-17.8, 16, 16, 1.34,328, 8.9
2026-07-04 23:13:57,-97.4096,35.1963, 590.9, 4595,  4.0,-19.8,-17.8, 16, 16, 1.34,328, 8.8
2026-07-04 23:13:58,-97.4095,35.1963, 590.6, 4600,  4.0,-19.9,-17.8, 16, 16, 1.34,328, 8.7
2026-07-04 23:13:59,-97.4095,35.1962, 590.2, 4605,  3.9,-19.9,-17.9, 16, 16, 1.34,327, 8.7
2026-07-04 23:14:00,-97.4094,35.1962, 589.8, 4610,  3.9,-19.9,-17.9, 16, 16, 1.33,327, 8.6
2026-07-04 23:14:01,-97.4094,35.1961, 589.4, 4616,  3.8,-19.9,-17.9, 16, 16, 1.33,327, 8.5
2026-07-04 23:14:02,-97.4094,35.1961, 589.0, 4622,  3.7,-19.9,-17.9, 16, 16, 1.33,327, 8.4
2026-07-04 23:14:03,-97.4093,35.1961, 588.5, 4628,  3.7,-20.0,-17.9, 16, 16, 1.33,327, 8.4
2026-07-04 23:14:04,-97.4093,35.1960, 588.2, 4633,  3.7,-20.0,-18.0, 16, 16, 1.33,327, 8.3
2026-07-04 23:14:05,-97.4092,35.1960, 587.9, 4637,  3.6,-20.1,-18.0, 16, 16, 1.32,327, 8.2
2026-07-04 23:14:06,-97.4092,35.1960, 587.6, 4641,  3.6,-20.1,-18.0, 16, 16, 1.32,327, 8.2
2026-07-04 23:14:07,-97.4091,35.1959, 587.2, 4646,  3.5,-20.1,-18.0, 16, 16, 1.32,327, 8.1
2026-07-04 23:14:08,-97.4091,35.1959, 586.9, 4651,  3.5,-20.1,-18.0, 16, 16, 1.32,327, 8.0
2026-07-04 23:14:09,-97.4090,35.1958, 586.5, 4656,  3.4,-20.1,-18.1, 16, 16, 1.32,328, 8.0
2026-07-04 23:14:10,-97.4089,35.1958, 586.1, 4661,  3.4,-20.2,-18.2, 16, 16, 1.31,328, 7.9
2026-07-04 23:14:11,-97.4089,35.1957, 585.7, 4667,  3.3,-20.3,-18.2, 16, 16, 1.30,328, 7.9
2026-07-04 23:14:12,-97.4088,35.1956, 585.3, 4673,  3.3,-20.4,-18.3, 16, 16, 1.29,328, 7.9
2026-07-04 23:14:13,-97.4087,35.1955, 584.8, 4679,  3.2,-20.5,-18.4, 16, 16, 1.28,329, 7.9
2026-07-04 23:14:14,-97.4087,35.1955, 584.4, 4685,  3.2,-20.6,-18.5, 16, 16, 1.27,329, 7.8
2026-07-04 23:14:15,-97.4087,35.1954, 584.0, 4691,  3.1,-20.6,-18.5, 16, 16, 1.27,329, 7.8
2026-07-04 23:14:16,-97.4086,35.1953, 583.6, 4696,  3.1,-20.7,-18.6, 16, 16, 1.26,329, 7.8
2026-07-04 23:14:17,-97.4086,35.1952, 583.4, 4699,  3.1,-20.7,-18.6, 16, 16, 1.26,330, 7.8
2026-07-04 23:14:18,-97.4086,35.1951, 583.1, 4703,  3.0,-20.7,-18.6, 16, 16, 1.26,330, 7.9
2026-07-04 23:14:19,-97.4086,35.1951, 582.8, 4707,  3.0,-20.7,-18.6, 16, 16, 1.27,330, 7.9
2026-07-04 23:14:20,-97.4086,35.1950, 582.5, 4711,  2.9,-20.6,-18.5, 16, 16, 1.27,330, 7.9
2026-07-04 23:14:21,-97.4085,35.1949, 582.2, 4716,  2.9,-20.6,-18.5, 16, 16, 1.27,330, 7.9
2026-07-04 23:14:22,-97.4085,35.1949, 581.8, 4721,  2.8,-20.6,-18.5, 16, 16, 1.27,330, 8.0
2026-07-04 23:14:23,-97.4084,35.1948, 581.4, 4727,  2.8,-20.6,-18.5, 16, 16, 1.27,331, 8.0
2026-07-04 23:14:24,-97.4084,35.1948, 581.0, 4732,  2.7,-20.6,-18.5, 16, 16, 1.28,331, 8.0
2026-07-04 23:14:25,-97.4083,35.1947, 580.6, 4738,  2.7,-20.6,-18.5, 16, 16, 1.28,331, 8.1
2026-07-04 23:14:26,-97.4083,35.1947, 580.2, 4743,  2.6,-20.5,-18.4, 16, 16, 1.29,331, 8.1
2026-07-04 23:14:27,-97.4083,35.1947, 579.9, 4748,  2.6,-20.5,-18.4, 16, 16, 1.29,331, 8.1
2026-07-04 23:14:28,-97.4083,35.1947, 579.5, 4753,  2.5,-20.5,-18.4, 16, 16, 1.29,331, 8.2
2026-07-04 23:14:29,-97.4082,35.1946, 579.1, 4759,  2.5,-20.5,-18.4, 17, 17, 1.30,331, 8.2
2026-07-04 23:14:30,-97.4082,35.1945, 578.7, 4765,  2.4,-20.5,-18.4, 17, 17, 1.29,331, 8.3
2026-07-04 23:14:31,-97.4081,35.1945, 578.3, 4770,  2.3,-20.5,-18.5, 17, 17, 1.29,331, 8.3
2026-07-04 23:14:32,-97.4081,35.1944, 577.9, 4776,  2.3,-20.6,-18.5, 17, 17, 1.29,331, 8.3
2026-07-04 23:14:33,-97.4080,35.1943, 577.5, 4781,  2.2,-20.6,-18.5, 17, 17, 1.29,332, 8.4
2026-07-04 23:14:34,-97.4079,35.1943, 577.1, 4786,  2.2,-20.5,-18.4, 17, 17, 1.29,332, 8.4
2026-07-04 23:14:35,-97.4078,35.1942, 576.8, 4791,  2.1,-20.5,-18.4, 17, 17, 1.30,332, 8.4
2026-07-04 23:14:36,-97.4078,35.1941, 576.4, 4796,  2.1,-20.5,-18.4, 17, 17, 1.30,332, 8.4
2026-07-04 23:14:37,-97.4077,35.1940, 576.1, 4801,  2.1,-20.5,-18.4, 17, 17, 1.30,332, 8.4
2026-07-04 23:14:38,-97.4076,35.1939, 575.8, 4805,  2.0,-20.5,-18.4, 17, 17, 1.30,332, 8.4
2026-07-04 23:14:39,-97.4076,35.1938, 575.5, 4809,  2.0,-20.5,-18.4, 17, 17, 1.30,332, 8.4
2026-07-04 23:14:40,-97.4075,35.1937, 575.2, 4813,  1.9,-20.5,-18.4, 17, 17, 1.30,333, 8.4
2026-07-04 23:14:41,-97.4075,35.1936, 574.9, 4818,  1.9,-20.5,-18.4, 17, 17, 1.30,333, 8.4
2026-07-04 23:14:42,-97.4074,35.1935, 574.5, 4823,  1.8,-20.5,-18.4, 17, 17, 1.31,333, 8.4
2026-07-04 23:14:43,-97.4074,35.1935, 574.1, 4829,  1.8,-20.4,-18.3, 17, 17, 1.32,333, 8.3
2026-07-04 23:14:44,-97.4074,35.1934, 573.7, 4834,  1.7,-20.2,-18.2, 18, 18, 1.34,333, 8.3
2026-07-04 23:14:45,-97.4074,35.1933, 573.3, 4840,  1.7,-19.9,-17.9, 18, 18, 1.38,333, 8.3
2026-07-04 23:14:46,-97.4074,35.1933, 572.9, 4846,  1.6,-19.3,-17.3, 19, 19, 1.45,333, 8.2
2026-07-04 23:14:47,-97.4074,35.1932, 572.4, 4852,  1.6,-18.7,-16.8, 21, 21, 1.53,334, 8.2
2026-07-04 23:14:48,-97.4074,35.1932, 572.0, 4858,  1.5,-18.4,-16.5, 21, 21, 1.57,334, 8.1
2026-07-04 23:14:49,-97.4074,35.1931, 571.6, 4864,  1.5,-18.3,-16.4, 21, 21, 1.58,334, 8.1
2026-07-04 23:14:50,-97.4073,35.1930, 571.2, 4870,  1.4,-18.4,-16.5, 21, 21, 1.56,334, 8.1
2026-07-04 23:14:51,-97.4073,35.1930, 570.9, 4874,  1.4,-18.5,-16.6, 21, 21, 1.55,334, 8.0
2026-07-04 23:14:52,-97.4072,35.1930, 570.5, 4879,  1.3,-18.5,-16.6, 21, 21, 1.55,334, 8.0
2026-07-04 23:14:53,-97.4072,35.1930, 570.2, 4884,  1.3,-18.5,-16.6, 21, 21, 1.56,334, 7.9
2026-07-04 23:14:54,-97.4071,35.1929, 569.8, 4889,  1.2,-18.4,-16.5, 22, 22, 1.57,334, 7.9
2026-07-04 23:14:55,-97.4071,35.1929, 569.5, 4894,  1.2,-18.3,-16.4, 22, 22, 1.58,335, 7.8
2026-07-04 23:14:56,-97.4070,35.1928, 569.1, 4899,  1.1,-18.3,-16.4, 22, 22, 1.59,335, 7.8
2026-07-04 23:14:57,-97.4069,35.1927, 568.8, 4904,  1.1,-18.2,-16.4, 22, 22, 1.60,335, 7.8
2026-07-04 23:14:58,-97.4069,35.1927, 568.4, 4909,  1.0,-18.2,-16.3, 22, 22, 1.60,335, 7.7
2026-07-04 23:14:59,-97.4068,35.1926, 568.1, 4914,  1.0,-18.2,-16.3, 22, 22, 1.61,335, 7.7
2026-07-04 23:15:00,-97.4068,35.1925, 567.7, 4918,  1.0,-18.2,-16.3, 22, 22, 1.61,336, 7.7
2026-07-04 23:15:01,-97.4068,35.1924, 567.4, 4923,  0.9,-18.2,-16.3, 22, 22, 1.61,336, 7.6
2026-07-04 23:15:02,-97.4068,35.1923, 567.0, 4928,  0.9,-18.2,-16.3, 22, 22, 1.61,337, 7.6
2026-07-04 23:15:03,-97.4068,35.1923, 566.7, 4933,  0.8,-18.2,-16.3, 23, 23, 1.61,337, 7.6
2026-07-04 23:15:04,-97.4068,35.1922, 566.4, 4937,  0.8,-18.3,-16.4, 23, 23, 1.60,338, 7.5
2026-07-04 23:15:05,-97.4067,35.1922, 566.1, 4942,  0.7,-18.3,-16.4, 23, 23, 1.60,338, 7.5
2026-07-04 23:15:06,-97.4067,35.1921, 565.8, 4946,  0.7,-18.3,-16.4, 23, 23, 1.60,339, 7.5
2026-07-04 23:15:07,-97.4066,35.1921, 565.6, 4949,  0.7,-18.2,-16.4, 23, 23, 1.61,340, 7.4
2026-07-04 23:15:08,-97.4066,35.1920, 565.3, 4953,  0.6,-18.2,-16.3, 23, 23, 1.61,340, 7.4
2026-07-04 23:15:09,-97.4065,35.1920, 565.0, 4957,  0.6,-18.2,-16.3, 23, 23, 1.61,341, 7.3
2026-07-04 23:15:10,-97.4065,35.1919, 564.7, 4962,  0.5,-18.2,-16.3, 23, 23, 1.62,342, 7.3
2026-07-04 23:15:11,-97.4064,35.1918, 564.3, 4967,  0.5,-18.2,-16.3, 23, 23, 1.62,343, 7.2
2026-07-04 23:15:12,-97.4064,35.1917, 563.9, 4973,  0.4,-18.2,-16.3, 23, 23, 1.62,344, 7.2
2026-07-04 23:15:13,-97.4064,35.1916, 563.4, 4979,  0.4,-18.2,-16.3, 23, 23, 1.62,345, 7.2
2026-07-04 23:15:14,-97.4064,35.1915, 563.0, 4986,  0.3,-18.2,-16.3, 23, 23, 1.62,346, 7.1
2026-07-04 23:15:15,-97.4064,35.1915, 562.6, 4991,  0.2,-18.2,-16.3, 24, 24, 1.62,346, 7.1
2026-07-04 23:15:16,-97.4064,35.1914, 562.2, 4997,  0.2,-18.3,-16.4, 24, 24, 1.61,347, 7.0
2026-07-04 23:15:17,-97.4064,35.1913, 561.9, 5002,  0.1,-18.3,-16.4, 23, 23, 1.61,348, 7.0
2026-07-04 23:15:18,-97.4064,35.1913, 561.5, 5007,  0.1,-18.4,-16.5, 24, 24, 1.60,349, 6.9
2026-07-04 23:15:19,-97.4064,35.1913, 561.1, 5012,  0.0,-18.4,-16.5, 24, 24, 1.60,349, 6.9
2026-07-04 23:15:20,-97.4064,35.1912, 560.8, 5017, -0.0,-18.3,-16.4, 24, 24, 1.61,350, 6.8
2026-07-04 23:15:21,-97.4064,35.1912, 560.5, 5021, -0.1,-18.3,-16.4, 24, 24, 1.61,350, 6.8
2026-07-04 23:15:22,-97.4064,35.1911, 560.2, 5026, -0.1,-18.3,-16.4, 24, 24, 1.61,351, 6.7
2026-07-04 23:15:23,-97.4064,35.1911, 559.9, 5030, -0.2,-18.4,-16.5, 24, 24, 1.61,351, 6.7
2026-07-04 23:15:24,-97.4064,35.1910, 559.5, 5035, -0.2,-18.4,-16.5, 24, 24, 1.61,351, 6.6
2026-07-04 23:15:25,-97.4064,35.1910, 559.1, 5040, -0.3,-18.3,-16.4, 24, 24, 1.61,351, 6.6
2026-07-04 23:15:26,-97.4064,35.1909, 558.7, 5046, -0.3,-18.3,-16.4, 24, 24, 1.62,351, 6.6
2026-07-04 23:15:27,-97.4064,35.1909, 558.4, 5052, -0.4,-18.4,-16.5, 24, 24, 1.61,351, 6.5
2026-07-04 23:15:28,-97.4064,35.1908, 558.0, 5057, -0.4,-18.4,-16.5, 24, 24, 1.60,350, 6.5
2026-07-04 23:15:29,-97.4064,35.1907, 557.7, 5061, -0.5,-18.5,-16.6, 24, 24, 1.60,350, 6.5
2026-07-04 23:15:30,-97.4064,35.1906, 557.4, 5065, -0.5,-18.5,-16.6, 24, 24, 1.60,349, 6.4
2026-07-04 23:15:31,-97.4064,35.1906, 557.1, 5069, -0.5,-18.4,-16.5, 24, 25, 1.60,349, 6.4
2026-07-04 23:15:32,-97.4064,35.1905, 556.8, 5073, -0.6,-18.4,-16.5, 25, 25, 1.61,348, 6.4
2026-07-04 23:15:33,-97.4064,35.1904, 556.5, 5078, -0.6,-18.4,-16.5, 25, 25, 1.62,347, 6.4
2026-07-04 23:15:34,-97.4064,35.1904, 556.2, 5083, -0.7,-18.4,-16.5, 25, 25, 1.61,346, 6.4
2026-07-04 23:15:35,-97.4064,35.1903, 555.8, 5089, -0.8,-18.4,-16.5, 25, 25, 1.61,345, 6.4
2026-07-04 23:15:36,-97.4063,35.1903, 555.4, 5095, -0.8,-18.4,-16.5, 25, 25, 1.61,344, 6.4
2026-07-04 23:15:37,-97.4063,35.1902, 554.9, 5101, -0.9,-18.5,-16.6, 25, 25, 1.60,343, 6.5
2026-07-04 23:15:38,-97.4063,35.1902, 554.5, 5107, -0.9,-18.5,-16.6, 25, 25, 1.60,342, 6.5
2026-07-04 23:15:39,-97.4062,35.1901, 554.1, 5112, -1.0,-18.6,-16.6, 25, 25, 1.60,341, 6.5
2026-07-04 23:15:40,-97.4061,35.1901, 553.8, 5117, -1.0,-18.6,-16.6, 25, 25, 1.60,340, 6.5
2026-07-04 23:15:41,-97.4061,35.1900, 553.5, 5122, -1.1,-18.6,-16.7, 25, 25, 1.60,340, 6.6
2026-07-04 23:15:42,-97.4061,35.1900, 553.1, 5127, -1.1,-18.6,-16.7, 25, 25, 1.59,339, 6.6
2026-07-04 23:15:43,-97.4060,35.1900, 552.8, 5132, -1.1,-18.6,-16.7, 25, 25, 1.59,338, 6.6
2026-07-04 23:15:44,-97.4060,35.1899, 552.4, 5137, -1.2,-18.6,-16.7, 25, 26, 1.59,337, 6.7
2026-07-04 23:15:45,-97.4060,35.1899, 552.0, 5142, -1.3,-18.6,-16.7, 25, 26, 1.59,337, 6.7
2026-07-04 23:15:46,-97.4060,35.1898, 551.7, 5148, -1.3,-18.7,-16.8, 25, 26, 1.58,336, 6.7
2026-07-04 23:15:47,-97.4059,35.1898, 551.3, 5154, -1.4,-18.9,-16.9, 25, 25, 1.56,336, 6.8
2026-07-04 23:15:48,-97.4059,35.1897, 550.8, 5160, -1.4,-19.1,-17.1, 25, 25, 1.54,336, 6.8
2026-07-04 23:15:49,-97.4058,35.1897, 550.4, 5166, -1.5,-19.1,-17.2, 25, 25, 1.53,336, 6.8
2026-07-04 23:15:50,-97.4058,35.1896, 549.9, 5173, -1.5,-19.1,-17.1, 25, 25, 1.54,335, 6.8
2026-07-04 23:15:51,-97.4057,35.1895, 549.4, 5180, -1.6,-19.1,-17.1, 25, 25, 1.54,336, 6.8
2026-07-04 23:15:52,-97.4057,35.1894, 549.0, 5187, -1.6,-19.2,-17.2, 25, 25, 1.53,336, 6.8
2026-07-04 23:15:53,-97.4057,35.1894, 548.6, 5193, -1.7,-19.3,-17.3, 25, 25, 1.52,336, 6.8
2026-07-04 23:15:54,-97.4057,35.1893, 548.2, 5198, -1.7,-19.3,-17.3, 25, 25, 1.52,336, 6.8
2026-07-04 23:15:55,-97.4057,35.1892, 547.9, 5203, -1.8,-19.3,-17.3, 25, 25, 1.52,336, 6.7
2026-07-04 23:15:56,-97.4056,35.1892, 547.5, 5208, -1.8,-19.2,-17.2, 25, 26, 1.53,337, 6.7
2026-07-04 23:15:57,-97.4056,35.1891, 547.2, 5213, -1.9,-19.2,-17.2, 25, 26, 1.53,337, 6.6
2026-07-04 23:15:58,-97.4055,35.1890, 546.8, 5219, -1.9,-19.2,-17.2, 25, 26, 1.53,338, 6.6
2026-07-04 23:15:59,-97.4055,35.1890, 546.4, 5225, -2.0,-19.3,-17.3, 25, 26, 1.52,339, 6.5
2026-07-04 23:16:00,-97.4055,35.1889, 546.0, 5230, -2.0,-19.4,-17.4, 25, 26, 1.51,339, 6.4
2026-07-04 23:16:01,-97.4054,35.1889, 545.6, 5236, -2.1,-19.5,-17.5, 25, 25, 1.49,340, 6.3
2026-07-04 23:16:02,-97.4054,35.1888, 545.2, 5242, -2.1,-19.7,-17.7, 25, 25, 1.48,341, 6.2
2026-07-04 23:16:03,-97.4053,35.1888, 544.7, 5249, -2.2,-19.8,-17.7, 25, 25, 1.47,342, 6.1
2026-07-04 23:16:04,-97.4053,35.1887, 544.2, 5256, -2.2,-19.9,-17.8, 24, 25, 1.45,342, 5.9
2026-07-04 23:16:05,-97.4053,35.1887, 543.8, 5262, -2.3,-20.0,-18.0, 24, 25, 1.44,343, 5.8
2026-07-04 23:16:06,-97.4052,35.1886, 543.4, 5268, -2.3,-20.1,-18.1, 24, 25, 1.42,344, 5.7
2026-07-04 23:16:07,-97.4052,35.1886, 543.0, 5273, -2.3,-20.3,-18.2, 24, 24, 1.41,345, 5.5
2026-07-04 23:16:08,-97.4052,35.1885, 542.7, 5278, -2.4,-20.4,-18.3, 24, 24, 1.40,346, 5.4
2026-07-04 23:16:09,-97.4053,35.1885, 542.4, 5282, -2.4,-20.4,-18.3, 24, 24, 1.40,347, 5.2
2026-07-04 23:16:10,-97.4053,35.1885, 542.1, 5286, -2.5,-20.4,-18.3, 24, 24, 1.39,347, 5.1
2026-07-04 23:16:11,-97.4053,35.1884, 541.8, 5291, -2.5,-20.6,-18.5, 23, 24, 1.37,348, 4.9
2026-07-04 23:16:12,-97.4053,35.1883, 541.4, 5297, -2.5,-20.9,-18.8, 23, 23, 1.34,349, 4.8
2026-07-04 23:16:13,-97.4053,35.1883, 541.0, 5302, -2.6,-21.3,-19.2, 22, 23, 1.29,349, 4.6
2026-07-04 23:16:14,-97.4053,35.1883, 540.7, 5308, -2.6,-21.6,-19.4, 22, 22, 1.25,350, 4.5
2026-07-04 23:16:15,-97.4053,35.1882, 540.3, 5313, -2.6,-21.9,-19.7, 21, 22, 1.23,350, 4.3
2026-07-04 23:16:16,-97.4053,35.1882, 540.0, 5318, -2.6,-22.1,-19.8, 21, 21, 1.21,351, 4.2
2026-07-04 23:16:17,-97.4053,35.1881, 539.7, 5322, -2.7,-22.3,-20.0, 21, 21, 1.19,351, 4.0
2026-07-04 23:16:18,-97.4053,35.1881, 539.4, 5327, -2.7,-22.4,-20.2, 20, 21, 1.17,351, 3.9
2026-07-04 23:16:19,-97.4053,35.1881, 539.0, 5332, -2.7,-22.5,-20.2, 20, 21, 1.17,351, 3.8
2026-07-04 23:16:20,-97.4053,35.1881, 538.7, 5337, -2.8,-22.5,-20.2, 20, 21, 1.17,351, 3.7
2026-07-04 23:16:21,-97.4053,35.1880, 538.3, 5342, -2.8,-22.5,-20.3, 20, 21, 1.17,351, 3.6
2026-07-04 23:16:22,-97.4053,35.1880, 538.0, 5348, -2.9,-22.6,-20.3, 20, 21, 1.16,351, 3.5
2026-07-04 23:16:23,-97.4053,35.1880, 537.6, 5353, -2.9,-22.7,-20.4, 20, 21, 1.15,350, 3.4
2026-07-04 23:16:24,-97.4053,35.1880, 537.3, 5357, -2.9,-22.9,-20.6, 20, 20, 1.13,349, 3.3
2026-07-04 23:16:25,-97.4052,35.1880, 537.0, 5362, -3.0,-23.1,-20.8, 20, 20, 1.11,349, 3.2
2026-07-04 23:16:26,-97.4052,35.1880, 536.7, 5366, -3.0,-23.2,-20.9, 19, 20, 1.10,348, 3.1
2026-07-04 23:16:27,-97.4052,35.1880, 536.4, 5370, -3.0,-23.4,-21.1, 19, 20, 1.08,347, 3.1
2026-07-04 23:16:28,-97.4052,35.1879, 536.1, 5375, -3.0,-23.7,-21.3, 19, 19, 1.05,345, 3.0
2026-07-04 23:16:29,-97.4053,35.1879, 535.8, 5380, -3.0,-24.1,-21.7, 18, 18, 1.02,344, 3.0
2026-07-04 23:16:30,-97.4053,35.1879, 535.4, 5385, -3.1,-24.4,-22.0, 17, 18, 0.99,343, 2.9
2026-07-04 23:16:31,-97.4053,35.1879, 535.1, 5389, -3.1,-24.6,-22.2, 17, 18, 0.97,341, 2.9
2026-07-04 23:16:32,-97.4052,35.1879, 534.8, 5395, -3.1,-24.7,-22.3, 17, 18, 0.96,340, 2.9
2026-07-04 23:16:33,-97.4052,35.1878, 534.4, 5400, -3.1,-24.9,-22.5, 17, 17, 0.95,338, 2.8
2026-07-04 23:16:34,-97.4052,35.1878, 534.0, 5406, -3.1,-25.4,-22.9, 16, 17, 0.91,337, 2.8
2026-07-04 23:16:35,-97.4052,35.1878, 533.6, 5412, -3.2,-25.9,-23.4, 15, 16, 0.87,335, 2.8
2026-07-04 23:16:36,-97.4052,35.1877, 533.2, 5418, -3.2,-26.2,-23.6, 15, 15, 0.85,334, 2.7
2026-07-04 23:16:37,-97.4051,35.1877, 532.8, 5424, -3.2,-26.2,-23.7, 15, 15, 0.84,332, 2.7
2026-07-04 23:16:38,-97.4051,35.1876, 532.4, 5430, -3.2,-26.3,-23.7, 15, 15, 0.84,331, 2.7
2026-07-04 23:16:39,-97.4051,35.1876, 532.0, 5436, -3.3,-26.5,-23.9, 15, 15, 0.83,329, 2.6
2026-07-04 23:16:40,-97.4051,35.1875, 531.6, 5442, -3.3,-26.7,-24.1, 14, 15, 0.81,327, 2.6
2026-07-04 23:16:41,-97.4051,35.1875, 531.2, 5447, -3.3,-26.8,-24.2, 14, 15, 0.80,326, 2.6
2026-07-04 23:16:42,-97.4051,35.1875, 530.9, 5452, -3.4,-26.9,-24.3, 14, 15, 0.80,324, 2.5
2026-07-04 23:16:43,-97.4051,35.1875, 530.6, 5457, -3.4,-26.9,-24.3, 14, 15, 0.80,322, 2.5
2026-07-04 23:16:44,-97.4051,35.1875, 530.2, 5462, -3.4,-26.9,-24.3, 14, 15, 0.80,320, 2.4
2026-07-04 23:16:45,-97.4051,35.1876, 529.8, 5468, -3.5,-26.9,-24.3, 14, 15, 0.80,319, 2.3
2026-07-04 23:16:46,-97.4050,35.1876, 529.4, 5474, -3.5,-27.0,-24.3, 14, 15, 0.79,317, 2.3
2026-07-04 23:16:47,-97.4050,35.1875, 529.1, 5479, -3.6,-27.0,-24.4, 14, 15, 0.79,315, 2.2
2026-07-04 23:16:48,-97.4049,35.1875, 528.7, 5484, -3.6,-27.0,-24.4, 14, 15, 0.79,313, 2.1
2026-07-04 23:16:49,-97.4049,35.1875, 528.4, 5489, -3.7,-26.9,-24.3, 15, 15, 0.80,311, 2.1
2026-07-04 23:16:50,-97.4049,35.1874, 528.1, 5494, -3.7,-26.7,-24.1, 15, 15, 0.82,309, 2.0
2026-07-04 23:16:51,-97.4048,35.1874, 527.7, 5499, -3.7,-26.4,-23.8, 15, 16, 0.84,307, 1.9
2026-07-04 23:16:52,-97.4048,35.1874, 527.3, 5505, -3.8,-25.9,-23.4, 16, 17, 0.88,305, 1.8
2026-07-04 23:16:53,-97.4048,35.1874, 526.9, 5512, -3.8,-25.4,-22.9, 17, 18, 0.92,303, 1.8
2026-07-04 23:16:54,-97.4048,35.1874, 526.5, 5518, -3.9,-25.1,-22.7, 17, 18, 0.94,300, 1.7
2026-07-04 23:16:55,-97.4047,35.1874, 526.1, 5523, -3.9,-25.1,-22.6, 18, 18, 0.95,299, 1.7
2026-07-04 23:16:56,-97.4047,35.1874, 525.8, 5528, -4.0,-24.9,-22.5, 18, 19, 0.96,297, 1.6
2026-07-04 23:16:57,-97.4047,35.1874, 525.4, 5534, -4.0,-24.8,-22.3, 18, 19, 0.98,295, 1.6
2026-07-04 23:16:58,-97.4047,35.1875, 525.1, 5539, -4.1,-24.6,-22.1, 19, 19, 1.00,294, 1.6
2026-07-04 23:16:59,-97.4047,35.1875, 524.7, 5545, -4.1,-24.5,-22.1, 19, 20, 1.00,293, 1.6
2026-07-04 23:17:00,-97.4047,35.1875, 524.3, 5551, -4.2,-24.5,-22.1, 19, 20, 1.00,293, 1.6
2026-07-04 23:17:01,-97.4047,35.1875, 523.9, 5557, -4.3,-24.5,-22.1, 19, 20, 1.00,293, 1.6
2026-07-04 23:17:02,-97.4047,35.1874, 523.6, 5562, -4.3,-24.5,-22.1, 19, 20, 1.01,293, 1.6
2026-07-04 23:17:03,-97.4047,35.1874, 523.3, 5566, -4.3,-24.4,-22.0, 19, 20, 1.01,294, 1.6
2026-07-04 23:17:04,-97.4047,35.1874, 523.0, 5571, -4.4,-24.3,-21.9, 20, 20, 1.03,295, 1.6
2026-07-04 23:17:05,-97.4047,35.1874, 522.7, 5575, -4.4,-24.2,-21.8, 20, 21, 1.03,296, 1.7
2026-07-04 23:17:06,-97.4048,35.1874, 522.4, 5580, -4.5,-24.2,-21.8, 20, 21, 1.04,298, 1.7
2026-07-04 23:17:07,-97.4048,35.1874, 522.1, 5585, -4.5,-24.1,-21.7, 20, 21, 1.04,299, 1.8
2026-07-04 23:17:08,-97.4047,35.1874, 521.7, 5590, -4.6,-24.0,-21.6, 20, 21, 1.06,301, 1.9
2026-07-04 23:17:09,-97.4047,35.1875, 521.3, 5595, -4.6,-23.8,-21.5, 21, 22, 1.07,303, 2.0
2026-07-04 23:17:10,-97.4047,35.1874, 521.0, 5601, -4.7,-23.7,-21.3, 21, 22, 1.08,304, 2.1
2026-07-04 23:17:11,-97.4046,35.1874, 520.6, 5606, -4.7,-23.6,-21.3, 21, 22, 1.09,306, 2.2
2026-07-04 23:17:12,-97.4046,35.1874, 520.3, 5611, -4.8,-23.7,-21.3, 21, 22, 1.09,307, 2.3
2026-07-04 23:17:13,-97.4046,35.1874, 520.0, 5616, -4.8,-23.7,-21.3, 21, 22, 1.09,309, 2.4
2026-07-04 23:17:14,-97.4045,35.1874, 519.6, 5622, -4.9,-23.7,-21.3, 21, 22, 1.09,310, 2.5
2026-07-04 23:17:15,-97.4045,35.1874, 519.2, 5627, -4.9,-23.7,-21.4, 21, 22, 1.09,311, 2.6
2026-07-04 23:17:16,-97.4044,35.1874, 518.8, 5633, -5.0,-23.7,-21.4, 21, 22, 1.09,312, 2.8
2026-07-04 23:17:17,-97.4044,35.1873, 518.5, 5639, -5.0,-23.8,-21.4, 21, 23, 1.08,313, 2.9
2026-07-04 23:17:18,-97.4044,35.1873, 518.1, 5645, -5.1,-23.7,-21.4, 22, 23, 1.09,314, 3.0
2026-07-04 23:17:19,-97.4044,35.1873, 517.7, 5650, -5.2,-23.7,-21.4, 22, 23, 1.09,315, 3.1
2026-07-04 23:17:20,-97.4044,35.1872, 517.4, 5655, -5.2,-23.8,-21.4, 22, 23, 1.09,315, 3.3
2026-07-04 23:17:21,-97.4043,35.1872, 517.1, 5660, -5.2,-23.9,-21.5, 21, 23, 1.07,316, 3.4
2026-07-04 23:17:22,-97.4043,35.1871, 516.8, 5664, -5.3,-24.3,-21.9, 21, 22, 1.04,316, 3.5
2026-07-04 23:17:23,-97.4042,35.1871, 516.5, 5669, -5.3,-24.7,-22.2, 20, 21, 1.00,317, 3.6
2026-07-04 23:17:24,-97.4042,35.1871, 516.1, 5675, -5.3,-25.0,-22.5, 20, 21, 0.98,317, 3.7
2026-07-04 23:17:25,-97.4042,35.1870, 515.7, 5681, -5.4,-25.2,-22.7, 19, 20, 0.96,318, 3.8
2026-07-04 23:17:26,-97.4041,35.1870, 515.3, 5688, -5.4,-25.3,-22.8, 19, 20, 0.95,318, 3.9
2026-07-04 23:17:27,-97.4041,35.1870, 514.9, 5693, -5.4,-25.4,-22.9, 19, 20, 0.95,318, 4.0
2026-07-04 23:17:28,-97.4041,35.1870, 514.5, 5699, -5.5,-25.2,-22.7, 20, 21, 0.96,319, 4.0
2026-07-04 23:17:29,-97.4041,35.1869, 514.2, 5704, -5.6,-24.9,-22.4, 20, 21, 0.99,319, 4.1
2026-07-04 23:17:30,-97.4041,35.1869, 513.9, 5708, -5.6,-24.7,-22.2, 21, 22, 1.01,319, 4.2
2026-07-04 23:17:31,-97.4041,35.1868, 513.6, 5713, -5.7,-24.7,-22.2, 21, 22, 1.01,320, 4.3
2026-07-04 23:17:32,-97.4040,35.1868, 513.2, 5718, -5.7,-24.8,-22.3, 21, 22, 1.00,320, 4.3
2026-07-04 23:17:33,-97.4040,35.1868, 512.9, 5724, -5.8,-25.0,-22.5, 20, 22, 0.98,321, 4.4
2026-07-04 23:17:34,-97.4040,35.1868, 512.5, 5730, -5.8,-25.2,-22.7, 20, 21, 0.96,321, 4.4
2026-07-04 23:17:35,-97.4040,35.1868, 512.1, 5736, -5.8,-25.4,-22.9, 20, 21, 0.95,322, 4.5
2026-07-04 23:17:36,-97.4039,35.1868, 511.6, 5743, -5.8,-25.3,-22.8, 20, 21, 0.96,322, 4.6
2026-07-04 23:17:37,-97.4039,35.1868, 511.2, 5750, -5.9,-25.1,-22.6, 20, 22, 0.98,322, 4.6
2026-07-04 23:17:38,-97.4039,35.1868, 510.7, 5757, -5.9,-24.9,-22.5, 21, 22, 0.99,323, 4.7
2026-07-04 23:17:39,-97.4038,35.1868, 510.4, 5762, -5.9,-25.0,-22.5, 21, 22, 0.99,323, 4.7
2026-07-04 23:17:40,-97.4038,35.1867, 510.0, 5767, -5.9,-25.7,-23.2, 19, 20, 0.93,324, 4.8
2026-07-04 23:17:41,-97.4037,35.1866, 509.7, 5772, -5.8,-26.9,-24.3, 17, 18, 0.83,324, 4.8
2026-07-04 23:17:42,-97.4036,35.1866, 509.4, 5777, -5.8,-28.5,-25.8, 15, 16, 0.72,325, 4.9
2026-07-04 23:17:43,-97.4035,35.1865, 509.0, 5783, -5.8,-30.4,-27.5, 12, 13, 0.60,325, 4.9
2026-07-04 23:17:44,-97.4035,35.1864, 508.6, 5789, -5.7,-32.2,-29.2, 10, 11, 0.51,325, 5.0
2026-07-04 23:17:45,-97.4034,35.1864, 508.3, 5794, -5.7,-32.8,-29.8, 10, 10, 0.48,326, 5.1
2026-07-04 23:17:46,-97.4034,35.1863, 508.0, 5799, -5.7,-33.1,-30.0,  9, 10, 0.47,326, 5.1
2026-07-04 23:17:47,-97.4034,35.1863, 507.7, 5803, -5.7,-34.1,-31.0,  9,  9, 0.42,326, 5.2
2026-07-04 23:17:48,-97.4034,35.1863, 507.4, 5808, -5.7,-34.8,-31.6,  8,  8, 0.39,326, 5.2
2026-07-04 23:17:49,-97.4034,35.1862, 507.0, 5813, -5.8,-34.6,-31.5,  8,  9, 0.40,326, 5.3
2026-07-04 23:17:50,-97.4034,35.1862, 506.6, 5820, -5.8,-34.2,-31.1,  9,  9, 0.42,326, 5.4
2026-07-04 23:17:51,-97.4034,35.1862, 506.2, 5827, -5.9,-33.9,-30.8,  9,  9, 0.43,326, 5.4
2026-07-04 23:17:52,-97.4034,35.1861, 505.7, 5834, -6.0,-33.8,-30.7,  9, 10, 0.43,325, 5.5
2026-07-04 23:17:53,-97.4034,35.1861, 505.3, 5841, -6.1,-33.9,-30.7,  9, 10, 0.43,325, 5.6
2026-07-04 23:17:54,-97.4034,35.1861, 504.9, 5847, -6.1,-33.9,-30.7,  9, 10, 0.43,325, 5.6
2026-07-04 23:17:55,-97.4034,35.1860, 504.5, 5853, -6.2,-33.8,-30.7,  9, 10, 0.44,324, 5.7
2026-07-04 23:17:56,-97.4034,35.1860, 504.1, 5858, -6.2,-33.8,-30.7,  9, 10, 0.44,324, 5.8
2026-07-04 23:17:57,-97.4034,35.1859, 503.7, 5865, -6.3,-33.9,-30.8,  9, 10, 0.43,323, 5.9
2026-07-04 23:17:58,-97.4033,35.1859, 503.3, 5871, -6.4,-34.1,-30.9,  9, 10, 0.43,322, 6.0
2026-07-04 23:17:59,-97.4033,35.1858, 502.9, 5878, -6.4,-34.2,-31.0,  9, 10, 0.42,321, 6.1
2026-07-04 23:18:00,-97.4032,35.1858, 502.5, 5883, -6.5,-34.2,-31.1,  9, 10, 0.42,321, 6.2
2026-07-04 23:18:01,-97.4032,35.1857, 502.3, 5888, -6.5,-34.4,-31.2,  9,  9, 0.41,320, 6.3
2026-07-04 23:18:02,-97.4031,35.1857, 502.0, 5892, -6.5,-34.8,-31.6,  9,  9, 0.40,319, 6.5
2026-07-04 23:18:03,-97.4030,35.1857, 501.7, 5896, -6.5,-35.4,-32.1,  8,  9, 0.38,318, 6.6
2026-07-04 23:18:04,-97.4029,35.1856, 501.4, 5901, -6.5,-36.0,-32.8,  8,  8, 0.35,318, 6.8
2026-07-04 23:18:05,-97.4029,35.1856, 501.1, 5906, -6.5,-36.5,-33.2,  7,  8, 0.34,317, 6.9
2026-07-04 23:18:06,-97.4028,35.1856, 500.7, 5911, -6.5,-36.7,-33.4,  7,  8, 0.33,316, 7.1
2026-07-04 23:18:07,-97.4027,35.1856, 500.4, 5917, -6.5,-36.8,-33.5,  7,  7, 0.33,316, 7.2
2026-07-04 23:18:08,-97.4026,35.1855, 500.0, 5923, -6.5,-36.9,-33.6,  7,  7, 0.32,314, 7.6
2026-07-04 23:18:09,-97.4025,35.1854, 499.7, 5927, -6.6,-37.0,-33.7,  7,  7, 0.32,314, 7.6
2026-07-04 23:18:10,-97.4024,35.1854, 499.4, 5932, -6.6,-37.1,-33.8,  7,  7, 0.32,314, 7.7
2026-07-04 23:18:11,-97.4024,35.1853, 499.1, 5936, -6.6,-37.1,-33.8,  7,  7, 0.32,313, 7.9
2026-07-04 23:18:12,-97.4023,35.1852, 498.9, 5940, -6.7,-37.1,-33.8,  7,  7, 0.32,313, 8.1
2026-07-04 23:18:13,-97.4023,35.1852, 498.5, 5946, -6.7,-37.1,-33.8,  7,  7, 0.32,312, 8.2
2026-07-04 23:18:14,-97.4023,35.1852, 498.2, 5951, -6.8,-37.1,-33.8,  7,  7, 0.32,312, 8.4
2026-07-04 23:18:15,-97.4023,35.1851, 497.8, 5958, -6.8,-37.1,-33.8,  7,  7, 0.32,311, 8.6
2026-07-04 23:18:16,-97.4022,35.1851, 497.4, 5964, -6.9,-37.1,-33.8,  7,  7, 0.32,311, 8.7
2026-07-04 23:18:17,-97.4022,35.1850, 497.0, 5970, -7.0,-37.1,-33.8,  7,  7, 0.32,311, 8.9
2026-07-04 23:18:18,-97.4021,35.1850, 496.6, 5977, -7.0,-37.2,-33.8,  7,  8, 0.32,310, 9.0
2026-07-04 23:18:19,-97.4020,35.1849, 496.2, 5982, -7.1,-37.2,-33.9,  7,  8, 0.32,310, 9.1
2026-07-04 23:18:20,-97.4019,35.1848, 495.8, 5988, -7.1,-37.2,-33.9,  7,  8, 0.32,310, 9.3
2026-07-04 23:18:21,-97.4019,35.1847, 495.5, 5994, -7.2,-37.2,-33.9,  7,  8, 0.32,310, 9.4
2026-07-04 23:18:22,-97.4017,35.1847, 495.1, 5999, -7.2,-37.2,-33.9,  7,  8, 0.32,310, 9.5
2026-07-04 23:18:23,-97.4016,35.1846, 494.8, 6004, -7.3,-37.3,-33.9,  7,  8, 0.32,310, 9.6
2026-07-04 23:18:24,-97.4015,35.1846, 494.5, 6010, -7.3,-37.4,-34.0,  7,  8, 0.31,309, 9.7
2026-07-04 23:18:25,-97.4014,35.1845, 494.1, 6015, -7.4,-37.5,-34.1,  7,  7, 0.31,309, 9.7
2026-07-04 23:18:26,-97.4013,35.1845, 493.7, 6021, -7.4,-37.6,-34.3,  7,  7, 0.31,309, 9.8
2026-07-04 23:18:27,-97.4012,35.1844, 493.4, 6026, -7.4,-37.8,-34.4,  7,  7, 0.30,309, 9.9
2026-07-04 23:18:28,-97.4010,35.1844, 493.0, 6032, -7.4,-38.0,-34.6,  7,  7, 0.29,309, 9.9
2026-07-04 23:18:29,-97.4009,35.1843, 492.7, 6037, -7.4,-38.2,-34.8,  7,  7, 0.29,309,10.0
2026-07-04 23:18:30,-97.4008,35.1843, 492.3, 6043, -7.4,-38.4,-35.0,  6,  7, 0.28,309,10.0
2026-07-04 23:18:31,-97.4007,35.1842, 492.0, 6049, -7.4,-38.5,-35.0,  6,  7, 0.28,309,10.1
2026-07-04 23:18:32,-97.4006,35.1842, 491.6, 6054, -7.4,-38.5,-35.1,  6,  7, 0.28,309,10.1
2026-07-04 23:18:33,-97.4005,35.1841, 491.3, 6059, -7.5,-38.6,-35.2,  6,  7, 0.28,309,10.1
2026-07-04 23:18:34,-97.4004,35.1840, 491.0, 6065, -7.5,-38.6,-35.2,  6,  7, 0.28,309,10.2
2026-07-04 23:18:35,-97.4004,35.1840, 490.6, 6070, -7.5,-38.6,-35.2,  6,  7, 0.28,310,10.2
2026-07-04 23:18:36,-97.4004,35.1839, 490.2, 6076, -7.6,-38.6,-35.2,  6,  7, 0.28,310,10.3
2026-07-04 23:18:37,-97.4003,35.1838, 489.9, 6082, -7.6,-38.6,-35.2,  6,  7, 0.28,310,10.3
2026-07-04 23:18:38,-97.4003,35.1837, 489.5, 6089, -7.7,-38.6,-35.2,  6,  7, 0.28,310,10.4
2026-07-04 23:18:39,-97.4002,35.1837, 489.1, 6094, -7.7,-38.7,-35.3,  6,  7, 0.28,310,10.4
2026-07-04 23:18:40,-97.4001,35.1837, 488.8, 6099, -7.7,-38.8,-35.3,  6,  7, 0.27,310,10.5
2026-07-04 23:18:41,-97.4001,35.1836, 488.5, 6104, -7.8,-38.8,-35.4,  6,  7, 0.27,310,10.5
2026-07-04 23:18:42,-97.4000,35.1836, 488.2, 6109, -7.8,-38.8,-35.4,  6,  7, 0.27,310,10.6
2026-07-04 23:18:43,-97.3999,35.1836, 487.8, 6115, -7.9,-38.8,-35.4,  6,  7, 0.27,310,10.7
2026-07-04 23:18:44,-97.3998,35.1835, 487.5, 6120, -7.9,-38.8,-35.4,  6,  7, 0.27,310,10.7
2026-07-04 23:18:45,-97.3997,35.1835, 487.1, 6126, -7.9,-38.9,-35.4,  6,  7, 0.27,310,10.8
2026-07-04 23:18:46,-97.3996,35.1834, 486.8, 6130, -8.0,-38.9,-35.5,  6,  7, 0.27,310,10.9
2026-07-04 23:18:47,-97.3995,35.1833, 486.6, 6134, -8.0,-39.0,-35.5,  6,  7, 0.27,310,10.9
2026-07-04 23:18:48,-97.3994,35.1832, 486.4, 6138, -8.0,-39.0,-35.6,  6,  7, 0.27,310,11.0
2026-07-04 23:18:49,-97.3993,35.1831, 486.1, 6141, -8.0,-39.1,-35.6,  6,  7, 0.27,310,11.1
2026-07-04 23:18:50,-97.3992,35.1830, 485.9, 6145, -8.0,-39.2,-35.7,  6,  7, 0.26,310,11.2
2026-07-04 23:18:51,-97.3991,35.1829, 485.6, 6150, -8.0,-39.3,-35.8,  6,  7, 0.26,310,11.2
2026-07-04 23:18:52,-97.3990,35.1828, 485.3, 6154, -8.0,-39.4,-36.0,  6,  6, 0.26,310,11.3
2026-07-04 23:18:53,-97.3989,35.1828, 485.1, 6159, -7.9,-39.6,-36.1,  6,  6, 0.25,310,11.3
2026-07-04 23:18:54,-97.3988,35.1827, 484.8, 6164, -7.9,-39.6,-36.2,  6,  6, 0.25,310,11.4
2026-07-04 23:18:55,-97.3986,35.1827, 484.5, 6168, -8.0,-39.7,-36.2,  6,  6, 0.25,310,11.4
2026-07-04 23:18:56,-97.3985,35.1827, 484.2, 6173, -8.0,-39.7,-36.2,  6,  6, 0.25,310,11.5
2026-07-04 23:18:57,-97.3984,35.1826, 483.9, 6177, -8.0,-39.7,-36.2,  6,  6, 0.25,310,11.5
2026-07-04 23:18:58,-97.3983,35.1826, 483.7, 6180, -8.0,-39.8,-36.3,  6,  6, 0.25,310,11.5
2026-07-04 23:18:59,-97.3982,35.1825, 483.5, 6184, -8.0,-39.8,-36.3,  6,  6, 0.25,311,11.5
2026-07-04 23:19:00,-97.3980,35.1824, 483.2, 6189, -8.1,-39.9,-36.4,  6,  6, 0.25,311,11.5
2026-07-04 23:19:01,-97.3980,35.1824, 482.9, 6193, -8.1,-39.9,-36.4,  6,  6, 0.25,311,11.5
2026-07-04 23:19:02,-97.3979,35.1823, 482.6, 6198, -8.1,-40.0,-36.5,  6,  6, 0.25,311,11.5
2026-07-04 23:19:03,-97.3978,35.1822, 482.3, 6202, -8.1,-40.0,-36.5,  6,  6, 0.24,311,11.5
2026-07-04 23:19:04,-97.3977,35.1821, 482.1, 6207, -8.1,-40.0,-36.5,  6,  6, 0.24,311,11.4
2026-07-04 23:19:05,-97.3976,35.1820, 481.8, 6211, -8.2,-40.1,-36.6,  6,  6, 0.24,312,11.4
2026-07-04 23:19:06,-97.3975,35.1819, 481.6, 6215, -8.2,-40.1,-36.6,  6,  6, 0.24,312,11.4
2026-07-04 23:19:07,-97.3974,35.1819, 481.3, 6219, -8.2,-40.2,-36.6,  6,  6, 0.24,312,11.3
2026-07-04 23:19:08,-97.3974,35.1818, 481.0, 6223, -8.2,-40.2,-36.7,  6,  6, 0.24,312,11.3
2026-07-04 23:19:09,-97.3973,35.1817, 480.8, 6228, -8.2,-40.2,-36.7,  6,  6, 0.24,312,11.2
2026-07-04 23:19:10,-97.3972,35.1817, 480.4, 6233, -8.3,-40.2,-36.7,  6,  6, 0.24,312,11.2
2026-07-04 23:19:11,-97.3972,35.1816, 480.0, 6240, -8.3,-40.2,-36.7,  6,  6, 0.24,313,11.1
2026-07-04 23:19:12,-97.3971,35.1816, 479.6, 6247, -8.3,-40.3,-36.7,  6,  6, 0.24,313,11.1
2026-07-04 23:19:13,-97.3970,35.1815, 479.1, 6255, -8.4,-40.3,-36.8,  6,  6, 0.24,313,11.1
2026-07-04 23:19:14,-97.3969,35.1814, 478.6, 6263, -8.4,-40.3,-36.8,  6,  6, 0.24,313,11.0
2026-07-04 23:19:15,-97.3968,35.1813, 478.1, 6270, -8.4,-40.4,-36.9,  6,  6, 0.24,313,11.0
2026-07-04 23:19:16,-97.3967,35.1812, 477.7, 6277, -8.5,-40.4,-36.9,  6,  6, 0.24,313,11.0
2026-07-04 23:19:17,-97.3966,35.1811, 477.3, 6284, -8.5,-40.4,-36.9,  6,  6, 0.24,314,10.9
2026-07-04 23:19:18,-97.3965,35.1811, 476.9, 6291, -8.5,-40.4,-36.9,  6,  6, 0.24,314,10.9
2026-07-04 23:19:19,-97.3964,35.1810, 476.4, 6298, -8.6,-40.4,-36.9,  6,  6, 0.24,314,10.9
2026-07-04 23:19:20,-97.3963,35.1810, 476.0, 6305, -8.6,-40.4,-36.8,  6,  6, 0.24,314,10.9
2026-07-04 23:19:21,-97.3963,35.1809, 475.5, 6312, -8.7,-40.4,-36.8,  6,  6, 0.24,314,10.9
2026-07-04 23:19:22,-97.3962,35.1809, 475.2, 6318, -8.7,-40.4,-36.9,  6,  6, 0.24,315,10.9
2026-07-04 23:19:23,-97.3961,35.1809, 474.9, 6323, -8.7,-40.4,-36.9,  6,  6, 0.24,315,10.9
2026-07-04 23:19:24,-97.3960,35.1808, 474.6, 6327, -8.8,-40.4,-36.8,  6,  6, 0.24,315,10.9
2026-07-04 23:19:25,-97.3959,35.1808, 474.3, 6332, -8.8,-40.3,-36.8,  6,  6, 0.24,315,10.9
2026-07-04 23:19:26,-97.3959,35.1807, 474.0, 6338, -8.8,-40.1,-36.6,  6,  7, 0.25,315,10.9
2026-07-04 23:19:27,-97.3958,35.1807, 473.6, 6345, -8.8,-39.7,-36.2,  6,  7, 0.26,316,10.9
2026-07-04 23:19:28,-97.3957,35.1806, 473.2, 6351, -8.8,-39.0,-35.5,  7,  7, 0.28,316,10.9
2026-07-04 23:19:29,-97.3956,35.1805, 472.9, 6356, -8.7,-38.4,-35.0,  7,  8, 0.29,316,10.9
2026-07-04 23:19:30,-97.3955,35.1804, 472.6, 6361, -8.7,-38.2,-34.9,  7,  8, 0.30,316,10.9
2026-07-04 23:19:31,-97.3954,35.1803, 472.3, 6365, -8.8,-38.2,-34.8,  7,  8, 0.30,317,10.9
2026-07-04 23:19:32,-97.3953,35.1802, 472.0, 6370, -8.8,-38.1,-34.7,  7,  8, 0.30,317,10.9
2026-07-04 23:19:33,-97.3952,35.1801, 471.7, 6375, -8.8,-38.0,-34.6,  7,  8, 0.31,317,10.8
2026-07-04 23:19:34,-97.3952,35.1800, 471.4, 6379, -8.9,-37.9,-34.6,  7,  8, 0.31,317,10.8
2026-07-04 23:19:35,-97.3951,35.1799, 471.1, 6384, -8.9,-37.8,-34.5,  8,  8, 0.31,317,10.8
2026-07-04 23:19:36,-97.3950,35.1798, 470.8, 6389, -8.9,-37.8,-34.4,  8,  8, 0.32,318,10.8
2026-07-04 23:19:37,-97.3950,35.1797, 470.5, 6394, -9.0,-37.7,-34.3,  8,  8, 0.32,318,10.8
2026-07-04 23:19:38,-97.3949,35.1797, 470.2, 6399, -9.0,-37.5,-34.2,  8,  9, 0.32,318,10.8
2026-07-04 23:19:39,-97.3948,35.1796, 469.9, 6404, -9.0,-37.4,-34.1,  8,  9, 0.33,318,10.8
2026-07-04 23:19:40,-97.3948,35.1796, 469.6, 6410, -9.1,-37.4,-34.0,  8,  9, 0.33,318,10.8
2026-07-04 23:19:41,-97.3947,35.1795, 469.2, 6416, -9.1,-37.3,-34.0,  8,  9, 0.33,318,10.8
2026-07-04 23:19:42,-97.3946,35.1795, 468.8, 6423, -9.2,-37.4,-34.0,  8,  9, 0.33,318,10.8
2026-07-04 23:19:43,-97.3945,35.1794, 468.4, 6430, -9.2,-37.3,-34.0,  8,  9, 0.33,318,10.7
2026-07-04 23:19:44,-97.3944,35.1793, 468.0, 6437, -9.3,-37.3,-33.9,  8,  9, 0.33,318,10.7
2026-07-04 23:19:45,-97.3944,35.1792, 467.6, 6443, -9.3,-37.2,-33.8,  8,  9, 0.34,318,10.7
2026-07-04 23:19:46,-97.3943,35.1792, 467.2, 6449, -9.4,-37.2,-33.8,  8,  9, 0.34,318,10.7
2026-07-04 23:19:47,-97.3942,35.1791, 466.9, 6454, -9.4,-37.2,-33.9,  8,  9, 0.34,317,10.7
2026-07-04 23:19:48,-97.3942,35.1790, 466.6, 6459, -9.4,-37.4,-34.1,  8,  9, 0.33,317,10.7
2026-07-04 23:19:49,-97.3941,35.1790, 466.3, 6464, -9.5,-37.9,-34.5,  8,  9, 0.31,317,10.7
2026-07-04 23:19:50,-97.3940,35.1789, 465.9, 6470, -9.5,-38.5,-35.1,  7,  8, 0.29,317,10.7
2026-07-04 23:19:51,-97.3939,35.1788, 465.5, 6477, -9.5,-39.1,-35.6,  7,  8, 0.28,317,10.7
2026-07-04 23:19:52,-97.3938,35.1788, 465.1, 6484, -9.5,-39.4,-35.9,  7,  7, 0.27,317,10.7
2026-07-04 23:19:53,-97.3937,35.1787, 464.8, 6490, -9.6,-39.4,-36.0,  7,  7, 0.27,317,10.8
2026-07-04 23:19:54,-97.3936,35.1786, 464.4, 6495, -9.6,-39.5,-36.0,  7,  7, 0.27,317,10.8
2026-07-04 23:19:55,-97.3935,35.1785, 464.1, 6501, -9.7,-39.6,-36.2,  7,  7, 0.26,317,10.8
2026-07-04 23:19:56,-97.3934,35.1785, 463.8, 6506, -9.7,-39.7,-36.3,  7,  7, 0.26,317,10.8
2026-07-04 23:19:57,-97.3933,35.1784, 463.4, 6512, -9.8,-39.8,-36.3,  7,  7, 0.26,317,10.9
2026-07-04 23:19:58,-97.3933,35.1784, 463.0, 6519, -9.8,-39.9,-36.4,  7,  7, 0.26,317,10.9
2026-07-04 23:19:59,-97.3932,35.1783, 462.6, 6526, -9.9,-40.1,-36.6,  7,  7, 0.25,318,11.0
2026-07-04 23:20:00,-97.3931,35.1782, 462.2, 6533, -9.9,-40.2,-36.7,  6,  7, 0.25,318,11.0
2026-07-04 23:20:01,-97.3930,35.1781, 461.8, 6539,-10.0,-40.4,-36.9,  6,  7, 0.25,318,11.1
2026-07-04 23:20:02,-97.3929,35.1781, 461.5, 6544,-10.0,-40.5,-36.9,  6,  7, 0.24,318,11.1
2026-07-04 23:20:03,-97.3929,35.1780, 461.2, 6550,-10.1,-40.5,-36.9,  6,  7, 0.24,318,11.2
2026-07-04 23:20:04,-97.3928,35.1780, 460.8, 6555,-10.1,-40.4,-36.8,  6,  7, 0.25,318,11.3
2026-07-04 23:20:05,-97.3927,35.1779, 460.5, 6561,-10.1,-40.3,-36.7,  7,  7, 0.25,318,11.3
2026-07-04 23:20:06,-97.3926,35.1778, 460.1, 6567,-10.2,-40.2,-36.7,  7,  7, 0.25,318,11.4
2026-07-04 23:20:07,-97.3925,35.1777, 459.7, 6574,-10.2,-40.1,-36.6,  7,  7, 0.25,319,11.5
2026-07-04 23:20:08,-97.3925,35.1776, 459.3, 6581,-10.2,-40.1,-36.6,  7,  7, 0.25,319,11.6
2026-07-04 23:20:09,-97.3924,35.1775, 458.9, 6587,-10.3,-40.1,-36.6,  7,  7, 0.25,319,11.7
2026-07-04 23:20:10,-97.3923,35.1774, 458.6, 6593,-10.3,-40.1,-36.6,  7,  7, 0.25,319,11.7
2026-07-04 23:20:11,-97.3923,35.1773, 458.3, 6598,-10.3,-40.1,-36.6,  7,  7, 0.26,318,11.8
2026-07-04 23:20:12,-97.3922,35.1772, 458.0, 6603,-10.3,-40.1,-36.6,  7,  7, 0.26,318,11.9
2026-07-04 23:20:13,-97.3922,35.1772, 457.6, 6609,-10.4,-40.1,-36.6,  7,  7, 0.26,318,12.0
2026-07-04 23:20:14,-97.3921,35.1771, 457.3, 6614,-10.4,-40.2,-36.7,  7,  7, 0.25,318,12.1
2026-07-04 23:20:15,-97.3920,35.1770, 456.9, 6620,-10.4,-40.3,-36.8,  7,  7, 0.25,318,12.2
2026-07-04 23:20:16,-97.3919,35.1769, 456.5, 6627,-10.5,-40.4,-36.9,  7,  7, 0.25,317,12.3
2026-07-04 23:20:17,-97.3918,35.1768, 456.1, 6634,-10.5,-40.4,-36.9,  7,  7, 0.25,317,12.4
2026-07-04 23:20:18,-97.3916,35.1767, 455.7, 6641,-10.5,-40.2,-36.7,  7,  7, 0.25,317,12.5
2026-07-04 23:20:19,-97.3915,35.1766, 455.3, 6647,-10.5,-39.9,-36.4,  7,  8, 0.26,316,12.6
2026-07-04 23:20:20,-97.3914,35.1766, 455.0, 6653,-10.5,-39.7,-36.2,  7,  8, 0.27,316,12.7
2026-07-04 23:20:21,-97.3913,35.1765, 454.7, 6658,-10.5,-39.6,-36.2,  7,  8, 0.27,316,12.9
2026-07-04 23:20:22,-97.3912,35.1764, 454.4, 6663,-10.6,-39.6,-36.2,  7,  8, 0.27,315,13.0
2026-07-04 23:20:23,-97.3912,35.1764, 454.1, 6669,-10.6,-39.6,-36.2,  7,  8, 0.27,315,13.1
2026-07-04 23:20:24,-97.3911,35.1763, 453.7, 6675,-10.6,-39.6,-36.2,  7,  8, 0.27,314,13.2
2026-07-04 23:20:25,-97.3910,35.1762, 453.3, 6682,-10.7,-39.6,-36.1,  7,  8, 0.27,314,13.3
2026-07-04 23:20:26,-97.3909,35.1761, 452.9, 6689,-10.7,-39.5,-36.1,  7,  8, 0.27,314,13.4
2026-07-04 23:20:27,-97.3908,35.1760, 452.5, 6695,-10.7,-39.6,-36.1,  7,  8, 0.27,313,13.6
2026-07-04 23:20:28,-97.3906,35.1759, 452.1, 6702,-10.7,-39.7,-36.2,  7,  8, 0.27,313,13.7
2026-07-04 23:20:29,-97.3905,35.1758, 451.8, 6707,-10.7,-39.9,-36.4,  7,  8, 0.26,313,13.8
2026-07-04 23:20:30,-97.3904,35.1757, 451.5, 6713,-10.7,-39.8,-36.3,  7,  8, 0.27,313,13.9
2026-07-04 23:20:31,-97.3902,35.1757, 451.1, 6719,-10.7,-39.4,-36.0,  7,  8, 0.28,313,14.0
2026-07-04 23:20:32,-97.3901,35.1756, 450.7, 6726,-10.7,-38.9,-35.5,  8,  9, 0.29,313,14.1
2026-07-04 23:20:33,-97.3900,35.1756, 450.3, 6733,-10.7,-38.6,-35.2,  8,  9, 0.30,313,14.2
2026-07-04 23:20:34,-97.3899,35.1755, 449.9, 6740,-10.7,-38.5,-35.1,  8,  9, 0.31,313,14.3
2026-07-04 23:20:35,-97.3898,35.1754, 449.4, 6748,-10.8,-38.4,-35.0,  8,  9, 0.31,313,14.4
2026-07-04 23:20:36,-97.3896,35.1753, 449.0, 6756,-10.8,-38.4,-35.0,  8,  9, 0.31,313,14.5
2026-07-04 23:20:37,-97.3895,35.1752, 448.5, 6763,-10.9,-38.4,-35.0,  8,  9, 0.31,313,14.5
2026-07-04 23:20:38,-97.3894,35.1751, 448.2, 6770,-10.9,-38.3,-34.9,  8,  9, 0.31,313,14.6
2026-07-04 23:20:39,-97.3893,35.1750, 447.8, 6775,-10.9,-38.3,-34.9,  9,  9, 0.31,314,14.7
2026-07-04 23:20:40,-97.3891,35.1749, 447.5, 6781,-11.0,-38.3,-34.9,  9, 10, 0.31,314,14.7
2026-07-04 23:20:41,-97.3890,35.1748, 447.1, 6787,-11.0,-38.2,-34.9,  9, 10, 0.32,314,14.8
2026-07-04 23:20:42,-97.3888,35.1747, 446.8, 6793,-11.1,-38.2,-34.8,  9, 10, 0.32,315,14.8
2026-07-04 23:20:43,-97.3887,35.1746, 446.4, 6799,-11.2,-38.1,-34.7,  9, 10, 0.32,315,14.8
2026-07-04 23:20:44,-97.3886,35.1745, 446.1, 6806,-11.2,-38.0,-34.6,  9, 10, 0.33,316,14.9
2026-07-04 23:20:45,-97.3885,35.1744, 445.7, 6812,-11.3,-37.8,-34.4,  9, 10, 0.33,316,14.9
2026-07-04 23:20:46,-97.3883,35.1743, 445.3, 6819,-11.3,-37.5,-34.2,  9, 11, 0.34,316,14.9
2026-07-04 23:20:47,-97.3882,35.1742, 444.8, 6827,-11.4,-37.3,-33.9, 10, 11, 0.35,317,14.9
2026-07-04 23:20:48,-97.3882,35.1741, 444.4, 6834,-11.4,-37.2,-33.8, 10, 11, 0.35,317,14.9
2026-07-04 23:20:49,-97.3881,35.1741, 444.0, 6842,-11.5,-37.2,-33.9, 10, 11, 0.35,318,14.9
2026-07-04 23:20:50,-97.3880,35.1740, 443.6, 6849,-11.5,-37.3,-34.0, 10, 11, 0.35,318,14.9
2026-07-04 23:20:51,-97.3879,35.1739, 443.2, 6855,-11.6,-37.4,-34.1, 10, 11, 0.35,318,14.9
2026-07-04 23:20:52,-97.3878,35.1737, 442.8, 6861,-11.6,-37.5,-34.2, 10, 11, 0.34,319,14.9
2026-07-04 23:20:53,-97.3877,35.1736, 442.5, 6867,-11.7,-37.6,-34.3, 10, 11, 0.34,319,14.8
2026-07-04 23:20:54,-97.3876,35.1735, 442.1, 6873,-11.7,-37.6,-34.2, 10, 11, 0.34,319,14.8
2026-07-04 23:20:55,-97.3875,35.1734, 441.8, 6879,-11.8,-37.4,-34.1, 10, 11, 0.35,319,14.7
2026-07-04 23:20:56,-97.3874,35.1733, 441.5, 6885,-11.8,-37.2,-33.8, 10, 11, 0.36,320,14.7
2026-07-04 23:20:57,-97.3873,35.1731, 441.1, 6891,-11.8,-36.9,-33.6, 10, 12, 0.37,320,14.6
2026-07-04 23:20:58,-97.3872,35.1730, 440.8, 6896,-11.9,-36.6,-33.3, 11, 12, 0.38,320,14.6
2026-07-04 23:20:59,-97.3871,35.1729, 440.5, 6902,-11.9,-35.9,-32.6, 12, 13, 0.41,320,14.5
2026-07-04 23:21:00,-97.3870,35.1728, 440.2, 6908,-12.0,-34.8,-31.7, 13, 15, 0.45,320,14.4
2026-07-04 23:21:01,-97.3869,35.1727, 439.8, 6914,-12.0,-33.8,-30.7, 14, 16, 0.50,320,14.3
2026-07-04 23:21:02,-97.3868,35.1726, 439.4, 6921,-12.1,-33.6,-30.5, 15, 17, 0.51,320,14.3
2026-07-04 23:21:03,-97.3867,35.1726, 439.0, 6928,-12.1,-33.8,-30.7, 15, 16, 0.50,320,14.2
2026-07-04 23:21:04,-97.3866,35.1725, 438.5, 6936,-12.2,-34.1,-31.0, 14, 16, 0.49,319,14.1
2026-07-04 23:21:05,-97.3865,35.1724, 438.1, 6943,-12.2,-34.4,-31.3, 14, 16, 0.47,319,14.0
2026-07-04 23:21:06,-97.3864,35.1723, 437.8, 6949,-12.3,-34.5,-31.3, 14, 16, 0.47,319,13.9
2026-07-04 23:21:07,-97.3863,35.1721, 437.4, 6956,-12.3,-34.6,-31.4, 14, 16, 0.47,319,13.8
2026-07-04 23:21:08,-97.3862,35.1720, 437.0, 6963,-12.4,-34.7,-31.5, 14, 15, 0.46,319,13.7
2026-07-04 23:21:09,-97.3861,35.1719, 436.6, 6969,-12.4,-34.8,-31.6, 14, 15, 0.46,319,13.6
2026-07-04 23:21:10,-97.3860,35.1718, 436.2, 6976,-12.5,-34.9,-31.7, 13, 15, 0.45,319,13.6
2026-07-04 23:21:11,-97.3859,35.1717, 435.8, 6983,-12.5,-35.1,-31.9, 13, 15, 0.44,318,13.5
2026-07-04 23:21:12,-97.3858,35.1717, 435.4, 6990,-12.6,-35.4,-32.2, 13, 15, 0.43,318,13.4
2026-07-04 23:21:13,-97.3857,35.1716, 435.0, 6997,-12.6,-35.7,-32.5, 13, 14, 0.42,318,13.3
2026-07-04 23:21:14,-97.3856,35.1715, 434.6, 7005,-12.7,-36.4,-33.1, 12, 13, 0.39,318,13.2
2026-07-04 23:21:15,-97.3855,35.1715, 434.1, 7013,-12.7,-37.2,-33.9, 11, 12, 0.36,318,13.2
2026-07-04 23:21:16,-97.3854,35.1714, 433.7, 7021,-12.8,-37.8,-34.4, 10, 12, 0.34,318,13.1
2026-07-04 23:21:17,-97.3852,35.1714, 433.2, 7029,-12.8,-37.9,-34.5, 10, 12, 0.34,318,13.1
2026-07-04 23:21:18,-97.3851,35.1713, 432.8, 7036,-12.8,-37.8,-34.4, 10, 12, 0.34,318,13.0
2026-07-04 23:21:19,-97.3850,35.1712, 432.4, 7043,-12.9,-37.6,-34.3, 11, 12, 0.35,318,13.0
2026-07-04 23:21:20,-97.3850,35.1711, 432.1, 7049,-12.9,-37.6,-34.2, 11, 12, 0.35,318,13.0
2026-07-04 23:21:21,-97.3849,35.1711, 431.7, 7055,-13.0,-37.4,-34.1, 11, 12, 0.36,319,12.9
2026-07-04 23:21:22,-97.3848,35.1710, 431.4, 7062,-13.0,-37.3,-33.9, 11, 13, 0.36,319,12.9
2026-07-04 23:21:23,-97.3847,35.1709, 431.0, 7068,-13.1,-37.2,-33.8, 11, 13, 0.37,319,12.9
2026-07-04 23:21:24,-97.3847,35.1708, 430.6, 7074,-13.1,-37.2,-33.9, 11, 13, 0.37,319,12.9
2026-07-04 23:21:25,-97.3846,35.1707, 430.3, 7081,-13.2,-37.3,-34.0, 11, 13, 0.36,319,12.9
2026-07-04 23:21:26,-97.3845,35.1706, 429.9, 7088,-13.3,-37.4,-34.0, 11, 13, 0.36,319,13.0
2026-07-04 23:21:27,-97.3844,35.1705, 429.5, 7095,-13.3,-37.4,-34.1, 11, 13, 0.36,319,13.0
2026-07-04 23:21:28,-97.3843,35.1704, 429.2, 7101,-13.4,-37.5,-34.2, 11, 13, 0.35,319,13.0
2026-07-04 23:21:29,-97.3843,35.1703, 428.8, 7106,-13.4,-37.7,-34.4, 11, 13, 0.35,319,13.0
2026-07-04 23:21:30,-97.3842,35.1702, 428.5, 7112,-13.4,-38.1,-34.7, 11, 12, 0.34,319,13.0
2026-07-04 23:21:31,-97.3841,35.1701, 428.1, 7119,-13.5,-38.5,-35.1, 10, 12, 0.32,319,13.1
2026-07-04 23:21:32,-97.3840,35.1700, 427.7, 7126,-13.5,-38.9,-35.4, 10, 11, 0.31,319,13.1
2026-07-04 23:21:33,-97.3839,35.1699, 427.4, 7132,-13.6,-39.2,-35.7, 10, 11, 0.30,319,13.1
2026-07-04 23:21:34,-97.3838,35.1698, 427.0, 7139,-13.6,-39.4,-35.9,  9, 11, 0.29,318,13.1
2026-07-04 23:21:35,-97.3837,35.1697, 426.7, 7145,-13.7,-39.6,-36.1,  9, 11, 0.29,318,13.1
2026-07-04 23:21:36,-97.3836,35.1696, 426.3, 7151,-13.7,-39.7,-36.2,  9, 11, 0.29,318,13.2
2026-07-04 23:21:37,-97.3835,35.1695, 426.0, 7157,-13.8,-39.9,-36.4,  9, 10, 0.28,318,13.2
2026-07-04 23:21:38,-97.3834,35.1694, 425.6, 7163,-13.8,-40.0,-36.5,  9, 10, 0.28,317,13.2
2026-07-04 23:21:39,-97.3833,35.1694, 425.2, 7170,-13.9,-40.0,-36.5,  9, 10, 0.28,317,13.1
2026-07-04 23:21:40,-97.3832,35.1693, 424.8, 7178,-14.0,-40.0,-36.5,  9, 10, 0.28,316,13.1
2026-07-04 23:21:41,-97.3831,35.1692, 424.4, 7185,-14.0,-40.0,-36.5,  9, 10, 0.28,316,13.1
2026-07-04 23:21:42,-97.3830,35.1691, 424.1, 7191,-14.1,-40.0,-36.5,  9, 11, 0.28,315,13.1
2026-07-04 23:21:43,-97.3829,35.1690, 423.7, 7197,-14.1,-40.0,-36.5,  9, 11, 0.28,315,13.0
2026-07-04 23:21:44,-97.3828,35.1689, 423.5, 7202,-14.2,-40.1,-36.6,  9, 10, 0.27,314,13.0
2026-07-04 23:21:45,-97.3826,35.1688, 423.2, 7208,-14.2,-40.2,-36.7,  9, 10, 0.27,314,13.0
2026-07-04 23:21:46,-97.3825,35.1688, 422.8, 7214,-14.3,-40.1,-36.6,  9, 11, 0.28,314,12.9
2026-07-04 23:21:47,-97.3824,35.1687, 422.5, 7220,-14.3,-39.9,-36.4,  9, 11, 0.28,313,12.8
2026-07-04 23:21:48,-97.3823,35.1686, 422.2, 7226,-14.3,-39.6,-36.2, 10, 11, 0.29,313,12.8
2026-07-04 23:21:49,-97.3822,35.1686, 421.9, 7231,-14.4,-39.5,-36.0, 10, 11, 0.30,312,12.7
2026-07-04 23:21:50,-97.3821,35.1685, 421.6, 7236,-14.4,-39.4,-35.9, 10, 12, 0.30,312,12.6
2026-07-04 23:21:51,-97.3820,35.1684, 421.3, 7241,-14.4,-39.5,-36.0, 10, 12, 0.30,311,12.6
2026-07-04 23:21:52,-97.3819,35.1684, 420.9, 7247,-14.5,-39.6,-36.2, 10, 11, 0.29,311,12.5
2026-07-04 23:21:53,-97.3818,35.1683, 420.6, 7254,-14.5,-39.8,-36.3, 10, 11, 0.29,311,12.4
2026-07-04 23:21:54,-97.3817,35.1682, 420.2, 7260,-14.5,-39.8,-36.3, 10, 11, 0.29,310,12.3
2026-07-04 23:21:55,-97.3816,35.1681, 419.9, 7266,-14.6,-39.8,-36.3, 10, 11, 0.29,310,12.3
2026-07-04 23:21:56,-97.3815,35.1681, 419.5, 7273,-14.6,-39.8,-36.4, 10, 11, 0.29,310,12.2
2026-07-04 23:21:57,-97.3814,35.1680, 419.2, 7279,-14.7,-39.9,-36.4, 10, 11, 0.29,309,12.1
2026-07-04 23:21:58,-97.3813,35.1679, 418.9, 7285,-14.8,-39.9,-36.4, 10, 11, 0.29,309,12.0
2026-07-04 23:21:59,-97.3812,35.1679, 418.5, 7291,-14.8,-40.0,-36.5, 10, 11, 0.28,309,11.9
2026-07-04 23:22:00,-97.3810,35.1678, 418.2, 7297,-14.9,-40.0,-36.5, 10, 11, 0.28,308,11.9
2026-07-04 23:22:01,-97.3809,35.1678, 417.8, 7304,-14.9,-40.1,-36.6, 10, 11, 0.28,308,11.8
2026-07-04 23:22:02,-97.3808,35.1677, 417.4, 7311,-15.0,-40.1,-36.6, 10, 11, 0.28,308,11.7
2026-07-04 23:22:03,-97.3807,35.1677, 417.0, 7318,-15.0,-40.2,-36.7, 10, 11, 0.28,307,11.6
2026-07-04 23:22:04,-97.3806,35.1676, 416.7, 7325,-15.1,-40.3,-36.8, 10, 11, 0.28,307,11.6
2026-07-04 23:22:05,-97.3806,35.1675, 416.3, 7331,-15.1,-40.3,-36.8, 10, 11, 0.27,307,11.5
2026-07-04 23:22:06,-97.3805,35.1674, 415.9, 7338,-15.2,-40.4,-36.9, 10, 11, 0.27,306,11.5
2026-07-04 23:22:07,-97.3805,35.1673, 415.6, 7344,-15.2,-40.5,-36.9, 10, 11, 0.27,306,11.4
2026-07-04 23:22:08,-97.3804,35.1673, 415.2, 7351,-15.3,-40.5,-37.0, 10, 11, 0.27,306,11.4
2026-07-04 23:22:09,-97.3803,35.1672, 414.9, 7357,-15.3,-40.7,-37.2,  9, 11, 0.26,305,11.4
2026-07-04 23:22:10,-97.3802,35.1671, 414.5, 7363,-15.3,-41.0,-37.4,  9, 11, 0.26,305,11.3
2026-07-04 23:22:11,-97.3801,35.1671, 414.2, 7369,-15.3,-41.3,-37.7,  9, 10, 0.25,304,11.3
2026-07-04 23:22:12,-97.3800,35.1671, 414.0, 7374,-15.4,-41.5,-37.9,  9, 10, 0.24,304,11.3
2026-07-04 23:22:13,-97.3798,35.1671, 413.7, 7379,-15.4,-41.6,-38.1,  9, 10, 0.24,304,11.3
2026-07-04 23:22:14,-97.3797,35.1670, 413.4, 7384,-15.5,-41.8,-38.2,  9, 10, 0.24,303,11.3
2026-07-04 23:22:15,-97.3796,35.1670, 413.0, 7391,-15.5,-42.1,-38.5,  8, 10, 0.23,303,11.2
2026-07-04 23:22:16,-97.3795,35.1669, 412.6, 7399,-15.6,-42.5,-38.9,  8,  9, 0.22,303,11.2
2026-07-04 23:22:17,-97.3793,35.1669, 412.1, 7408,-15.6,-42.8,-39.2,  8,  9, 0.21,303,11.2
2026-07-04 23:22:18,-97.3792,35.1668, 411.5, 7418,-15.7,-43.0,-39.3,  8,  9, 0.21,303,11.3
2026-07-04 23:22:19,-97.3791,35.1667, 411.0, 7427,-15.8,-43.1,-39.4,  8,  9, 0.21,303,11.3
2026-07-04 23:22:20,-97.3790,35.1667, 410.6, 7435,-15.9,-43.1,-39.4,  8,  9, 0.21,302,11.3
2026-07-04 23:22:21,-97.3789,35.1666, 410.3, 7441,-15.9,-43.1,-39.4,  8,  9, 0.21,302,11.3
2026-07-04 23:22:22,-97.3788,35.1666, 410.0, 7446,-15.9,-43.1,-39.4,  8,  9, 0.21,302,11.3
2026-07-04 23:22:23,-97.3788,35.1666, 409.7, 7452,-16.0,-43.1,-39.4,  8,  9, 0.21,302,11.3
2026-07-04 23:22:24,-97.3787,35.1665, 409.4, 7457,-16.0,-43.1,-39.4,  8,  9, 0.21,302,11.3
2026-07-04 23:22:25,-97.3786,35.1665, 409.1, 7462,-16.1,-43.0,-39.4,  8,  9, 0.21,303,11.3
2026-07-04 23:22:26,-97.3785,35.1665, 408.9, 7467,-16.1,-43.0,-39.3,  8,  9, 0.21,303,11.3
2026-07-04 23:22:27,-97.3783,35.1664, 408.5, 7473,-16.2,-43.0,-39.3,  8,  9, 0.21,303,11.3
2026-07-04 23:22:28,-97.3782,35.1663, 408.2, 7480,-16.3,-43.0,-39.4,  8,  9, 0.21,303,11.3
2026-07-04 23:22:29,-97.3781,35.1663, 407.8, 7487,-16.3,-43.1,-39.4,  8,  9, 0.21,303,11.2
2026-07-04 23:22:30,-97.3780,35.1662, 407.4, 7494,-16.4,-43.1,-39.4,  8,  9, 0.21,303,11.2
2026-07-04 23:22:31,-97.3779,35.1661, 407.0, 7501,-16.5,-43.1,-39.5,  8,  9, 0.21,303,11.2
2026-07-04 23:22:32,-97.3778,35.1661, 406.7, 7508,-16.5,-43.2,-39.5,  8,  9, 0.21,304,11.2
2026-07-04 23:22:33,-97.3776,35.1660, 406.3, 7514,-16.6,-43.2,-39.5,  8, 10, 0.21,304,11.2
2026-07-04 23:22:34,-97.3775,35.1659, 406.0, 7520,-16.6,-43.2,-39.6,  8, 10, 0.21,304,11.2
2026-07-04 23:22:35,-97.3775,35.1658, 405.7, 7526,-16.7,-43.3,-39.6,  8, 10, 0.21,304,11.2
2026-07-04 23:22:36,-97.3774,35.1657, 405.4, 7531,-16.7,-43.3,-39.6,  8, 10, 0.21,304,11.2
2026-07-04 23:22:37,-97.3773,35.1657, 405.1, 7537,-16.8,-43.3,-39.6,  8, 10, 0.21,304,11.1
2026-07-04 23:22:38,-97.3772,35.1656, 404.8, 7542,-16.8,-43.4,-39.7,  8, 10, 0.20,304,11.1
2026-07-04 23:22:39,-97.3772,35.1656, 404.5, 7548,-16.9,-43.4,-39.7,  8, 10, 0.20,304,11.1
2026-07-04 23:22:40,-97.3771,35.1655, 404.2, 7553,-16.9,-43.4,-39.8,  8, 10, 0.20,304,11.1
2026-07-04 23:22:41,-97.3770,35.1655, 403.9, 7559,-17.0,-43.5,-39.8,  8, 10, 0.20,304,11.1
2026-07-04 23:22:42,-97.3769,35.1654, 403.6, 7565,-17.0,-43.5,-39.8,  8, 10, 0.20,303,11.1
2026-07-04 23:22:43,-97.3768,35.1654, 403.2, 7571,-17.1,-43.5,-39.8,  8, 10, 0.20,303,11.1
2026-07-04 23:22:44,-97.3766,35.1653, 402.9, 7578,-17.2,-43.5,-39.8,  8, 10, 0.20,303,11.2
2026-07-04 23:22:45,-97.3765,35.1653, 402.5, 7586,-17.2,-43.5,-39.8,  8, 10, 0.20,303,11.2
2026-07-04 23:22:46,-97.3764,35.1652, 402.1, 7593,-17.3,-43.4,-39.7,  8, 10, 0.20,303,11.2
2026-07-04 23:22:47,-97.3763,35.1652, 401.7, 7599,-17.3,-43.4,-39.7,  8, 10, 0.20,303,11.3
2026-07-04 23:22:48,-97.3762,35.1651, 401.4, 7605,-17.4,-43.4,-39.8,  8, 10, 0.20,303,11.3
2026-07-04 23:22:49,-97.3761,35.1651, 401.1, 7610,-17.4,-43.5,-39.8,  8, 10, 0.20,303,11.3
2026-07-04 23:22:50,-97.3761,35.1651, 400.9, 7615,-17.5,-43.6,-39.9,  8, 10, 0.20,302,11.4
2026-07-04 23:22:51,-97.3760,35.1650, 400.6, 7621,-17.5,-43.7,-40.0,  8, 10, 0.20,302,11.4
2026-07-04 23:22:52,-97.3760,35.1650, 400.2, 7627,-17.6,-43.8,-40.1,  8, 10, 0.20,302,11.5
2026-07-04 23:22:52,-97.3759,35.1650, 400.0, 7632,-17.6,-43.9,-40.2,  8, 10, 0.20,302,11.5
2026-07-04 23:22:53,-97.3758,35.1649, 399.9, 7634,-17.6,-43.9,-40.2,  8, 10, 0.20,302,11.5
2026-07-04 23:22:54,-97.3757,35.1649, 399.4, 7642,-17.7,-44.0,-40.3,  8, 10, 0.19,302,11.6
2026-07-04 23:22:55,-97.3756,35.1649, 399.0, 7650,-17.8,-44.0,-40.3,  8, 10, 0.19,303,11.6
2026-07-04 23:22:56,-97.3754,35.1648, 398.6, 7658,-17.8,-44.0,-40.3,  8, 10, 0.19,303,11.7
2026-07-04 23:22:57,-97.3753,35.1648, 398.2, 7665,-17.9,-43.9,-40.2,  8, 10, 0.20,303,11.7
2026-07-04 23:22:58,-97.3751,35.1647, 397.8, 7672,-17.9,-43.9,-40.2,  8, 10, 0.20,303,11.7
2026-07-04 23:22:59,-97.3750,35.1646, 397.5, 7678,-17.9,-43.8,-40.1,  8, 10, 0.20,303,11.8
2026-07-04 23:23:00,-97.3748,35.1646, 397.2, 7684,-18.0,-43.8,-40.1,  9, 10, 0.20,303,11.8
2026-07-04 23:23:01,-97.3747,35.1645, 396.9, 7690,-18.1,-43.7,-40.0,  9, 10, 0.20,304,11.8
2026-07-04 23:23:02,-97.3746,35.1644, 396.5, 7697,-18.1,-43.6,-39.9,  9, 11, 0.20,304,11.9
2026-07-04 23:23:03,-97.3745,35.1643, 396.1, 7705,-18.2,-43.5,-39.8,  9, 11, 0.21,304,11.9
2026-07-04 23:23:04,-97.3744,35.1642, 395.7, 7712,-18.2,-43.6,-39.9,  9, 11, 0.20,304,11.9
2026-07-04 23:23:05,-97.3743,35.1642, 395.4, 7719,-18.2,-43.8,-40.1,  9, 10, 0.20,304,11.9
2026-07-04 23:23:06,-97.3742,35.1641, 395.0, 7725,-18.3,-43.9,-40.2,  9, 10, 0.20,305,11.9
2026-07-04 23:23:07,-97.3741,35.1640, 394.7, 7732,-18.3,-43.9,-40.2,  9, 10, 0.20,305,11.9
2026-07-04 23:23:08,-97.3740,35.1639, 394.3, 7739,-18.4,-43.9,-40.2,  9, 10, 0.20,305,11.9
2026-07-04 23:23:09,-97.3740,35.1639, 393.9, 7746,-18.5,-44.0,-40.3,  9, 10, 0.20,305,11.9
2026-07-04 23:23:10,-97.3739,35.1638, 393.5, 7753,-18.5,-44.1,-40.3,  9, 10, 0.20,305,11.9
2026-07-04 23:23:11,-97.3738,35.1637, 393.2, 7760,-18.6,-44.1,-40.4,  9, 10, 0.20,305,11.9
2026-07-04 23:23:12,-97.3737,35.1637, 392.8, 7767,-18.7,-44.1,-40.4,  9, 10, 0.19,305,11.9
2026-07-04 23:23:13,-97.3736,35.1636, 392.5, 7773,-18.7,-44.2,-40.5,  9, 10, 0.19,305,11.9
2026-07-04 23:23:14,-97.3735,35.1636, 392.2, 7779,-18.8,-44.4,-40.7,  9, 10, 0.19,305,11.9
2026-07-04 23:23:15,-97.3734,35.1635, 391.9, 7784,-18.8,-44.6,-40.9,  8, 10, 0.18,305,11.9
2026-07-04 23:23:16,-97.3733,35.1635, 391.6, 7790,-18.9,-44.9,-41.1,  8, 10, 0.18,305,11.9
2026-07-04 23:23:17,-97.3732,35.1635, 391.3, 7796,-18.9,-45.0,-41.2,  8, 10, 0.18,305,11.9
2026-07-04 23:23:18,-97.3731,35.1634, 391.0, 7802,-19.0,-45.1,-41.3,  8, 10, 0.18,304,11.9
2026-07-04 23:23:19,-97.3730,35.1634, 390.6, 7809,-19.1,-45.0,-41.2,  8, 10, 0.18,304,11.9
2026-07-04 23:23:20,-97.3728,35.1633, 390.3, 7815,-19.1,-44.9,-41.1,  8, 10, 0.18,304,11.9
2026-07-04 23:23:21,-97.3727,35.1632, 390.0, 7821,-19.2,-44.8,-41.0,  8, 10, 0.18,304,11.9
2026-07-04 23:23:22,-97.3726,35.1631, 389.7, 7826,-19.2,-44.9,-41.1,  8, 10, 0.18,304,11.9
2026-07-04 23:23:23,-97.3724,35.1631, 389.4, 7832,-19.3,-45.0,-41.2,  8, 10, 0.18,303,12.0
2026-07-04 23:23:24,-97.3723,35.1630, 389.2, 7836,-19.3,-45.1,-41.3,  8, 10, 0.18,303,12.0
2026-07-04 23:23:25,-97.3722,35.1629, 388.9, 7841,-19.4,-45.2,-41.5,  8, 10, 0.17,303,12.0
2026-07-04 23:23:26,-97.3721,35.1629, 388.7, 7846,-19.4,-45.3,-41.5,  8, 10, 0.17,303,12.0
2026-07-04 23:23:27,-97.3720,35.1628, 388.4, 7851,-19.5,-45.4,-41.6,  8, 10, 0.17,303,12.0
2026-07-04 23:23:28,-97.3719,35.1627, 388.1, 7856,-19.5,-45.4,-41.6,  8, 10, 0.17,302,12.0
2026-07-04 23:23:29,-97.3718,35.1627, 387.8, 7862,-19.6,-45.4,-41.7,  8, 10, 0.17,302,12.0
2026-07-04 23:23:30,-97.3717,35.1626, 387.5, 7868,-19.6,-45.5,-41.7,  8, 10, 0.17,302,12.0
2026-07-04 23:23:31,-97.3716,35.1626, 387.2, 7874,-19.7,-45.5,-41.7,  8, 10, 0.17,302,12.0
2026-07-04 23:23:32,-97.3715,35.1626, 386.9, 7880,-19.7,-45.5,-41.7,  8, 10, 0.17,302,12.1
2026-07-04 23:23:33,-97.3713,35.1625, 386.6, 7886,-19.8,-45.5,-41.7,  8, 10, 0.17,302,12.1
2026-07-04 23:23:34,-97.3712,35.1625, 386.3, 7892,-19.8,-45.6,-41.8,  8, 10, 0.17,302,12.1
2026-07-04 23:23:35,-97.3711,35.1624, 385.9, 7898,-19.9,-45.6,-41.8,  8, 10, 0.17,302,12.1
2026-07-04 23:23:36,-97.3710,35.1624, 385.6, 7905,-20.0,-45.7,-41.9,  8, 10, 0.17,302,12.1
2026-07-04 23:23:37,-97.3708,35.1623, 385.2, 7912,-20.0,-45.7,-41.9,  8, 10, 0.17,302,12.1
2026-07-04 23:23:38,-97.3707,35.1622, 384.8, 7919,-20.1,-45.7,-41.9,  8, 10, 0.17,302,12.1
2026-07-04 23:23:39,-97.3706,35.1622, 384.4, 7927,-20.2,-45.7,-41.9,  8, 10, 0.17,302,12.1
2026-07-04 23:23:40,-97.3705,35.1621, 384.1, 7934,-20.2,-45.8,-42.0,  8, 10, 0.17,302,12.1
2026-07-04 23:23:41,-97.3704,35.1620, 383.8, 7940,-20.3,-45.9,-42.1,  8, 10, 0.16,302,12.2
2026-07-04 23:23:42,-97.3703,35.1620, 383.5, 7946,-20.3,-46.0,-42.1,  8, 10, 0.16,302,12.2
2026-07-04 23:23:43,-97.3702,35.1619, 383.2, 7951,-20.4,-46.0,-42.1,  8, 10, 0.16,302,12.2
2026-07-04 23:23:44,-97.3701,35.1618, 382.9, 7956,-20.4,-46.0,-42.1,  8, 10, 0.16,302,12.2
2026-07-04 23:23:45,-97.3701,35.1618, 382.6, 7962,-20.5,-45.9,-42.1,  8, 10, 0.16,302,12.2
2026-07-04 23:23:46,-97.3700,35.1617, 382.3, 7969,-20.6,-45.9,-42.0,  9, 10, 0.17,301,12.2
2026-07-04 23:23:47,-97.3699,35.1617, 381.9, 7976,-20.6,-45.8,-42.0,  9, 11, 0.17,301,12.3
2026-07-04 23:23:48,-97.3698,35.1616, 381.5, 7984,-20.7,-45.9,-42.1,  9, 11, 0.17,301,12.3
2026-07-04 23:23:49,-97.3696,35.1616, 381.1, 7992,-20.8,-45.9,-42.1,  9, 11, 0.16,301,12.3
2026-07-04 23:23:50,-97.3695,35.1615, 380.7, 7999,-20.9,-46.1,-42.2,  9, 10, 0.16,301,12.3
2026-07-04 23:23:51,-97.3693,35.1615, 380.4, 8005,-20.9,-46.2,-42.3,  8, 10, 0.16,300,12.3
2026-07-04 23:23:52,-97.3692,35.1614, 380.1, 8010,-20.9,-46.2,-42.4,  8, 10, 0.16,300,12.4
2026-07-04 23:23:53,-97.3690,35.1613, 379.9, 8015,-21.0,-46.3,-42.4,  8, 10, 0.16,300,12.4
2026-07-04 23:23:54,-97.3689,35.1612, 379.7, 8019,-21.0,-46.3,-42.5,  8, 10, 0.16,299,12.4
2026-07-04 23:23:55,-97.3688,35.1612, 379.4, 8024,-21.1,-46.3,-42.5,  8, 10, 0.16,299,12.4
2026-07-04 23:23:56,-97.3686,35.1611, 379.2, 8029,-21.1,-46.3,-42.5,  8, 10, 0.16,299,12.4
2026-07-04 23:23:57,-97.3685,35.1610, 378.9, 8035,-21.1,-46.3,-42.5,  9, 10, 0.16,298,12.4
2026-07-04 23:23:58,-97.3684,35.1610, 378.6, 8040,-21.2,-46.3,-42.5,  9, 10, 0.16,298,12.4
2026-07-04 23:23:59,-97.3683,35.1609, 378.3, 8045,-21.2,-46.4,-42.6,  9, 10, 0.16,298,12.4
2026-07-04 23:24:00,-97.3682,35.1609, 378.1, 8051,-21.3,-46.4,-42.6,  9, 11, 0.16,297,12.3
2026-07-04 23:24:01,-97.3681,35.1609, 377.8, 8055,-21.3,-46.4,-42.5,  9, 11, 0.16,297,12.3
2026-07-04 23:24:02,-97.3680,35.1608, 377.6, 8060,-21.4,-46.3,-42.5,  9, 11, 0.16,296,12.3
2026-07-04 23:24:03,-97.3679,35.1608, 377.3, 8064,-21.4,-46.3,-42.5,  9, 11, 0.16,296,12.3
2026-07-04 23:24:04,-97.3678,35.1607, 377.1, 8069,-21.4,-46.3,-42.5,  9, 11, 0.16,296,12.2
2026-07-04 23:24:05,-97.3676,35.1607, 376.9, 8074,-21.5,-46.4,-42.5,  9, 11, 0.16,295,12.2
2026-07-04 23:24:06,-97.3675,35.1607, 376.6, 8079,-21.5,-46.5,-42.6,  9, 11, 0.16,295,12.2
2026-07-04 23:24:07,-97.3674,35.1606, 376.4, 8084,-21.6,-46.5,-42.7,  9, 11, 0.16,294,12.1
2026-07-04 23:24:08,-97.3672,35.1606, 376.1, 8088,-21.6,-46.6,-42.7,  9, 11, 0.16,294,12.1
2026-07-04 23:24:09,-97.3671,35.1606, 375.9, 8093,-21.6,-46.6,-42.7,  9, 11, 0.16,294,12.1
2026-07-04 23:24:10,-97.3670,35.1605, 375.6, 8098,-21.7,-46.5,-42.7,  9, 11, 0.16,293,12.0
2026-07-04 23:24:11,-97.3668,35.1605, 375.4, 8103,-21.7,-46.5,-42.6,  9, 11, 0.16,293,12.0
2026-07-04 23:24:12,-97.3667,35.1604, 375.1, 8108,-21.8,-46.4,-42.6,  9, 11, 0.16,293,12.0
2026-07-04 23:24:13,-97.3666,35.1604, 374.8, 8113,-21.8,-46.4,-42.5,  9, 11, 0.16,293,12.0
2026-07-04 23:24:14,-97.3665,35.1604, 374.6, 8119,-21.9,-46.3,-42.5,  9, 11, 0.16,292,12.0
2026-07-04 23:24:15,-97.3663,35.1603, 374.3, 8124,-21.9,-46.4,-42.5,  9, 11, 0.16,292,11.9
2026-07-04 23:24:16,-97.3662,35.1603, 374.0, 8129,-22.0,-46.4,-42.6,  9, 11, 0.16,292,11.9
2026-07-04 23:24:17,-97.3661,35.1602, 373.8, 8135,-22.0,-46.5,-42.6,  9, 11, 0.16,292,11.9
2026-07-04 23:24:18,-97.3660,35.1602, 373.5, 8140,-22.1,-46.5,-42.7,  9, 11, 0.16,291,11.9
2026-07-04 23:24:19,-97.3659,35.1602, 373.2, 8146,-22.1,-46.5,-42.7,  9, 11, 0.16,291,12.0
2026-07-04 23:24:20,-97.3658,35.1601, 372.9, 8152,-22.2,-46.6,-42.7,  9, 11, 0.16,291,12.0
2026-07-04 23:24:21,-97.3657,35.1601, 372.6, 8157,-22.2,-46.6,-42.8,  9, 11, 0.16,291,12.0
2026-07-04 23:24:22,-97.3656,35.1601, 372.3, 8163,-22.3,-46.7,-42.8,  9, 11, 0.16,291,12.0
2026-07-04 23:24:23,-97.3655,35.1600, 372.0, 8169,-22.3,-46.8,-42.9,  9, 11, 0.15,290,12.0
2026-07-04 23:24:24,-97.3654,35.1600, 371.7, 8175,-22.4,-46.9,-43.0,  9, 11, 0.15,290,12.1
2026-07-04 23:24:25,-97.3652,35.1599, 371.4, 8181,-22.4,-47.0,-43.1,  9, 11, 0.15,290,12.1
2026-07-04 23:24:26,-97.3651,35.1599, 371.1, 8188,-22.5,-47.1,-43.3,  9, 11, 0.15,290,12.1
2026-07-04 23:24:27,-97.3650,35.1598, 370.7, 8195,-22.6,-47.2,-43.4,  9, 11, 0.15,290,12.1
2026-07-04 23:24:28,-97.3648,35.1598, 370.4, 8202,-22.6,-47.3,-43.4,  9, 11, 0.15,290,12.2
2026-07-04 23:24:29,-97.3647,35.1597, 370.0, 8209,-22.7,-47.4,-43.5,  9, 11, 0.14,289,12.2
2026-07-04 23:24:30,-97.3646,35.1597, 369.7, 8215,-22.8,-47.4,-43.5,  9, 11, 0.14,289,12.2
2026-07-04 23:24:31,-97.3644,35.1597, 369.4, 8222,-22.8,-47.5,-43.6,  9, 11, 0.14,289,12.3
2026-07-04 23:24:32,-97.3643,35.1597, 369.1, 8227,-22.9,-47.5,-43.6,  9, 11, 0.14,289,12.3
2026-07-04 23:24:33,-97.3641,35.1596, 368.9, 8232,-22.9,-47.5,-43.6,  9, 11, 0.14,289,12.3
2026-07-04 23:24:34,-97.3640,35.1596, 368.6, 8236,-22.9,-47.5,-43.6,  9, 11, 0.14,289,12.3
2026-07-04 23:24:35,-97.3638,35.1596, 368.4, 8241,-23.0,-47.5,-43.7,  9, 11, 0.14,289,12.3
2026-07-04 23:24:36,-97.3637,35.1596, 368.2, 8246,-23.0,-47.5,-43.7,  9, 11, 0.14,290,12.3
2026-07-04 23:24:37,-97.3636,35.1595, 367.9, 8251,-23.1,-47.6,-43.7,  9, 11, 0.14,290,12.3
2026-07-04 23:24:38,-97.3634,35.1594, 367.5, 8258,-23.1,-47.6,-43.7,  9, 11, 0.14,290,12.3
2026-07-04 23:24:39,-97.3633,35.1594, 367.2, 8265,-23.2,-47.6,-43.7,  9, 11, 0.14,290,12.3
2026-07-04 23:24:40,-97.3632,35.1593, 366.8, 8272,-23.3,-47.7,-43.8,  9, 11, 0.14,290,12.3
2026-07-04 23:24:41,-97.3631,35.1593, 366.5, 8279,-23.3,-47.7,-43.8,  9, 11, 0.14,291,12.3
2026-07-04 23:24:42,-97.3630,35.1593, 366.2, 8285,-23.4,-47.8,-43.9,  9, 11, 0.14,291,12.2
2026-07-04 23:24:43,-97.3629,35.1593, 365.9, 8291,-23.4,-47.9,-44.0,  9, 11, 0.14,291,12.2
2026-07-04 23:24:44,-97.3627,35.1593, 365.6, 8297,-23.5,-48.0,-44.1,  9, 11, 0.14,292,12.2
2026-07-04 23:24:45,-97.3626,35.1592, 365.3, 8304,-23.6,-48.1,-44.2,  9, 11, 0.14,292,12.1
2026-07-04 23:24:46,-97.3625,35.1592, 364.9, 8310,-23.6,-48.2,-44.3,  9, 11, 0.13,293,12.1
2026-07-04 23:24:47,-97.3623,35.1592, 364.6, 8316,-23.6,-48.4,-44.4,  8, 11, 0.13,293,12.0
2026-07-04 23:24:48,-97.3622,35.1591, 364.4, 8321,-23.6,-48.6,-44.6,  8, 10, 0.13,294,12.0
2026-07-04 23:24:49,-97.3621,35.1591, 364.1, 8326,-23.7,-48.7,-44.8,  8, 10, 0.13,294,11.9
2026-07-04 23:24:50,-97.3619,35.1590, 363.9, 8331,-23.7,-48.8,-44.8,  8, 10, 0.13,295,11.9
2026-07-04 23:24:51,-97.3618,35.1589, 363.7, 8335,-23.7,-48.7,-44.8,  8, 10, 0.13,295,11.8
2026-07-04 23:24:52,-97.3616,35.1589, 363.4, 8341,-23.8,-48.7,-44.8,  8, 10, 0.13,295,11.8
2026-07-04 23:24:53,-97.3616,35.1588, 363.1, 8346,-23.8,-48.8,-44.8,  8, 10, 0.13,296,11.8
2026-07-04 23:24:54,-97.3615,35.1588, 362.9, 8351,-23.9,-48.8,-44.9,  8, 10, 0.13,296,11.7
2026-07-04 23:24:55,-97.3614,35.1587, 362.6, 8356,-23.9,-48.9,-44.9,  8, 10, 0.12,297,11.7
2026-07-04 23:24:56,-97.3613,35.1587, 362.4, 8361,-24.0,-49.0,-45.0,  8, 10, 0.12,297,11.7
2026-07-04 23:24:57,-97.3612,35.1586, 362.2, 8366,-24.0,-49.0,-45.0,  8, 10, 0.12,297,11.6
2026-07-04 23:24:58,-97.3611,35.1585, 361.9, 8370,-24.1,-49.1,-45.1,  8, 10, 0.12,298,11.6
2026-07-04 23:24:59,-97.3610,35.1585, 361.7, 8375,-24.1,-49.2,-45.2,  8, 10, 0.12,298,11.6
2026-07-04 23:25:00,-97.3609,35.1584, 361.5, 8379,-24.2,-49.3,-45.3,  8, 10, 0.12,298,11.6
2026-07-04 23:25:01,-97.3608,35.1584, 361.2, 8384,-24.2,-49.4,-45.4,  8, 10, 0.12,298,11.6
2026-07-04 23:25:02,-97.3607,35.1583, 361.0, 8389,-24.3,-49.4,-45.4,  8, 10, 0.12,298,11.6
2026-07-04 23:25:03,-97.3606,35.1583, 360.8, 8394,-24.3,-49.4,-45.4,  8, 10, 0.12,298,11.6
2026-07-04 23:25:04,-97.3605,35.1582, 360.5, 8399,-24.4,-49.4,-45.4,  8, 10, 0.12,298,11.5
2026-07-04 23:25:05,-97.3604,35.1582, 360.2, 8404,-24.4,-49.4,-45.4,  8, 10, 0.12,298,11.5
2026-07-04 23:25:06,-97.3603,35.1581, 359.9, 8410,-24.5,-49.4,-45.4,  8, 10, 0.12,298,11.5
2026-07-04 23:25:07,-97.3602,35.1581, 359.6, 8417,-24.5,-49.4,-45.4,  8, 10, 0.12,299,11.5
2026-07-04 23:25:08,-97.3600,35.1580, 359.3, 8423,-24.6,-49.4,-45.5,  8, 10, 0.12,299,11.5
2026-07-04 23:25:09,-97.3599,35.1580, 359.1, 8428,-24.6,-49.5,-45.5,  8, 10, 0.12,299,11.5
2026-07-04 23:25:10,-97.3598,35.1580, 358.8, 8433,-24.7,-49.6,-45.7,  8, 10, 0.12,299,11.5
2026-07-04 23:25:11,-97.3597,35.1579, 358.6, 8438,-24.7,-49.7,-45.7,  8, 10, 0.11,299,11.5
2026-07-04 23:25:12,-97.3595,35.1579, 358.3, 8443,-24.8,-49.8,-45.8,  8, 10, 0.11,299,11.5
2026-07-04 23:25:13,-97.3594,35.1579, 358.1, 8448,-24.8,-49.8,-45.8,  8, 10, 0.11,299,11.5
2026-07-04 23:25:14,-97.3593,35.1578, 357.9, 8452,-24.9,-49.9,-45.9,  8, 10, 0.11,299,11.5
2026-07-04 23:25:15,-97.3591,35.1577, 357.7, 8456,-24.9,-49.9,-45.9,  8, 10, 0.11,299,11.5
2026-07-04 23:25:16,-97.3590,35.1577, 357.5, 8461,-24.9,-50.0,-46.0,  8, 10, 0.11,299,11.4
2026-07-04 23:25:17,-97.3589,35.1576, 357.2, 8466,-25.0,-50.0,-46.0,  8, 10, 0.11,299,11.4
2026-07-04 23:25:18,-97.3588,35.1576, 357.0, 8471,-25.1,-50.1,-46.1,  8, 10, 0.11,299,11.4
2026-07-04 23:25:19,-97.3587,35.1575, 356.7, 8476,-25.1,-50.2,-46.2,  8, 10, 0.11,299,11.4
2026-07-04 23:25:20,-97.3586,35.1575, 356.5, 8481,-25.1,-50.3,-46.3,  8, 10, 0.11,299,11.4
2026-07-04 23:25:21,-97.3585,35.1574, 356.2, 8487,-25.2,-50.5,-46.5,  8, 10, 0.11,300,11.4
2026-07-04 23:25:22,-97.3584,35.1574, 355.9, 8493,-25.2,-50.7,-46.7,  7, 10, 0.10,300,11.4
2026-07-04 23:25:23,-97.3583,35.1573, 355.6, 8499,-25.3,-50.9,-46.8,  7,  9, 0.10,300,11.4
2026-07-04 23:25:24,-97.3582,35.1572, 355.3, 8506,-25.3,-51.1,-47.0,  7,  9, 0.10,300,11.4
2026-07-04 23:25:25,-97.3581,35.1572, 355.0, 8512,-25.4,-51.4,-47.4,  7,  9, 0.10,300,11.4
2026-07-04 23:25:26,-97.3580,35.1571, 354.7, 8517,-25.4,-51.9,-47.8,  7,  8, 0.09,301,11.4
2026-07-04 23:25:27,-97.3579,35.1570, 354.5, 8522,-25.4,-52.4,-48.2,  6,  8, 0.09,301,11.4
2026-07-04 23:25:28,-97.3578,35.1570, 354.3, 8526,-25.4,-52.7,-48.5,  6,  8, 0.08,301,11.5
2026-07-04 23:25:29,-97.3578,35.1570, 354.1, 8530,-25.5,-52.8,-48.6,  6,  8, 0.08,301,11.5
2026-07-04 23:25:30,-97.3577,35.1569, 353.8, 8534,-25.5,-52.7,-48.6,  6,  8, 0.08,302,11.5
2026-07-04 23:25:31,-97.3576,35.1569, 353.6, 8539,-25.5,-52.7,-48.6,  6,  8, 0.08,302,11.6
2026-07-04 23:25:32,-97.3575,35.1569, 353.3, 8545,-25.6,-52.7,-48.5,  6,  8, 0.08,302,11.6
2026-07-04 23:25:33,-97.3574,35.1568, 353.1, 8550,-25.6,-52.6,-48.5,  6,  8, 0.08,302,11.6
2026-07-04 23:25:34,-97.3572,35.1567, 352.8, 8556,-25.7,-52.6,-48.5,  6,  8, 0.08,302,11.7
2026-07-04 23:25:35,-97.3571,35.1567, 352.5, 8561,-25.7,-52.6,-48.5,  6,  8, 0.08,303,11.7
2026-07-04 23:25:36,-97.3570,35.1566, 352.3, 8566,-25.8,-52.7,-48.6,  6,  8, 0.08,303,11.7
2026-07-04 23:25:37,-97.3568,35.1566, 352.1, 8570,-25.8,-52.7,-48.6,  6,  8, 0.08,303,11.8
2026-07-04 23:25:38,-97.3567,35.1565, 351.9, 8573,-25.9,-52.8,-48.7,  6,  8, 0.08,303,11.8
2026-07-04 23:25:39,-97.3565,35.1564, 351.7, 8578,-25.9,-52.8,-48.7,  6,  8, 0.08,303,11.9
2026-07-04 23:25:40,-97.3564,35.1564, 351.5, 8582,-26.0,-52.9,-48.8,  6,  8, 0.08,304,11.9
2026-07-04 23:25:41,-97.3563,35.1563, 351.3, 8587,-26.0,-52.9,-48.8,  6,  8, 0.08,304,11.9
2026-07-04 23:25:42,-97.3562,35.1562, 351.1, 8592,-26.1,-52.9,-48.8,  6,  8, 0.08,304,12.0
2026-07-04 23:25:43,-97.3561,35.1562, 350.8, 8597,-26.1,-52.9,-48.8,  6,  8, 0.08,304,12.0
2026-07-04 23:25:44,-97.3560,35.1561, 350.6, 8601,-26.2,-52.9,-48.7,  6,  8, 0.08,304,12.0
2026-07-04 23:25:45,-97.3559,35.1560, 350.4, 8606,-26.2,-52.9,-48.8,  6,  8, 0.08,304,12.0
2026-07-04 23:25:46,-97.3558,35.1560, 350.2, 8610,-26.2,-53.0,-48.8,  6,  8, 0.08,305,12.0
2026-07-04 23:25:47,-97.3557,35.1559, 349.9, 8615,-26.3,-53.0,-48.9,  6,  8, 0.08,305,12.0
2026-07-04 23:25:48,-97.3556,35.1558, 349.7, 8620,-26.3,-53.2,-49.0,  6,  8, 0.08,305,12.0
2026-07-04 23:25:49,-97.3555,35.1558, 349.4, 8625,-26.4,-53.3,-49.1,  6,  8, 0.08,305,12.0
2026-07-04 23:25:50,-97.3554,35.1557, 349.2, 8630,-26.4,-53.4,-49.2,  6,  8, 0.08,305,12.0
2026-07-04 23:25:51,-97.3553,35.1556, 349.0, 8635,-26.5,-53.5,-49.3,  6,  8, 0.08,305,12.0
2026-07-04 23:25:52,-97.3552,35.1556, 348.8, 8639,-26.5,-53.5,-49.4,  6,  8, 0.08,305,12.0
2026-07-04 23:25:53,-97.3551,35.1555, 348.5, 8644,-26.5,-53.6,-49.5,  6,  8, 0.07,306,12.0
2026-07-04 23:25:54,-97.3550,35.1555, 348.3, 8648,-26.6,-53.8,-49.6,  6,  8, 0.07,306,12.0
2026-07-04 23:25:55,-97.3549,35.1554, 348.1, 8652,-26.6,-53.9,-49.7,  6,  8, 0.07,306,12.0
2026-07-04 23:25:56,-97.3548,35.1554, 347.9, 8657,-26.6,-53.9,-49.7,  6,  8, 0.07,306,11.9
2026-07-04 23:25:57,-97.3547,35.1553, 347.7, 8661,-26.7,-53.8,-49.7,  6,  8, 0.07,306,11.9
2026-07-04 23:25:58,-97.3546,35.1552, 347.5, 8666,-26.7,-53.8,-49.7,  6,  8, 0.07,306,11.9
2026-07-04 23:25:59,-97.3544,35.1552, 347.2, 8671,-26.7,-53.8,-49.6,  6,  8, 0.07,306,11.9
2026-07-04 23:26:00,-97.3544,35.1551, 347.0, 8676,-26.8,-53.9,-49.7,  6,  8, 0.07,306,11.8
2026-07-04 23:26:01,-97.3543,35.1550, 346.7, 8681,-26.8,-53.9,-49.8,  6,  8, 0.07,306,11.8
2026-07-04 23:26:02,-97.3542,35.1549, 346.5, 8686,-26.9,-54.0,-49.8,  6,  8, 0.07,306,11.8
2026-07-04 23:26:03,-97.3541,35.1549, 346.3, 8691,-26.9,-54.1,-49.9,  6,  8, 0.07,306,11.7
2026-07-04 23:26:04,-97.3540,35.1548, 346.0, 8696,-26.9,-54.2,-50.0,  6,  8, 0.07,306,11.7
2026-07-04 23:26:05,-97.3539,35.1547, 345.8, 8701,-27.0,-54.2,-50.1,  6,  8, 0.07,306,11.6
2026-07-04 23:26:06,-97.3538,35.1547, 345.5, 8706,-27.0,-54.3,-50.1,  6,  8, 0.07,305,11.6
2026-07-04 23:26:07,-97.3536,35.1546, 345.2, 8713,-27.0,-54.3,-50.2,  6,  8, 0.07,305,11.6
2026-07-04 23:26:08,-97.3535,35.1546, 344.9, 8719,-27.1,-54.4,-50.2,  6,  7, 0.07,305,11.5
2026-07-04 23:26:09,-97.3534,35.1546, 344.6, 8726,-27.1,-54.4,-50.2,  6,  8, 0.07,305,11.5
2026-07-04 23:26:10,-97.3533,35.1545, 344.2, 8734,-27.2,-54.4,-50.2,  6,  8, 0.07,305,11.4
2026-07-04 23:26:11,-97.3532,35.1544, 343.9, 8741,-27.3,-54.5,-50.3,  6,  8, 0.07,305,11.4
2026-07-04 23:26:12,-97.3531,35.1544, 343.5, 8749,-27.3,-54.5,-50.3,  6,  8, 0.07,305,11.4
2026-07-04 23:26:13,-97.3530,35.1543, 343.2, 8756,-27.4,-54.6,-50.4,  6,  8, 0.07,305,11.3
2026-07-04 23:26:14,-97.3529,35.1542, 342.8, 8763,-27.4,-54.7,-50.5,  6,  7, 0.07,305,11.3
2026-07-04 23:26:15,-97.3528,35.1542, 342.5, 8770,-27.5,-54.8,-50.6,  6,  7, 0.07,305,11.2
2026-07-04 23:26:16,-97.3528,35.1541, 342.1, 8778,-27.5,-54.8,-50.6,  6,  7, 0.07,304,11.2
2026-07-04 23:26:17,-97.3527,35.1541, 341.7, 8786,-27.6,-54.8,-50.6,  6,  8, 0.07,304,11.2
2026-07-04 23:26:18,-97.3526,35.1540, 341.3, 8794,-27.6,-54.6,-50.4,  6,  8, 0.07,304,11.1
2026-07-04 23:26:19,-97.3525,35.1540, 340.9, 8803,-27.6,-54.4,-50.2,  6,  8, 0.07,304,11.1
2026-07-04 23:26:20,-97.3523,35.1539, 340.5, 8812,-27.7,-54.1,-49.9,  6,  8, 0.07,304,11.1
2026-07-04 23:26:21,-97.3522,35.1539, 340.1, 8820,-27.7,-54.0,-49.9,  6,  8, 0.07,304,11.1
2026-07-04 23:26:22,-97.3521,35.1538, 339.8, 8827,-27.8,-54.0,-49.8,  6,  8, 0.07,304,11.1
2026-07-04 23:26:23,-97.3520,35.1538, 339.5, 8833,-27.8,-53.9,-49.7,  7,  9, 0.07,303,11.1
2026-07-04 23:26:24,-97.3519,35.1537, 339.2, 8839,-27.8,-53.9,-49.7,  7,  9, 0.07,303,11.1
2026-07-04 23:26:25,-97.3518,35.1537, 339.0, 8844,-27.9,-53.9,-49.7,  7,  9, 0.07,303,11.1
2026-07-04 23:26:26,-97.3518,35.1536, 338.7, 8850,-28.0,-54.0,-49.8,  7,  9, 0.07,303,11.1
2026-07-04 23:26:27,-97.3517,35.1536, 338.5, 8855,-28.0,-54.0,-49.9,  7,  9, 0.07,303,11.1
2026-07-04 23:26:28,-97.3516,35.1535, 338.2, 8860,-28.1,-54.1,-49.9,  7,  9, 0.07,303,11.2
2026-07-04 23:26:29,-97.3514,35.1535, 338.0, 8865,-28.1,-54.1,-49.9,  7,  9, 0.07,303,11.2
2026-07-04 23:26:30,-97.3513,35.1534, 337.7, 8870,-28.2,-54.1,-49.9,  7,  9, 0.07,303,11.2
2026-07-04 23:26:31,-97.3512,35.1533, 337.5, 8875,-28.2,-54.1,-49.9,  7,  9, 0.07,303,11.3
2026-07-04 23:26:32,-97.3511,35.1533, 337.3, 8881,-28.3,-54.1,-49.9,  7,  9, 0.07,303,11.3
2026-07-04 23:26:33,-97.3510,35.1532, 337.0, 8887,-28.3,-54.1,-49.9,  7,  9, 0.07,303,11.4
2026-07-04 23:26:34,-97.3509,35.1531, 336.7, 8893,-28.4,-54.1,-49.9,  7,  9, 0.07,303,11.4
2026-07-04 23:26:35,-97.3508,35.1531, 336.4, 8899,-28.5,-54.1,-49.9,  7,  9, 0.07,304,11.5
2026-07-04 23:26:36,-97.3507,35.1530, 336.1, 8906,-28.5,-54.1,-49.9,  7,  9, 0.07,304,11.5
2026-07-04 23:26:37,-97.3506,35.1530, 335.8, 8912,-28.6,-54.2,-50.0,  7,  9, 0.07,304,11.6
2026-07-04 23:26:38,-97.3505,35.1530, 335.5, 8917,-28.6,-54.2,-50.0,  7,  9, 0.07,305,11.7
2026-07-04 23:26:39,-97.3504,35.1529, 335.3, 8923,-28.7,-54.3,-50.1,  7,  9, 0.07,305,11.7
2026-07-04 23:26:40,-97.3502,35.1529, 335.0, 8929,-28.8,-54.3,-50.1,  7,  9, 0.07,305,11.8
2026-07-04 23:26:41,-97.3501,35.1529, 334.7, 8935,-28.8,-54.4,-50.2,  7,  9, 0.07,306,11.8
2026-07-04 23:26:42,-97.3500,35.1528, 334.4, 8941,-28.9,-54.4,-50.2,  7,  9, 0.07,306,11.9
2026-07-04 23:26:43,-97.3499,35.1528, 334.1, 8948,-29.0,-54.4,-50.3,  7,  9, 0.07,307,12.0
2026-07-04 23:26:44,-97.3498,35.1527, 333.7, 8956,-29.0,-54.5,-50.3,  7,  9, 0.07,307,12.0
2026-07-04 23:26:45,-97.3497,35.1526, 333.4, 8963,-29.1,-54.4,-50.2,  7,  9, 0.07,307,12.1
2026-07-04 23:26:46,-97.3496,35.1525, 333.0, 8971,-29.2,-54.4,-50.2,  7,  9, 0.07,308,12.2
2026-07-04 23:26:47,-97.3495,35.1524, 332.7, 8978,-29.2,-54.4,-50.2,  7,  9, 0.07,308,12.2
2026-07-04 23:26:48,-97.3494,35.1523, 332.5, 8983,-29.3,-54.3,-50.1,  7, 10, 0.07,309,12.3
2026-07-04 23:26:49,-97.3492,35.1522, 332.2, 8988,-29.3,-54.1,-50.0,  7, 10, 0.07,309,12.3
2026-07-04 23:26:50,-97.3491,35.1521, 332.0, 8992,-29.3,-54.1,-49.9,  7, 10, 0.07,310,12.4
2026-07-04 23:26:51,-97.3490,35.1520, 331.8, 8996,-29.4,-54.0,-49.9,  7, 10, 0.08,310,12.5
2026-07-04 23:26:52,-97.3489,35.1519, 331.6, 9001,-29.4,-54.0,-49.8,  7, 10, 0.08,310,12.5
2026-07-04 23:26:53,-97.3488,35.1519, 331.4, 9007,-29.5,-53.9,-49.7,  8, 10, 0.08,311,12.6
2026-07-04 23:26:54,-97.3488,35.1518, 331.1, 9013,-29.6,-53.7,-49.6,  8, 10, 0.08,311,12.6
2026-07-04 23:26:55,-97.3487,35.1517, 330.8, 9019,-29.6,-53.6,-49.5,  8, 11, 0.08,311,12.7
2026-07-04 23:26:56,-97.3486,35.1517, 330.5, 9025,-29.7,-53.5,-49.4,  8, 11, 0.08,311,12.7
2026-07-04 23:26:57,-97.3485,35.1516, 330.3, 9031,-29.7,-53.4,-49.2,  8, 11, 0.08,311,12.8
2026-07-04 23:26:58,-97.3484,35.1515, 330.0, 9036,-29.7,-53.2,-49.1,  8, 11, 0.08,311,12.8
2026-07-04 23:26:59,-97.3483,35.1515, 329.7, 9042,-29.8,-53.0,-48.9,  9, 12, 0.09,311,12.9
2026-07-04 23:27:00,-97.3482,35.1514, 329.5, 9047,-29.8,-52.7,-48.6,  9, 12, 0.09,311,12.9
2026-07-04 23:27:01,-97.3481,35.1513, 329.2, 9053,-29.9,-52.5,-48.4,  9, 12, 0.09,311,13.0
2026-07-04 23:27:02,-97.3480,35.1513, 328.9, 9059,-29.9,-52.3,-48.2, 10, 13, 0.09,311,13.0
2026-07-04 23:27:03,-97.3479,35.1512, 328.7, 9065,-30.0,-52.2,-48.1, 10, 13, 0.09,311,13.1
2026-07-04 23:27:04,-97.3478,35.1511, 328.3, 9072,-30.1,-52.1,-48.0, 10, 13, 0.10,311,13.1
2026-07-04 23:27:05,-97.3477,35.1510, 328.0, 9079,-30.1,-51.9,-47.8, 10, 14, 0.10,311,13.2
2026-07-04 23:27:06,-97.3475,35.1509, 327.7, 9085,-30.2,-51.8,-47.7, 10, 14, 0.10,311,13.2
2026-07-04 23:27:07,-97.3474,35.1509, 327.5, 9091,-30.2,-51.8,-47.7, 10, 14, 0.10,311,13.2
2026-07-04 23:27:08,-97.3473,35.1508, 327.2, 9097,-30.3,-51.8,-47.7, 11, 14, 0.10,311,13.3
2026-07-04 23:27:09,-97.3471,35.1507, 326.9, 9102,-30.3,-51.7,-47.7, 11, 14, 0.10,310,13.3
2026-07-04 23:27:10,-97.3470,35.1506, 326.7, 9108,-30.4,-51.7,-47.6, 11, 14, 0.10,310,13.3
2026-07-04 23:27:11,-97.3469,35.1505, 326.4, 9113,-30.5,-51.7,-47.6, 11, 15, 0.10,310,13.4
2026-07-04 23:27:12,-97.3468,35.1504, 326.2, 9118,-30.5,-51.8,-47.7, 11, 14, 0.10,310,13.4
2026-07-04 23:27:13,-97.3467,35.1504, 326.0, 9123,-30.5,-51.9,-47.8, 11, 14, 0.10,309,13.4
2026-07-04 23:27:14,-97.3466,35.1503, 325.8, 9127,-30.6,-51.9,-47.8, 11, 14, 0.10,309,13.5
2026-07-04 23:27:15,-97.3465,35.1502, 325.6, 9131,-30.6,-51.9,-47.8, 11, 14, 0.10,309,13.5
2026-07-04 23:27:16,-97.3464,35.1501, 325.4, 9136,-30.7,-51.9,-47.8, 11, 15, 0.10,309,13.5
2026-07-04 23:27:17,-97.3462,35.1500, 325.2, 9140,-30.7,-51.8,-47.7, 11, 15, 0.10,309,13.5
2026-07-04 23:27:18,-97.3461,35.1500, 325.0, 9144,-30.8,-51.8,-47.7, 11, 15, 0.10,308,13.6
2026-07-04 23:27:19,-97.3460,35.1499, 324.8, 9149,-30.8,-51.8,-47.7, 11, 15, 0.10,308,13.6
2026-07-04 23:27:20,-97.3459,35.1498, 324.6, 9153,-30.9,-51.7,-47.6, 11, 15, 0.10,308,13.6
2026-07-04 23:27:21,-97.3458,35.1498, 324.4, 9158,-30.9,-51.7,-47.6, 11, 15, 0.10,308,13.6
2026-07-04 23:27:22,-97.3457,35.1497, 324.2, 9162,-30.9,-51.7,-47.6, 11, 15, 0.10,308,13.6
2026-07-04 23:27:23,-97.3455,35.1496, 324.0, 9167,-31.0,-51.6,-47.6, 11, 15, 0.10,307,13.6
2026-07-04 23:27:24,-97.3454,35.1495, 323.7, 9172,-31.0,-51.6,-47.5, 12, 16, 0.10,307,13.6
2026-07-04 23:27:25,-97.3453,35.1495, 323.5, 9177,-31.1,-51.5,-47.5, 12, 16, 0.10,307,13.6
2026-07-04 23:27:26,-97.3452,35.1494, 323.3, 9182,-31.1,-51.5,-47.5, 12, 16, 0.10,307,13.7
2026-07-04 23:27:27,-97.3451,35.1493, 323.1, 9187,-31.2,-51.6,-47.5, 12, 16, 0.10,307,13.7
2026-07-04 23:27:28,-97.3449,35.1492, 322.8, 9192,-31.2,-51.6,-47.5, 12, 16, 0.10,307,13.7
2026-07-04 23:27:29,-97.3448,35.1492, 322.6, 9197,-31.3,-51.6,-47.5, 12, 16, 0.10,307,13.7
2026-07-04 23:27:30,-97.3447,35.1491, 322.4, 9201,-31.3,-51.6,-47.5, 12, 16, 0.10,307,13.7
2026-07-04 23:27:31,-97.3446,35.1490, 322.2, 9206,-31.4,-51.5,-47.5, 12, 16, 0.10,306,13.7
2026-07-04 23:27:32,-97.3445,35.1490, 322.0, 9210,-31.4,-51.5,-47.4, 12, 16, 0.10,306,13.8
2026-07-04 23:27:33,-97.3443,35.1489, 321.8, 9215,-31.4,-51.5,-47.4, 12, 17, 0.10,306,13.8
2026-07-04 23:27:34,-97.3442,35.1488, 321.6, 9220,-31.5,-51.4,-47.3, 12, 17, 0.11,306,13.8
2026-07-04 23:27:35,-97.3441,35.1487, 321.3, 9226,-31.6,-51.3,-47.2, 13, 17, 0.11,306,13.9
2026-07-04 23:27:36,-97.3440,35.1487, 321.0, 9232,-31.6,-51.1,-47.0, 13, 18, 0.11,306,13.9
2026-07-04 23:27:37,-97.3439,35.1486, 320.7, 9239,-31.7,-50.9,-46.8, 13, 18, 0.11,306,13.9
2026-07-04 23:27:38,-97.3437,35.1485, 320.4, 9245,-31.7,-50.8,-46.8, 13, 18, 0.11,306,14.0
2026-07-04 23:27:39,-97.3436,35.1485, 320.2, 9251,-31.8,-50.9,-46.8, 13, 18, 0.11,306,14.0
2026-07-04 23:27:40,-97.3435,35.1484, 319.9, 9256,-31.8,-51.0,-46.9, 13, 18, 0.11,306,14.1
2026-07-04 23:27:41,-97.3433,35.1483, 319.7, 9261,-31.9,-51.0,-47.0, 13, 18, 0.11,306,14.1
2026-07-04 23:27:42,-97.3432,35.1483, 319.5, 9266,-31.9,-51.1,-47.0, 13, 18, 0.11,306,14.1
2026-07-04 23:27:43,-97.3431,35.1482, 319.2, 9271,-32.0,-51.1,-47.0, 13, 18, 0.11,306,14.2
2026-07-04 23:27:44,-97.3429,35.1481, 319.0, 9276,-32.0,-51.1,-47.0, 13, 18, 0.11,307,14.2
2026-07-04 23:27:45,-97.3428,35.1480, 318.8, 9281,-32.1,-50.9,-46.9, 14, 19, 0.11,307,14.3
2026-07-04 23:27:46,-97.3427,35.1479, 318.5, 9287,-32.1,-50.8,-46.8, 14, 19, 0.11,307,14.3
2026-07-04 23:27:47,-97.3426,35.1478, 318.3, 9292,-32.2,-50.6,-46.6, 14, 20, 0.12,307,14.4
2026-07-04 23:27:48,-97.3424,35.1478, 318.0, 9298,-32.2,-50.4,-46.4, 15, 20, 0.12,307,14.4
2026-07-04 23:27:49,-97.3424,35.1477, 317.8, 9303,-32.3,-50.1,-46.1, 15, 21, 0.12,307,14.5
2026-07-04 23:27:50,-97.3423,35.1476, 317.5, 9310,-32.3,-49.6,-45.6, 16, 23, 0.13,307,14.5
2026-07-04 23:27:51,-97.3421,35.1475, 317.2, 9317,-32.4,-49.1,-45.1, 18, 24, 0.14,307,14.6
2026-07-04 23:27:52,-97.3420,35.1474, 316.8, 9324,-32.4,-48.6,-44.7, 19, 25, 0.15,307,14.6
2026-07-04 23:27:53,-97.3419,35.1474, 316.5, 9331,-32.5,-48.3,-44.3, 19, 27, 0.15,307,14.7
2026-07-04 23:27:54,-97.3418,35.1473, 316.2, 9338,-32.6,-47.9,-44.0, 20, 28, 0.16,308,14.7
2026-07-04 23:27:55,-97.3416,35.1472, 315.9, 9344,-32.6,-47.5,-43.6, 21, 29, 0.17,308,14.8
2026-07-04 23:27:56,-97.3415,35.1472, 315.7, 9350,-32.6,-47.0,-43.1, 23, 31, 0.18,308,14.8
2026-07-04 23:27:57,-97.3413,35.1471, 315.4, 9356,-32.7,-46.5,-42.7, 24, 33, 0.19,308,14.9
2026-07-04 23:27:58,-97.3411,35.1470, 315.2, 9362,-32.7,-46.2,-42.4, 25, 34, 0.19,308,14.9
2026-07-04 23:27:59,-97.3410,35.1469, 314.9, 9367,-32.7,-46.3,-42.4, 25, 34, 0.19,308,15.0
2026-07-04 23:28:00,-97.3408,35.1468, 314.7, 9372,-32.7,-46.4,-42.6, 24, 33, 0.19,309,15.0
2026-07-04 23:28:01,-97.3407,35.1467, 314.5, 9376,-32.7,-46.6,-42.8, 24, 33, 0.18,309,15.1
2026-07-04 23:28:02,-97.3406,35.1467, 314.3, 9381,-32.8,-46.8,-42.9, 24, 32, 0.18,309,15.1
2026-07-04 23:28:03,-97.3405,35.1466, 314.0, 9387,-32.8,-46.8,-42.9, 24, 33, 0.18,309,15.2
2026-07-04 23:28:04,-97.3404,35.1465, 313.8, 9393,-32.9,-46.7,-42.9, 24, 33, 0.18,309,15.2
2026-07-04 23:28:05,-97.3403,35.1464, 313.5, 9399,-32.9,-46.7,-42.8, 24, 33, 0.18,310,15.3
2026-07-04 23:28:06,-97.3402,35.1463, 313.2, 9405,-32.9,-46.6,-42.7, 24, 34, 0.19,310,15.3
2026-07-04 23:28:07,-97.3401,35.1462, 313.0, 9411,-33.0,-46.6,-42.7, 25, 34, 0.19,310,15.4
2026-07-04 23:28:08,-97.3399,35.1461, 312.7, 9417,-33.0,-46.6,-42.8, 25, 34, 0.19,310,15.5
2026-07-04 23:28:09,-97.3398,35.1460, 312.4, 9423,-33.1,-46.6,-42.8, 25, 34, 0.19,310,15.5
2026-07-04 23:28:10,-97.3397,35.1460, 312.2, 9429,-33.1,-46.7,-42.8, 25, 34, 0.19,310,15.6
2026-07-04 23:28:11,-97.3395,35.1459, 311.9, 9434,-33.2,-46.7,-42.8, 25, 34, 0.19,310,15.6
2026-07-04 23:28:12,-97.3394,35.1458, 311.7, 9440,-33.2,-46.6,-42.8, 25, 34, 0.19,310,15.7
2026-07-04 23:28:13,-97.3392,35.1457, 311.4, 9446,-33.3,-46.7,-42.8, 25, 35, 0.19,310,15.7
2026-07-04 23:28:14,-97.3391,35.1456, 311.2, 9452,-33.3,-46.7,-42.9, 25, 34, 0.18,310,15.8
2026-07-04 23:28:15,-97.3390,35.1455, 310.9, 9458,-33.4,-47.0,-43.1, 24, 34, 0.18,310,15.9
2026-07-04 23:28:16,-97.3389,35.1454, 310.7, 9463,-33.4,-47.3,-43.4, 23, 32, 0.17,310,15.9
2026-07-04 23:28:17,-97.3387,35.1452, 310.4, 9468,-33.4,-47.8,-43.9, 22, 31, 0.17,310,15.9
2026-07-04 23:28:18,-97.3386,35.1451, 310.2, 9473,-33.4,-48.2,-44.2, 21, 30, 0.16,310,16.0
2026-07-04 23:28:19,-97.3385,35.1450, 310.0, 9477,-33.4,-48.5,-44.6, 21, 28, 0.15,310,16.0
2026-07-04 23:28:20,-97.3383,35.1449, 309.8, 9482,-33.4,-48.8,-44.8, 20, 28, 0.15,310,16.0
2026-07-04 23:28:21,-97.3382,35.1448, 309.6, 9488,-33.4,-49.1,-45.1, 19, 27, 0.14,310,16.0
2026-07-04 23:28:22,-97.3381,35.1447, 309.3, 9494,-33.4,-49.5,-45.5, 19, 26, 0.14,310,16.0
2026-07-04 23:28:23,-97.3380,35.1446, 309.0, 9500,-33.5,-49.9,-45.9, 18, 25, 0.13,309,16.0
2026-07-04 23:28:24,-97.3379,35.1446, 308.7, 9507,-33.5,-50.4,-46.4, 17, 23, 0.12,309,16.0
2026-07-04 23:28:25,-97.3377,35.1445, 308.4, 9514,-33.5,-50.8,-46.8, 16, 22, 0.12,309,16.0
2026-07-04 23:28:26,-97.3376,35.1444, 308.1, 9520,-33.6,-51.1,-47.0, 16, 22, 0.11,309,16.0
2026-07-04 23:28:27,-97.3374,35.1444, 307.9, 9526,-33.6,-51.2,-47.1, 16, 22, 0.11,308,16.0
2026-07-04 23:28:28,-97.3372,35.1443, 307.6, 9531,-33.6,-51.1,-47.1, 16, 22, 0.11,308,15.9
2026-07-04 23:28:29,-97.3370,35.1442, 307.4, 9536,-33.7,-51.0,-47.0, 16, 22, 0.12,308,15.9
2026-07-04 23:28:30,-97.3369,35.1441, 307.2, 9541,-33.7,-50.9,-46.8, 16, 23, 0.12,307,15.9
2026-07-04 23:28:31,-97.3367,35.1440, 307.0, 9546,-33.8,-50.8,-46.8, 16, 23, 0.12,307,15.8
2026-07-04 23:28:32,-97.3366,35.1439, 306.8, 9551,-33.8,-50.8,-46.7, 17, 23, 0.12,307,15.8
2026-07-04 23:28:33,-97.3364,35.1438, 306.5, 9556,-33.8,-50.7,-46.7, 17, 23, 0.12,306,15.7
2026-07-04 23:28:34,-97.3363,35.1437, 306.3, 9562,-33.9,-50.7,-46.7, 17, 24, 0.12,306,15.7
2026-07-04 23:28:35,-97.3362,35.1436, 306.0, 9568,-34.0,-50.6,-46.6, 17, 24, 0.12,306,15.6
2026-07-04 23:28:36,-97.3361,35.1435, 305.8, 9575,-34.0,-50.6,-46.5, 17, 24, 0.12,305,15.6
2026-07-04 23:28:37,-97.3359,35.1434, 305.4, 9582,-34.1,-50.5,-46.5, 18, 24, 0.12,305,15.5
2026-07-04 23:28:38,-97.3358,35.1434, 305.1, 9588,-34.1,-50.5,-46.5, 18, 25, 0.12,305,15.5
2026-07-04 23:28:39,-97.3357,35.1433, 304.9, 9595,-34.2,-50.5,-46.5, 18, 25, 0.12,305,15.4
2026-07-04 23:28:40,-97.3355,35.1432, 304.6, 9601,-34.3,-50.5,-46.5, 18, 25, 0.12,304,15.4
2026-07-04 23:28:41,-97.3354,35.1432, 304.3, 9607,-34.3,-50.5,-46.5, 18, 25, 0.12,304,15.4
2026-07-04 23:28:42,-97.3353,35.1431, 304.1, 9613,-34.4,-50.5,-46.5, 18, 25, 0.12,304,15.3
2026-07-04 23:28:43,-97.3351,35.1431, 303.8, 9619,-34.4,-50.5,-46.5, 18, 25, 0.12,304,15.3
2026-07-04 23:28:44,-97.3350,35.1430, 303.6, 9625,-34.5,-50.5,-46.5, 18, 25, 0.12,304,15.3
2026-07-04 23:28:45,-97.3349,35.1429, 303.3, 9630,-34.5,-50.5,-46.5, 18, 25, 0.12,304,15.2
2026-07-04 23:28:46,-97.3347,35.1429, 303.1, 9635,-34.5,-50.6,-46.6, 18, 25, 0.12,304,15.2
2026-07-04 23:28:47,-97.3346,35.1428, 302.9, 9640,-34.6,-50.7,-46.6, 18, 25, 0.12,304,15.2
2026-07-04 23:28:48,-97.3345,35.1428, 302.7, 9645,-34.6,-50.8,-46.7, 18, 25, 0.12,304,15.2
2026-07-04 23:28:49,-97.3343,35.1427, 302.5, 9650,-34.7,-50.9,-46.8, 18, 25, 0.12,304,15.2
2026-07-04 23:28:50,-97.3342,35.1426, 302.2, 9656,-34.7,-50.9,-46.9, 18, 25, 0.12,304,15.2
2026-07-04 23:28:51,-97.3340,35.1425, 302.0, 9661,-34.8,-51.0,-47.0, 18, 25, 0.12,304,15.2
2026-07-04 23:28:52,-97.3338,35.1425, 301.8, 9666,-34.8,-51.2,-47.1, 17, 25, 0.12,305,15.2
2026-07-04 23:28:53,-97.3337,35.1424, 301.5, 9672,-34.9,-51.4,-47.3, 17, 24, 0.11,305,15.2
2026-07-04 23:28:54,-97.3335,35.1423, 301.3, 9678,-34.9,-51.6,-47.5, 17, 24, 0.11,305,15.2
2026-07-04 23:28:55,-97.3334,35.1422, 301.0, 9684,-35.0,-51.8,-47.7, 17, 23, 0.11,305,15.2
2026-07-04 23:28:56,-97.3332,35.1421, 300.7, 9691,-35.0,-51.9,-47.8, 16, 23, 0.11,305,15.2
2026-07-04 23:28:57,-97.3331,35.1420, 300.4, 9698,-35.1,-51.9,-47.8, 17, 23, 0.11,305,15.2
2026-07-04 23:28:57,-97.3330,35.1420, 300.1, 9705,-35.1,-51.9,-47.8, 17, 23, 0.11,306,15.2
2026-07-04 23:28:58,-97.3329,35.1419, 300.0, 9707,-35.2,-51.9,-47.8, 17, 24, 0.11,306,15.2
2026-07-04 23:28:59,-97.3328,35.1418, 299.8, 9711,-35.2,-51.8,-47.7, 17, 24, 0.11,306,15.2
2026-07-04 23:29:00,-97.3327,35.1417, 299.6, 9717,-35.3,-51.8,-47.7, 17, 24, 0.11,306,15.3
2026-07-04 23:29:01,-97.3326,35.1416, 299.4, 9722,-35.3,-51.8,-47.7, 17, 24, 0.11,306,15.3
2026-07-04 23:29:02,-97.3325,35.1415, 299.1, 9727,-35.4,-51.8,-47.7, 17, 24, 0.11,306,15.3
2026-07-04 23:29:03,-97.3324,35.1415, 298.9, 9732,-35.4,-51.7,-47.6, 17, 25, 0.11,306,15.3
2026-07-04 23:29:04,-97.3323,35.1414, 298.7, 9737,-35.5,-51.7,-47.6, 18, 25, 0.11,306,15.3
2026-07-04 23:29:05,-97.3322,35.1414, 298.5, 9742,-35.5,-51.7,-47.6, 18, 25, 0.11,306,15.4
2026-07-04 23:29:06,-97.3321,35.1413, 298.3, 9746,-35.6,-51.7,-47.6, 18, 25, 0.11,306,15.4
2026-07-04 23:29:07,-97.3319,35.1412, 298.1, 9751,-35.6,-51.7,-47.6, 18, 25, 0.11,306,15.4
2026-07-04 23:29:08,-97.3318,35.1411, 297.9, 9755,-35.6,-51.8,-47.7, 18, 25, 0.11,306,15.5
2026-07-04 23:29:09,-97.3316,35.1410, 297.7, 9760,-35.7,-51.9,-47.8, 17, 25, 0.11,306,15.5
2026-07-04 23:29:10,-97.3315,35.1410, 297.5, 9764,-35.7,-52.0,-47.9, 17, 25, 0.11,306,15.6
2026-07-04 23:29:11,-97.3313,35.1409, 297.3, 9769,-35.8,-52.0,-48.0, 17, 25, 0.11,306,15.6
2026-07-04 23:29:12,-97.3312,35.1408, 297.1, 9774,-35.8,-52.0,-47.9, 18, 25, 0.11,306,15.7
2026-07-04 23:29:13,-97.3311,35.1407, 296.9, 9779,-35.9,-52.0,-47.9, 18, 25, 0.11,306,15.8
2026-07-04 23:29:14,-97.3309,35.1406, 296.7, 9784,-35.9,-51.9,-47.8, 18, 25, 0.11,306,15.8
2026-07-04 23:29:15,-97.3308,35.1405, 296.5, 9789,-36.0,-51.9,-47.8, 18, 26, 0.11,306,15.9
2026-07-04 23:29:16,-97.3306,35.1404, 296.2, 9795,-36.0,-51.9,-47.8, 18, 26, 0.11,305,16.0
2026-07-04 23:29:17,-97.3305,35.1404, 296.0, 9800,-36.1,-51.9,-47.8, 18, 26, 0.11,305,16.1
2026-07-04 23:29:18,-97.3303,35.1403, 295.8, 9806,-36.1,-52.0,-47.9, 18, 26, 0.11,305,16.2
2026-07-04 23:29:19,-97.3302,35.1402, 295.5, 9812,-36.2,-52.1,-48.0, 18, 26, 0.11,305,16.3
2026-07-04 23:29:20,-97.3300,35.1401, 295.3, 9818,-36.2,-52.2,-48.1, 18, 25, 0.10,305,16.4
2026-07-04 23:29:21,-97.3299,35.1400, 295.0, 9823,-36.3,-52.4,-48.3, 18, 25, 0.10,305,16.5
2026-07-04 23:29:22,-97.3297,35.1399, 294.8, 9829,-36.4,-52.6,-48.5, 17, 25, 0.10,305,16.6
2026-07-04 23:29:23,-97.3296,35.1399, 294.5, 9835,-36.4,-52.8,-48.7, 17, 24, 0.10,305,16.7
2026-07-04 23:29:24,-97.3295,35.1398, 294.3, 9841,-36.5,-53.0,-48.9, 17, 24, 0.10,305,16.7
2026-07-04 23:29:25,-97.3293,35.1397, 294.1, 9846,-36.5,-53.3,-49.2, 16, 23, 0.09,305,16.8
2026-07-04 23:29:26,-97.3292,35.1396, 293.9, 9851,-36.5,-54.2,-50.0, 15, 21, 0.08,305,16.9
2026-07-04 23:29:27,-97.3290,35.1395, 293.7, 9855,-36.5,-55.6,-51.4, 12, 18, 0.07,305,17.0
2026-07-04 23:29:28,-97.3288,35.1395, 293.5, 9859,-36.5,-57.3,-53.0, 10, 14, 0.06,305,17.1
2026-07-04 23:29:29,-97.3286,35.1394, 293.4, 9863,-36.4,-58.4,-54.0,  9, 12, 0.05,305,17.2
2026-07-04 23:29:30,-97.3285,35.1393, 293.2, 9867,-36.5,-58.3,-53.9,  9, 13, 0.05,305,17.3
2026-07-04 23:29:31,-97.3283,35.1392, 293.0, 9872,-36.5,-57.7,-53.4, 10, 14, 0.05,305,17.4
2026-07-04 23:29:32,-97.3281,35.1391, 292.8, 9877,-36.6,-57.2,-53.0, 10, 14, 0.06,305,17.5
2026-07-04 23:29:33,-97.3280,35.1390, 292.6, 9882,-36.6,-57.0,-52.7, 10, 15, 0.06,306,17.5
2026-07-04 23:29:34,-97.3278,35.1389, 292.3, 9887,-36.6,-57.0,-52.7, 11, 15, 0.06,306,17.6
2026-07-04 23:29:35,-97.3277,35.1388, 292.2, 9891,-36.7,-57.0,-52.7, 11, 15, 0.06,306,17.7
2026-07-04 23:29:36,-97.3275,35.1387, 292.0, 9895,-36.7,-57.0,-52.7, 11, 15, 0.06,306,17.8
2026-07-04 23:29:37,-97.3274,35.1386, 291.8, 9900,-36.7,-57.1,-52.8, 11, 15, 0.06,306,17.8
2026-07-04 23:29:38,-97.3272,35.1385, 291.6, 9904,-36.8,-57.1,-52.8, 10, 15, 0.06,307,17.9
2026-07-04 23:29:39,-97.3271,35.1384, 291.4, 9908,-36.8,-57.2,-52.9, 10, 15, 0.06,307,17.9
2026-07-04 23:29:40,-97.3269,35.1383, 291.3, 9912,-36.8,-57.2,-52.9, 10, 15, 0.06,307,18.0
2026-07-04 23:29:41,-97.3268,35.1382, 291.1, 9917,-36.8,-57.2,-52.9, 10, 15, 0.06,307,18.0
2026-07-04 23:29:42,-97.3266,35.1381, 290.9, 9921,-36.9,-57.2,-52.9, 10, 15, 0.06,308,18.1
2026-07-04 23:29:43,-97.3264,35.1380, 290.7, 9926,-36.9,-57.1,-52.9, 11, 15, 0.06,308,18.1
2026-07-04 23:29:44,-97.3262,35.1380, 290.5, 9930,-36.9,-57.1,-52.8, 11, 15, 0.06,308,18.1
2026-07-04 23:29:45,-97.3261,35.1379, 290.3, 9935,-37.0,-57.1,-52.8, 11, 15, 0.06,309,18.2
2026-07-04 23:29:46,-97.3259,35.1378, 290.1, 9939,-37.0,-57.2,-52.9, 11, 15, 0.06,309,18.2
2026-07-04 23:29:47,-97.3258,35.1376, 289.9, 9944,-37.0,-57.3,-53.0, 11, 15, 0.06,309,18.2
2026-07-04 23:29:48,-97.3256,35.1375, 289.7, 9949,-37.0,-57.3,-53.0, 11, 15, 0.06,310,18.2
2026-07-04 23:29:49,-97.3255,35.1374, 289.5, 9955,-37.1,-57.3,-53.0, 11, 15, 0.06,310,18.3
2026-07-04 23:29:50,-97.3253,35.1373, 289.3, 9960,-37.1,-57.2,-52.9, 11, 15, 0.06,310,18.3
2026-07-04 23:29:51,-97.3252,35.1372, 289.1, 9965,-37.1,-57.2,-52.9, 11, 15, 0.06,311,18.3
2026-07-04 23:29:52,-97.3250,35.1370, 288.9, 9969,-37.1,-57.3,-53.0, 11, 15, 0.06,311,18.3
2026-07-04 23:29:53,-97.3249,35.1369, 288.7, 9974,-37.2,-57.5,-53.2, 10, 15, 0.06,311,18.4
2026-07-04 23:29:54,-97.3247,35.1368, 288.5, 9978,-37.2,-57.8,-53.5, 10, 15, 0.06,312,18.4
2026-07-04 23:29:55,-97.3246,35.1367, 288.3, 9983,-37.2,-58.0,-53.7, 10, 14, 0.05,312,18.4
2026-07-04 23:29:56,-97.3244,35.1366, 288.1, 9988,-37.3,-58.2,-53.9, 10, 14, 0.05,313,18.4
2026-07-04 23:29:57,-97.3243,35.1365, 287.9, 9993,-37.3,-58.2,-53.9, 10, 14, 0.05,313,18.5
2026-07-04 23:29:58,-97.3241,35.1364, 287.6, 9999,-37.4,-58.3,-53.9, 10, 14, 0.05,314,18.5
2026-07-04 23:29:59,-97.3240,35.1363, 287.4,10005,-37.4,-58.3,-54.0, 10, 14, 0.05,314,18.5
2026-07-04 23:30:00,-97.3239,35.1362, 287.1,10011,-37.5,-58.4,-54.1, 10, 14, 0.05,315,18.6
2026-07-04 23:30:01,-97.3237,35.1361, 286.9,10017,-37.5,-58.4,-54.1, 10, 14, 0.05,315,18.6
2026-07-04 23:30:02,-97.3236,35.1360, 286.6,10023,-37.6,-58.5,-54.1, 10, 14, 0.05,316,18.6
2026-07-04 23:30:03,-97.3234,35.1359, 286.3,10030,-37.6,-58.5,-54.2, 10, 14, 0.05,316,18.7
2026-07-04 23:30:04,-97.3233,35.1357, 286.0,10038,-37.7,-58.7,-54.3,  9, 14, 0.05,316,18.7
2026-07-04 23:30:05,-97.3231,35.1356, 285.7,10045,-37.7,-58.9,-54.6,  9, 13, 0.05,317,18.8
2026-07-04 23:30:06,-97.3229,35.1355, 285.4,10053,-37.8,-59.1,-54.8,  9, 13, 0.05,317,18.8
2026-07-04 23:30:07,-97.3228,35.1354, 285.1,10060,-37.8,-59.2,-54.9,  9, 13, 0.05,318,18.9
2026-07-04 23:30:08,-97.3227,35.1353, 284.8,10066,-37.9,-59.3,-54.9,  9, 13, 0.05,318,18.9
2026-07-04 23:30:09,-97.3226,35.1351, 284.6,10072,-37.9,-59.3,-54.9,  9, 13, 0.05,318,19.0
2026-07-04 23:30:10,-97.3224,35.1349, 284.4,10076,-37.9,-59.3,-54.9,  9, 13, 0.05,319,19.1
2026-07-04 23:30:11,-97.3223,35.1348, 284.2,10081,-38.0,-59.4,-55.0,  9, 13, 0.05,319,19.1
2026-07-04 23:30:12,-97.3222,35.1346, 284.1,10085,-38.0,-59.4,-55.0,  9, 13, 0.05,319,19.2
2026-07-04 23:30:13,-97.3221,35.1344, 283.9,10090,-38.0,-59.4,-55.1,  9, 13, 0.05,319,19.2
2026-07-04 23:30:14,-97.3219,35.1343, 283.7,10095,-38.1,-59.4,-55.1,  9, 13, 0.05,319,19.3
2026-07-04 23:30:15,-97.3218,35.1342, 283.4,10100,-38.1,-59.5,-55.1,  9, 13, 0.05,319,19.4
2026-07-04 23:30:16,-97.3217,35.1340, 283.2,10105,-38.2,-59.6,-55.3,  9, 13, 0.04,320,19.4
2026-07-04 23:30:17,-97.3216,35.1339, 283.0,10111,-38.2,-59.8,-55.4,  9, 13, 0.04,320,19.5
2026-07-04 23:30:18,-97.3214,35.1338, 282.8,10116,-38.2,-60.0,-55.6,  8, 12, 0.04,320,19.5
2026-07-04 23:30:19,-97.3213,35.1336, 282.6,10121,-38.2,-60.2,-55.8,  8, 12, 0.04,319,19.6
2026-07-04 23:30:20,-97.3212,35.1335, 282.4,10126,-38.2,-60.3,-55.9,  8, 12, 0.04,319,19.6
2026-07-04 23:30:21,-97.3210,35.1334, 282.2,10131,-38.2,-60.5,-56.1,  8, 11, 0.04,319,19.7
2026-07-04 23:30:22,-97.3209,35.1333, 282.0,10135,-38.1,-60.7,-56.3,  8, 11, 0.04,319,19.7
2026-07-04 23:30:23,-97.3208,35.1331, 281.8,10140,-38.1,-60.9,-56.5,  7, 11, 0.04,319,19.8
2026-07-04 23:30:24,-97.3206,35.1330, 281.7,10144,-38.0,-61.1,-56.7,  7, 11, 0.04,319,19.8
2026-07-04 23:30:25,-97.3204,35.1328, 281.5,10148,-38.0,-61.2,-56.8,  7, 10, 0.04,319,19.9
2026-07-04 23:30:26,-97.3203,35.1327, 281.3,10152,-38.0,-61.2,-56.8,  7, 10, 0.04,318,19.9
2026-07-04 23:30:27,-97.3201,35.1326, 281.1,10157,-38.1,-61.3,-56.9,  7, 10, 0.04,318,20.0
2026-07-04 23:30:28,-97.3200,35.1325, 280.9,10161,-38.1,-61.4,-57.0,  7, 10, 0.04,318,20.0
2026-07-04 23:30:29,-97.3198,35.1323, 280.7,10166,-38.1,-61.5,-57.0,  7, 10, 0.04,318,20.0
2026-07-04 23:30:30,-97.3197,35.1322, 280.5,10171,-38.1,-61.6,-57.2,  7, 10, 0.04,318,20.1
2026-07-04 23:30:31,-97.3195,35.1321, 280.3,10176,-38.1,-61.7,-57.3,  7, 10, 0.03,317,20.1
2026-07-04 23:30:32,-97.3194,35.1320, 280.1,10181,-38.1,-61.8,-57.4,  7, 10, 0.03,317,20.1
2026-07-04 23:30:33,-97.3192,35.1318, 279.9,10187,-38.1,-61.9,-57.5,  7, 10, 0.03,317,20.2
2026-07-04 23:30:34,-97.3191,35.1317, 279.7,10191,-38.1,-62.0,-57.6,  7,  9, 0.03,317,20.2
2026-07-04 23:30:35,-97.3189,35.1315, 279.5,10196,-38.2,-62.1,-57.6,  6,  9, 0.03,316,20.2
2026-07-04 23:30:36,-97.3187,35.1314, 279.3,10200,-38.2,-62.1,-57.6,  6,  9, 0.03,316,20.3
2026-07-04 23:30:37,-97.3186,35.1313, 279.2,10204,-38.2,-62.0,-57.6,  7, 10, 0.03,316,20.3
2026-07-04 23:30:38,-97.3184,35.1311, 279.0,10208,-38.3,-62.0,-57.6,  7, 10, 0.03,316,20.3
2026-07-04 23:30:39,-97.3182,35.1310, 278.9,10212,-38.3,-62.0,-57.5,  7, 10, 0.03,315,20.4
2026-07-04 23:30:40,-97.3181,35.1308, 278.7,10216,-38.3,-62.0,-57.5,  7, 10, 0.03,315,20.4
2026-07-04 23:30:41,-97.3179,35.1307, 278.6,10219,-38.4,-62.0,-57.6,  7, 10, 0.03,315,20.4
2026-07-04 23:30:42,-97.3178,35.1306, 278.4,10223,-38.4,-62.1,-57.7,  7, 10, 0.03,315,20.4
2026-07-04 23:30:43,-97.3177,35.1304, 278.2,10227,-38.4,-62.2,-57.7,  7, 10, 0.03,314,20.5
2026-07-04 23:30:44,-97.3175,35.1303, 278.1,10232,-38.4,-62.2,-57.7,  7, 10, 0.03,314,20.5
2026-07-04 23:30:45,-97.3174,35.1302, 277.9,10236,-38.5,-62.2,-57.7,  7, 10, 0.03,314,20.5
2026-07-04 23:30:46,-97.3172,35.1301, 277.7,10241,-38.5,-62.2,-57.8,  7, 10, 0.03,314,20.6
2026-07-04 23:30:47,-97.3170,35.1300, 277.5,10245,-38.5,-62.3,-57.8,  7, 10, 0.03,313,20.6
2026-07-04 23:30:48,-97.3168,35.1298, 277.4,10249,-38.5,-62.4,-57.9,  6,  9, 0.03,313,20.6
2026-07-04 23:30:49,-97.3167,35.1297, 277.2,10253,-38.5,-62.4,-58.0,  6,  9, 0.03,313,20.7
2026-07-04 23:30:50,-97.3165,35.1296, 277.0,10258,-38.6,-62.5,-58.0,  6,  9, 0.03,313,20.7
2026-07-04 23:30:51,-97.3163,35.1295, 276.8,10262,-38.6,-62.5,-58.0,  6,  9, 0.03,312,20.8
2026-07-04 23:30:52,-97.3162,35.1293, 276.7,10266,-38.6,-62.5,-58.0,  6,  9, 0.03,312,20.8
2026-07-04 23:30:53,-97.3160,35.1292, 276.5,10270,-38.7,-62.5,-58.1,  6,  9, 0.03,312,20.9
2026-07-04 23:30:54,-97.3158,35.1291, 276.3,10275,-38.7,-62.5,-58.0,  6,  9, 0.03,312,20.9
2026-07-04 23:30:55,-97.3157,35.1290, 276.2,10279,-38.8,-62.5,-58.0,  7, 10, 0.03,311,21.0
2026-07-04 23:30:56,-97.3155,35.1288, 276.0,10283,-38.8,-62.4,-58.0,  7, 10, 0.03,311,21.0
2026-07-04 23:30:57,-97.3153,35.1287, 275.8,10287,-38.8,-62.4,-58.0,  7, 10, 0.03,311,21.1
2026-07-04 23:30:58,-97.3151,35.1286, 275.7,10291,-38.9,-62.5,-58.0,  7, 10, 0.03,311,21.2
2026-07-04 23:30:59,-97.3149,35.1285, 275.5,10295,-38.9,-62.5,-58.1,  7, 10, 0.03,311,21.2
2026-07-04 23:31:00,-97.3148,35.1284, 275.3,10299,-38.9,-62.5,-58.1,  7, 10, 0.03,310,21.3
2026-07-04 23:31:01,-97.3146,35.1283, 275.2,10303,-39.0,-62.6,-58.1,  7, 10, 0.03,310,21.3
2026-07-04 23:31:02,-97.3144,35.1281, 275.0,10307,-39.0,-62.6,-58.2,  7, 10, 0.03,310,21.4
2026-07-04 23:31:03,-97.3142,35.1280, 274.8,10312,-39.0,-62.7,-58.3,  6, 10, 0.03,310,21.4
2026-07-04 23:31:04,-97.3140,35.1279, 274.7,10316,-39.1,-62.9,-58.4,  6,  9, 0.03,310,21.5
2026-07-04 23:31:05,-97.3138,35.1278, 274.5,10320,-39.1,-63.0,-58.5,  6,  9, 0.03,310,21.5
2026-07-04 23:31:06,-97.3136,35.1276, 274.3,10325,-39.1,-63.0,-58.5,  6,  9, 0.03,310,21.6
2026-07-04 23:31:07,-97.3134,35.1275, 274.1,10329,-39.1,-63.0,-58.5,  6,  9, 0.03,310,21.6
2026-07-04 23:31:08,-97.3132,35.1274, 274.0,10334,-39.1,-63.0,-58.5,  6,  9, 0.03,310,21.6
2026-07-04 23:31:09,-97.3130,35.1273, 273.8,10338,-39.1,-63.0,-58.5,  6,  9, 0.03,310,21.7
2026-07-04 23:31:10,-97.3128,35.1272, 273.6,10343,-39.2,-63.0,-58.5,  6,  9, 0.03,310,21.7
2026-07-04 23:31:11,-97.3127,35.1270, 273.4,10348,-39.2,-63.0,-58.5,  6,  9, 0.03,310,21.7
2026-07-04 23:31:12,-97.3125,35.1269, 273.2,10353,-39.2,-63.0,-58.5,  6,  9, 0.03,310,21.7
2026-07-04 23:31:13,-97.3123,35.1268, 273.0,10358,-39.2,-63.0,-58.5,  6,  9, 0.03,310,21.7
2026-07-04 23:31:14,-97.3121,35.1267, 272.8,10362,-39.3,-63.1,-58.6,  6,  9, 0.03,310,21.7
2026-07-04 23:31:15,-97.3120,35.1265, 272.7,10366,-39.3,-63.1,-58.6,  6,  9, 0.03,310,21.6
2026-07-04 23:31:16,-97.3118,35.1264, 272.5,10371,-39.3,-63.1,-58.6,  6,  9, 0.03,310,21.6
2026-07-04 23:31:17,-97.3116,35.1262, 272.3,10375,-39.4,-63.0,-58.6,  6, 10, 0.03,310,21.6
2026-07-04 23:31:18,-97.3114,35.1261, 272.1,10380,-39.4,-63.0,-58.5,  7, 10, 0.03,310,21.6
2026-07-04 23:31:19,-97.3112,35.1259, 271.9,10386,-39.4,-63.0,-58.5,  7, 10, 0.03,310,21.5
2026-07-04 23:31:20,-97.3110,35.1258, 271.6,10392,-39.4,-62.9,-58.5,  7, 10, 0.03,309,21.5
2026-07-04 23:31:21,-97.3109,35.1257, 271.4,10398,-39.5,-62.9,-58.5,  7, 10, 0.03,309,21.4
2026-07-04 23:31:22,-97.3107,35.1255, 271.2,10404,-39.5,-62.9,-58.5,  7, 10, 0.03,309,21.3
2026-07-04 23:31:23,-97.3106,35.1254, 270.9,10409,-39.5,-62.9,-58.5,  7, 10, 0.03,309,21.3
2026-07-04 23:31:24,-97.3104,35.1253, 270.7,10415,-39.5,-63.0,-58.5,  7, 10, 0.03,308,21.2
2026-07-04 23:31:25,-97.3102,35.1252, 270.6,10419,-39.5,-63.0,-58.6,  7, 10, 0.03,308,21.1
2026-07-04 23:31:26,-97.3101,35.1251, 270.4,10424,-39.6,-63.1,-58.6,  7, 10, 0.03,308,21.1
2026-07-04 23:31:27,-97.3099,35.1250, 270.2,10429,-39.6,-63.0,-58.5,  7, 10, 0.03,308,21.0
2026-07-04 23:31:28,-97.3097,35.1249, 270.0,10434,-39.6,-62.9,-58.4,  7, 10, 0.03,307,20.9
2026-07-04 23:31:29,-97.3095,35.1248, 269.8,10439,-39.6,-62.8,-58.3,  7, 10, 0.03,307,20.8
2026-07-04 23:31:30,-97.3093,35.1247, 269.5,10445,-39.6,-62.7,-58.3,  7, 10, 0.03,307,20.7
2026-07-04 23:31:31,-97.3091,35.1245, 269.3,10452,-39.6,-62.7,-58.3,  7, 10, 0.03,306,20.6
2026-07-04 23:31:32,-97.3089,35.1244, 269.0,10458,-39.7,-62.7,-58.3,  7, 10, 0.03,306,20.6
2026-07-04 23:31:33,-97.3087,35.1243, 268.8,10465,-39.7,-62.7,-58.2,  7, 10, 0.03,305,20.5
2026-07-04 23:31:34,-97.3085,35.1242, 268.5,10472,-39.8,-62.7,-58.2,  7, 10, 0.03,305,20.4
2026-07-04 23:31:35,-97.3083,35.1241, 268.2,10479,-39.8,-62.7,-58.2,  7, 10, 0.03,305,20.3
2026-07-04 23:31:36,-97.3081,35.1240, 267.9,10486,-39.9,-62.7,-58.2,  7, 11, 0.03,304,20.2
2026-07-04 23:31:37,-97.3080,35.1239, 267.7,10491,-39.9,-62.7,-58.2,  7, 11, 0.03,304,20.1
2026-07-04 23:31:38,-97.3078,35.1239, 267.5,10496,-40.0,-62.7,-58.2,  7, 11, 0.03,304,20.0
2026-07-04 23:31:39,-97.3076,35.1238, 267.4,10500,-40.0,-62.7,-58.2,  7, 11, 0.03,304,19.9
2026-07-04 23:31:40,-97.3074,35.1237, 267.2,10505,-40.1,-62.7,-58.2,  7, 11, 0.03,303,19.8
2026-07-04 23:31:41,-97.3072,35.1237, 267.0,10510,-40.1,-62.6,-58.2,  7, 11, 0.03,303,19.7
2026-07-04 23:31:42,-97.3070,35.1236, 266.8,10516,-40.2,-62.6,-58.1,  7, 11, 0.03,303,19.6
2026-07-04 23:31:43,-97.3068,35.1235, 266.5,10523,-40.2,-62.6,-58.1,  7, 11, 0.03,303,19.5
2026-07-04 23:31:44,-97.3066,35.1234, 266.2,10531,-40.3,-62.6,-58.2,  7, 11, 0.03,302,19.4
2026-07-04 23:31:45,-97.3064,35.1232, 265.8,10540,-40.3,-62.7,-58.2,  7, 11, 0.03,302,19.3
2026-07-04 23:31:46,-97.3063,35.1231, 265.5,10548,-40.4,-62.8,-58.3,  7, 11, 0.03,302,19.2
2026-07-04 23:31:47,-97.3061,35.1230, 265.2,10556,-40.5,-62.8,-58.3,  7, 11, 0.03,302,19.1
2026-07-04 23:31:48,-97.3059,35.1228, 264.9,10564,-40.6,-62.8,-58.3,  8, 11, 0.03,301,19.1
2026-07-04 23:31:49,-97.3058,35.1227, 264.6,10573,-40.6,-62.7,-58.2,  8, 11, 0.03,301,19.0
2026-07-04 23:31:50,-97.3056,35.1226, 264.2,10580,-40.7,-62.7,-58.2,  8, 12, 0.03,301,18.9
2026-07-04 23:31:51,-97.3054,35.1226, 264.0,10588,-40.8,-62.7,-58.3,  8, 12, 0.03,301,18.8
2026-07-04 23:31:52,-97.3053,35.1225, 263.7,10595,-40.8,-62.8,-58.3,  8, 12, 0.03,301,18.8
2026-07-04 23:31:53,-97.3051,35.1225, 263.5,10601,-40.9,-62.7,-58.3,  8, 12, 0.03,300,18.7
2026-07-04 23:31:54,-97.3050,35.1224, 263.2,10607,-40.9,-62.7,-58.2,  8, 12, 0.03,300,18.7
2026-07-04 23:31:55,-97.3049,35.1223, 263.0,10613,-41.0,-62.6,-58.1,  8, 12, 0.03,300,18.6
2026-07-04 23:31:56,-97.3047,35.1223, 262.7,10619,-41.0,-62.6,-58.1,  8, 12, 0.03,300,18.5
2026-07-04 23:31:57,-97.3045,35.1222, 262.5,10625,-41.1,-62.6,-58.1,  8, 12, 0.03,300,18.5
2026-07-04 23:31:58,-97.3043,35.1221, 262.3,10631,-41.1,-62.6,-58.2,  8, 12, 0.03,299,18.5
2026-07-04 23:31:59,-97.3041,35.1220, 262.1,10637,-41.2,-62.7,-58.2,  8, 12, 0.03,299,18.4
2026-07-04 23:32:00,-97.3038,35.1220, 261.8,10643,-41.2,-62.7,-58.2,  8, 12, 0.03,299,18.4
2026-07-04 23:32:01,-97.3036,35.1219, 261.6,10648,-41.3,-62.6,-58.2,  8, 12, 0.03,299,18.4
2026-07-04 23:32:02,-97.3034,35.1218, 261.4,10654,-41.3,-62.6,-58.1,  8, 13, 0.03,299,18.4
2026-07-04 23:32:03,-97.3032,35.1218, 261.2,10660,-41.4,-62.6,-58.1,  8, 13, 0.03,299,18.3
2026-07-04 23:32:04,-97.3030,35.1217, 260.9,10666,-41.4,-62.6,-58.1,  8, 13, 0.03,298,18.3
2026-07-04 23:32:05,-97.3029,35.1216, 260.7,10672,-41.5,-62.6,-58.2,  8, 13, 0.03,298,18.3
2026-07-04 23:32:06,-97.3028,35.1215, 260.5,10678,-41.6,-62.6,-58.2,  9, 13, 0.03,298,18.3
2026-07-04 23:32:07,-97.3026,35.1214, 260.2,10684,-41.6,-62.6,-58.2,  9, 13, 0.03,298,18.3
2026-07-04 23:32:08,-97.3025,35.1213, 260.0,10691,-41.7,-62.6,-58.1,  9, 13, 0.03,298,18.3
2026-07-04 23:32:09,-97.3023,35.1212, 259.7,10698,-41.7,-62.5,-58.1,  9, 13, 0.03,298,18.3
2026-07-04 23:32:10,-97.3021,35.1211, 259.4,10705,-41.8,-62.5,-58.1,  9, 13, 0.03,298,18.3
2026-07-04 23:32:11,-97.3019,35.1210, 259.2,10711,-41.8,-62.5,-58.1,  9, 13, 0.03,298,18.3
2026-07-04 23:32:12,-97.3018,35.1210, 259.0,10717,-41.9,-62.6,-58.1,  9, 13, 0.03,298,18.3
2026-07-04 23:32:13,-97.3016,35.1209, 258.7,10724,-42.0,-62.7,-58.2,  9, 13, 0.03,298,18.3
2026-07-04 23:32:14,-97.3014,35.1209, 258.5,10731,-42.0,-62.7,-58.2,  9, 13, 0.03,298,18.3
2026-07-04 23:32:15,-97.3012,35.1209, 258.2,10738,-42.1,-62.7,-58.2,  9, 14, 0.03,298,18.3
2026-07-04 23:32:16,-97.3010,35.1208, 257.9,10745,-42.2,-62.7,-58.2,  9, 14, 0.03,298,18.3
2026-07-04 23:32:17,-97.3008,35.1207, 257.7,10751,-42.3,-62.7,-58.2,  9, 14, 0.03,298,18.3
2026-07-04 23:32:18,-97.3006,35.1206, 257.5,10756,-42.3,-62.7,-58.2,  9, 14, 0.03,298,18.3
2026-07-04 23:32:19,-97.3004,35.1205, 257.3,10761,-42.4,-62.7,-58.3,  9, 14, 0.03,298,18.3
2026-07-04 23:32:20,-97.3002,35.1204, 257.1,10765,-42.4,-62.8,-58.3,  9, 14, 0.03,298,18.3
2026-07-04 23:32:21,-97.3000,35.1203, 257.0,10770,-42.4,-62.8,-58.3,  9, 14, 0.03,298,18.3
2026-07-04 23:32:22,-97.2999,35.1202, 256.7,10776,-42.5,-62.8,-58.3,  9, 14, 0.03,298,18.3
2026-07-04 23:32:23,-97.2998,35.1201, 256.5,10782,-42.5,-62.8,-58.3,  9, 14, 0.03,298,18.2
2026-07-04 23:32:24,-97.2996,35.1201, 256.3,10789,-42.6,-62.8,-58.3,  9, 14, 0.03,298,18.2
2026-07-04 23:32:25,-97.2995,35.1200, 256.0,10795,-42.6,-62.7,-58.3,  9, 14, 0.03,298,18.2
2026-07-04 23:32:26,-97.2993,35.1200, 255.8,10800,-42.7,-62.7,-58.3, 10, 14, 0.03,298,18.2
2026-07-04 23:32:27,-97.2991,35.1199, 255.6,10805,-42.8,-62.7,-58.3, 10, 15, 0.03,298,18.2
2026-07-04 23:32:28,-97.2989,35.1198, 255.4,10810,-42.8,-62.7,-58.3, 10, 15, 0.03,298,18.2
2026-07-04 23:32:29,-97.2987,35.1198, 255.2,10816,-42.9,-62.7,-58.3, 10, 15, 0.03,298,18.2
2026-07-04 23:32:30,-97.2985,35.1197, 254.9,10823,-43.0,-62.7,-58.2, 10, 15, 0.03,298,18.1
2026-07-04 23:32:31,-97.2983,35.1196, 254.7,10830,-43.0,-62.6,-58.2, 10, 15, 0.03,298,18.1
2026-07-04 23:32:32,-97.2981,35.1195, 254.4,10836,-43.1,-62.6,-58.2, 10, 15, 0.03,298,18.1
2026-07-04 23:32:33,-97.2979,35.1194, 254.2,10842,-43.1,-62.7,-58.2, 10, 15, 0.03,298,18.1
2026-07-04 23:32:34,-97.2978,35.1193, 254.1,10846,-43.2,-62.8,-58.3, 10, 15, 0.03,298,18.0
2026-07-04 23:32:35,-97.2976,35.1192, 253.9,10850,-43.2,-62.9,-58.4, 10, 15, 0.03,297,18.0
2026-07-04 23:32:36,-97.2975,35.1191, 253.7,10855,-43.2,-63.0,-58.5, 10, 15, 0.03,297,18.0
2026-07-04 23:32:37,-97.2974,35.1191, 253.5,10860,-43.3,-63.0,-58.5, 10, 15, 0.03,297,17.9
2026-07-04 23:32:38,-97.2973,35.1190, 253.4,10865,-43.3,-63.0,-58.5, 10, 15, 0.03,297,17.9
2026-07-04 23:32:39,-97.2971,35.1189, 253.2,10870,-43.4,-63.0,-58.5, 10, 15, 0.03,296,17.9
2026-07-04 23:32:40,-97.2969,35.1188, 253.0,10874,-43.4,-63.0,-58.5, 10, 15, 0.03,296,17.8
2026-07-04 23:32:41,-97.2967,35.1188, 252.9,10878,-43.5,-63.0,-58.5, 10, 15, 0.03,295,17.8
2026-07-04 23:32:42,-97.2964,35.1187, 252.7,10882,-43.5,-63.0,-58.5, 10, 15, 0.03,295,17.8
2026-07-04 23:32:43,-97.2962,35.1186, 252.5,10887,-43.5,-63.0,-58.5, 10, 15, 0.03,295,17.8
2026-07-04 23:32:44,-97.2960,35.1186, 252.4,10891,-43.6,-62.9,-58.5, 10, 16, 0.03,294,17.7
2026-07-04 23:32:45,-97.2958,35.1185, 252.2,10896,-43.6,-62.9,-58.4, 10, 16, 0.03,294,17.7
2026-07-04 23:32:46,-97.2957,35.1184, 252.0,10901,-43.7,-62.9,-58.5, 10, 16, 0.03,293,17.7
2026-07-04 23:32:47,-97.2955,35.1183, 251.8,10906,-43.7,-62.9,-58.5, 10, 16, 0.03,293,17.7
2026-07-04 23:32:48,-97.2954,35.1182, 251.6,10911,-43.8,-63.0,-58.5, 10, 16, 0.03,292,17.7
2026-07-04 23:32:49,-97.2952,35.1181, 251.4,10917,-43.8,-63.0,-58.6, 10, 16, 0.03,292,17.8
2026-07-04 23:32:50,-97.2951,35.1181, 251.2,10923,-43.9,-63.1,-58.6, 10, 16, 0.03,291,17.8
2026-07-04 23:32:51,-97.2949,35.1181, 251.0,10929,-43.9,-63.1,-58.6, 10, 16, 0.03,291,17.8
2026-07-04 23:32:52,-97.2947,35.1180, 250.8,10935,-44.0,-63.1,-58.6, 10, 16, 0.03,290,17.9
2026-07-04 23:32:53,-97.2945,35.1180, 250.5,10940,-44.0,-63.1,-58.6, 11, 16, 0.03,290,17.9
2026-07-04 23:32:54,-97.2943,35.1180, 250.3,10946,-44.1,-63.0,-58.6, 11, 16, 0.03,289,18.0
2026-07-04 23:32:54,-97.2942,35.1180, 250.1,10952,-44.2,-63.0,-58.5, 11, 17, 0.03,289,18.0
2026-07-04 23:32:55,-97.2941,35.1180, 250.0,10955,-44.2,-63.0,-58.6, 11, 17, 0.03,289,18.1
2026-07-04 23:32:56,-97.2939,35.1180, 249.9,10958,-44.2,-63.0,-58.6, 11, 17, 0.03,289,18.1
2026-07-04 23:32:57,-97.2937,35.1179, 249.7,10964,-44.3,-63.1,-58.6, 11, 17, 0.03,288,18.2
2026-07-04 23:32:58,-97.2936,35.1179, 249.5,10969,-44.3,-63.2,-58.7, 11, 16, 0.03,288,18.2
2026-07-04 23:32:59,-97.2934,35.1179, 249.3,10974,-44.3,-63.2,-58.7, 11, 16, 0.03,288,18.3
2026-07-04 23:33:00,-97.2932,35.1179, 249.1,10979,-44.4,-63.3,-58.8, 11, 16, 0.03,288,18.4
2026-07-04 23:33:01,-97.2930,35.1178, 248.9,10984,-44.4,-63.3,-58.8, 11, 16, 0.03,287,18.4
2026-07-04 23:33:02,-97.2927,35.1177, 248.7,10990,-44.5,-63.3,-58.8, 11, 17, 0.03,287,18.5
2026-07-04 23:33:03,-97.2925,35.1177, 248.5,10996,-44.6,-63.3,-58.8, 11, 17, 0.03,287,18.6
2026-07-04 23:33:04,-97.2923,35.1176, 248.2,11003,-44.6,-63.3,-58.8, 11, 17, 0.03,287,18.6
2026-07-04 23:33:05,-97.2921,35.1175, 247.9,11011,-44.7,-63.2,-58.8, 11, 17, 0.03,287,18.7
2026-07-04 23:33:06,-97.2919,35.1174, 247.6,11020,-44.8,-63.2,-58.7, 11, 17, 0.03,286,18.7
2026-07-04 23:33:07,-97.2918,35.1173, 247.3,11028,-44.9,-63.2,-58.7, 11, 18, 0.03,286,18.7
2026-07-04 23:33:08,-97.2916,35.1172, 247.0,11036,-44.9,-63.2,-58.7, 11, 18, 0.03,286,18.7
2026-07-04 23:33:09,-97.2914,35.1171, 246.7,11043,-45.0,-63.2,-58.7, 11, 18, 0.03,286,18.7
2026-07-04 23:33:10,-97.2912,35.1171, 246.5,11050,-45.1,-63.3,-58.8, 11, 18, 0.03,286,18.7
2026-07-04 23:33:11,-97.2910,35.1171, 246.2,11056,-45.1,-63.3,-58.8, 11, 18, 0.03,286,18.7
2026-07-04 23:33:12,-97.2907,35.1171, 246.0,11061,-45.2,-63.3,-58.9, 12, 18, 0.03,286,18.6
2026-07-04 23:33:13,-97.2905,35.1170, 245.9,11066,-45.2,-63.3,-58.9, 12, 18, 0.03,285,18.6
2026-07-04 23:33:14,-97.2903,35.1170, 245.7,11071,-45.3,-63.3,-58.8, 12, 18, 0.03,285,18.5
2026-07-04 23:33:15,-97.2901,35.1170, 245.5,11076,-45.3,-63.3,-58.8, 12, 18, 0.03,285,18.4
2026-07-04 23:33:16,-97.2899,35.1170, 245.3,11081,-45.4,-63.3,-58.8, 12, 18, 0.03,285,18.3
2026-07-04 23:33:17,-97.2897,35.1170, 245.1,11087,-45.4,-63.3,-58.8, 12, 19, 0.03,285,18.2
2026-07-04 23:33:18,-97.2894,35.1169, 244.9,11092,-45.5,-63.3,-58.8, 12, 19, 0.03,285,18.1
2026-07-04 23:33:19,-97.2892,35.1169, 244.7,11098,-45.5,-63.4,-58.9, 12, 19, 0.03,284,18.0
2026-07-04 23:33:20,-97.2890,35.1168, 244.5,11104,-45.6,-63.4,-58.9, 12, 19, 0.03,284,17.8
2026-07-04 23:33:21,-97.2888,35.1167, 244.2,11110,-45.7,-63.4,-59.0, 12, 19, 0.03,284,17.7
2026-07-04 23:33:22,-97.2886,35.1167, 244.0,11116,-45.7,-63.5,-59.0, 12, 19, 0.03,283,17.6
2026-07-04 23:33:23,-97.2884,35.1166, 243.8,11122,-45.8,-63.5,-59.0, 12, 19, 0.03,283,17.4
2026-07-04 23:33:24,-97.2883,35.1166, 243.6,11128,-45.8,-63.5,-59.0, 12, 19, 0.03,283,17.3
2026-07-04 23:33:25,-97.2881,35.1166, 243.3,11135,-45.9,-63.5,-59.0, 12, 19, 0.03,283,17.2
2026-07-04 23:33:26,-97.2880,35.1166, 243.1,11143,-45.9,-63.4,-58.9, 12, 19, 0.03,282,17.0
2026-07-04 23:33:27,-97.2879,35.1166, 242.8,11150,-46.0,-63.3,-58.8, 13, 20, 0.03,282,16.9
2026-07-04 23:33:28,-97.2877,35.1165, 242.5,11157,-46.1,-63.2,-58.7, 13, 20, 0.03,281,16.8
2026-07-04 23:33:29,-97.2876,35.1165, 242.3,11163,-46.1,-63.1,-58.6, 13, 21, 0.03,281,16.8
2026-07-04 23:33:30,-97.2875,35.1164, 242.1,11169,-46.2,-63.0,-58.6, 13, 21, 0.03,281,16.7
2026-07-04 23:33:31,-97.2873,35.1164, 241.9,11176,-46.2,-63.0,-58.6, 13, 21, 0.03,280,16.6
2026-07-04 23:33:32,-97.2872,35.1163, 241.6,11182,-46.3,-63.0,-58.5, 14, 21, 0.03,280,16.6
2026-07-04 23:33:33,-97.2870,35.1163, 241.4,11188,-46.3,-62.9,-58.5, 14, 22, 0.03,280,16.6
2026-07-04 23:33:34,-97.2868,35.1162, 241.1,11195,-46.3,-62.9,-58.4, 14, 22, 0.03,280,16.6
2026-07-04 23:33:35,-97.2866,35.1162, 240.9,11202,-46.4,-62.8,-58.3, 14, 22, 0.03,279,16.6
2026-07-04 23:33:36,-97.2864,35.1162, 240.7,11209,-46.4,-62.7,-58.3, 14, 22, 0.04,279,16.6
2026-07-04 23:33:37,-97.2861,35.1163, 240.4,11215,-46.4,-62.8,-58.3, 14, 22, 0.04,279,16.7
2026-07-04 23:33:38,-97.2859,35.1163, 240.2,11221,-46.5,-62.8,-58.4, 14, 22, 0.03,279,16.7
2026-07-04 23:33:39,-97.2858,35.1163, 240.0,11227,-46.5,-62.9,-58.5, 14, 22, 0.03,278,16.8
2026-07-04 23:33:40,-97.2856,35.1163, 239.8,11233,-46.6,-63.0,-58.6, 14, 22, 0.03,278,16.9
2026-07-04 23:33:41,-97.2854,35.1163, 239.6,11238,-46.7,-63.1,-58.7, 14, 22, 0.03,278,17.0
2026-07-04 23:33:42,-97.2853,35.1163, 239.4,11244,-46.8,-63.2,-58.7, 14, 22, 0.03,278,17.1
2026-07-04 23:33:43,-97.2851,35.1163, 239.2,11249,-46.9,-63.3,-58.8, 14, 22, 0.03,278,17.1
2026-07-04 23:33:44,-97.2849,35.1163, 239.0,11255,-46.9,-63.3,-58.8, 14, 22, 0.03,278,17.2
2026-07-04 23:33:45,-97.2848,35.1162, 238.8,11261,-47.0,-63.2,-58.7, 14, 23, 0.03,278,17.3
2026-07-04 23:33:46,-97.2846,35.1162, 238.5,11267,-47.0,-63.0,-58.6, 15, 23, 0.03,278,17.4
2026-07-04 23:33:47,-97.2844,35.1162, 238.3,11273,-47.0,-62.9,-58.5, 15, 23, 0.03,278,17.5
2026-07-04 23:33:48,-97.2842,35.1162, 238.1,11279,-47.0,-62.9,-58.4, 15, 24, 0.03,278,17.6
2026-07-04 23:33:49,-97.2839,35.1161, 237.9,11285,-47.1,-62.8,-58.4, 15, 24, 0.04,278,17.7
2026-07-04 23:33:50,-97.2837,35.1161, 237.7,11291,-47.1,-62.8,-58.3, 15, 24, 0.04,278,17.8
2026-07-04 23:33:51,-97.2835,35.1161, 237.5,11297,-47.2,-62.7,-58.3, 15, 24, 0.04,278,17.9
2026-07-04 23:33:52,-97.2833,35.1160, 237.2,11303,-47.2,-62.7,-58.3, 16, 25, 0.04,278,18.0
2026-07-04 23:33:53,-97.2831,35.1159, 237.0,11310,-47.3,-62.7,-58.3, 16, 25, 0.04,278,18.1
2026-07-04 23:33:54,-97.2828,35.1159, 236.8,11316,-47.4,-62.7,-58.3, 16, 25, 0.04,278,18.1
2026-07-04 23:33:55,-97.2826,35.1159, 236.6,11322,-47.4,-62.7,-58.2, 16, 25, 0.04,278,18.2
2026-07-04 23:33:56,-97.2824,35.1158, 236.4,11327,-47.5,-62.7,-58.2, 16, 25, 0.04,278,18.3
2026-07-04 23:33:57,-97.2822,35.1158, 236.2,11333,-47.5,-62.8,-58.3, 16, 25, 0.04,277,18.4
2026-07-04 23:33:58,-97.2820,35.1158, 236.0,11338,-47.6,-62.8,-58.4, 16, 25, 0.04,277,18.4
2026-07-04 23:33:59,-97.2818,35.1157, 235.8,11344,-47.6,-62.9,-58.5, 16, 25, 0.04,277,18.5
2026-07-04 23:34:00,-97.2816,35.1157, 235.6,11351,-47.7,-63.0,-58.5, 16, 25, 0.03,277,18.6
2026-07-04 23:34:01,-97.2815,35.1157, 235.4,11356,-47.7,-63.1,-58.6, 16, 25, 0.03,276,18.6
2026-07-04 23:34:02,-97.2813,35.1157, 235.2,11361,-47.7,-63.1,-58.6, 16, 25, 0.03,276,18.7
2026-07-04 23:34:03,-97.2812,35.1156, 235.0,11367,-47.8,-63.1,-58.6, 16, 25, 0.03,275,18.8
2026-07-04 23:34:04,-97.2810,35.1156, 234.8,11372,-47.9,-63.1,-58.6, 16, 25, 0.03,275,18.9
2026-07-04 23:34:05,-97.2808,35.1156, 234.6,11378,-47.9,-63.1,-58.6, 16, 26, 0.03,275,19.0
2026-07-04 23:34:06,-97.2806,35.1156, 234.3,11384,-48.0,-63.1,-58.6, 16, 26, 0.03,274,19.1
2026-07-04 23:34:07,-97.2804,35.1156, 234.1,11391,-48.1,-63.0,-58.5, 16, 26, 0.03,274,19.2
2026-07-04 23:34:08,-97.2802,35.1156, 233.9,11396,-48.1,-63.0,-58.5, 17, 27, 0.04,273,19.3
2026-07-04 23:34:09,-97.2799,35.1156, 233.8,11401,-48.1,-63.0,-58.5, 17, 27, 0.03,273,19.4
2026-07-04 23:34:10,-97.2797,35.1157, 233.6,11405,-48.2,-63.1,-58.6, 16, 26, 0.03,272,19.5
2026-07-04 23:34:11,-97.2794,35.1157, 233.4,11410,-48.2,-63.3,-58.8, 16, 26, 0.03,272,19.6
2026-07-04 23:34:12,-97.2792,35.1157, 233.3,11415,-48.1,-63.5,-59.0, 16, 25, 0.03,272,19.7
2026-07-04 23:34:13,-97.2790,35.1157, 233.1,11420,-48.1,-63.7,-59.2, 15, 24, 0.03,271,19.9
2026-07-04 23:34:14,-97.2788,35.1157, 232.9,11426,-48.1,-63.9,-59.4, 15, 24, 0.03,271,20.0
2026-07-04 23:34:15,-97.2785,35.1157, 232.7,11431,-48.1,-64.0,-59.5, 14, 23, 0.03,271,20.1
2026-07-04 23:34:16,-97.2783,35.1157, 232.5,11436,-48.1,-64.2,-59.7, 14, 23, 0.03,271,20.3
2026-07-04 23:34:17,-97.2781,35.1157, 232.4,11441,-48.2,-64.3,-59.8, 14, 23, 0.03,271,20.4
2026-07-04 23:34:18,-97.2779,35.1157, 232.2,11445,-48.2,-64.4,-59.9, 14, 22, 0.03,270,20.5
2026-07-04 23:34:19,-97.2776,35.1157, 232.0,11450,-48.2,-64.4,-59.9, 14, 22, 0.03,270,20.6
2026-07-04 23:34:20,-97.2774,35.1157, 231.9,11455,-48.3,-64.4,-59.9, 14, 22, 0.03,270,20.8
2026-07-04 23:34:21,-97.2772,35.1157, 231.7,11459,-48.3,-64.4,-59.9, 14, 23, 0.03,270,20.9
2026-07-04 23:34:22,-97.2769,35.1157, 231.5,11464,-48.3,-64.3,-59.8, 14, 23, 0.03,271,21.0
2026-07-04 23:34:23,-97.2767,35.1157, 231.4,11468,-48.4,-64.3,-59.8, 14, 23, 0.03,271,21.2
2026-07-04 23:34:24,-97.2765,35.1157, 231.2,11473,-48.4,-64.3,-59.8, 15, 23, 0.03,271,21.3
2026-07-04 23:34:25,-97.2763,35.1157, 231.1,11478,-48.5,-64.3,-59.8, 15, 23, 0.03,271,21.4
2026-07-04 23:34:26,-97.2760,35.1157, 230.9,11482,-48.5,-64.3,-59.8, 15, 24, 0.03,271,21.6
2026-07-04 23:34:27,-97.2758,35.1157, 230.7,11487,-48.5,-64.3,-59.8, 15, 24, 0.03,271,21.7
2026-07-04 23:34:28,-97.2755,35.1157, 230.6,11491,-48.5,-64.3,-59.8, 15, 24, 0.03,272,21.8
2026-07-04 23:34:29,-97.2753,35.1157, 230.4,11496,-48.5,-64.3,-59.8, 15, 24, 0.03,272,22.0
2026-07-04 23:34:30,-97.2750,35.1157, 230.2,11501,-48.6,-64.3,-59.8, 15, 24, 0.03,272,22.1
2026-07-04 23:34:31,-97.2748,35.1157, 230.0,11506,-48.6,-64.3,-59.8, 15, 24, 0.03,272,22.3
2026-07-04 23:34:32,-97.2746,35.1157, 229.8,11512,-48.7,-64.3,-59.8, 15, 24, 0.03,273,22.5
2026-07-04 23:34:33,-97.2743,35.1157, 229.6,11518,-48.7,-64.3,-59.8, 15, 24, 0.03,273,22.7
2026-07-04 23:34:34,-97.2741,35.1157, 229.4,11524,-48.8,-64.3,-59.8, 15, 24, 0.03,273,22.9
2026-07-04 23:34:35,-97.2738,35.1157, 229.3,11529,-48.8,-64.3,-59.8, 15, 24, 0.03,273,23.0
2026-07-04 23:34:36,-97.2736,35.1157, 229.1,11534,-48.8,-64.4,-59.9, 15, 24, 0.03,274,23.2
2026-07-04 23:34:37,-97.2733,35.1156, 228.9,11539,-48.9,-64.4,-59.9, 15, 24, 0.03,274,23.5
2026-07-04 23:34:38,-97.2731,35.1156, 228.7,11545,-48.9,-64.4,-59.9, 15, 24, 0.03,274,23.7
2026-07-04 23:34:39,-97.2728,35.1156, 228.4,11552,-49.0,-64.5,-60.0, 15, 24, 0.03,274,23.9
2026-07-04 23:34:40,-97.2726,35.1155, 228.2,11559,-49.0,-64.6,-60.1, 15, 24, 0.03,275,24.1
2026-07-04 23:34:41,-97.2724,35.1155, 227.9,11566,-49.1,-64.7,-60.2, 15, 24, 0.03,275,24.3
2026-07-04 23:34:42,-97.2721,35.1155, 227.7,11573,-49.1,-64.8,-60.3, 15, 24, 0.03,275,24.5
2026-07-04 23:34:43,-97.2719,35.1154, 227.5,11580,-49.1,-64.9,-60.4, 14, 23, 0.03,275,24.7
2026-07-04 23:34:44,-97.2716,35.1154, 227.2,11587,-49.2,-65.1,-60.6, 14, 23, 0.03,276,24.9
2026-07-04 23:34:45,-97.2713,35.1154, 227.0,11594,-49.2,-65.3,-60.8, 14, 22, 0.03,276,25.1
2026-07-04 23:34:46,-97.2709,35.1153, 226.8,11600,-49.2,-65.5,-61.0, 13, 22, 0.03,276,25.3
2026-07-04 23:34:47,-97.2706,35.1153, 226.6,11605,-49.1,-65.7,-61.1, 13, 21, 0.03,277,25.5
2026-07-04 23:34:48,-97.2703,35.1153, 226.4,11610,-49.0,-65.8,-61.3, 13, 20, 0.02,277,25.7
2026-07-04 23:34:49,-97.2700,35.1152, 226.2,11616,-49.0,-66.1,-61.5, 12, 20, 0.02,277,25.8
2026-07-04 23:34:50,-97.2697,35.1152, 226.0,11622,-48.9,-66.3,-61.8, 12, 19, 0.02,278,26.0
2026-07-04 23:34:51,-97.2694,35.1152, 225.8,11630,-48.9,-66.6,-62.0, 11, 18, 0.02,278,26.1
2026-07-04 23:34:52,-97.2691,35.1153, 225.5,11637,-48.9,-66.8,-62.3, 11, 18, 0.02,279,26.2
2026-07-04 23:34:53,-97.2688,35.1153, 225.3,11645,-48.9,-67.1,-62.5, 11, 17, 0.02,279,26.3
2026-07-04 23:34:54,-97.2686,35.1153, 225.0,11652,-48.9,-67.4,-62.8, 10, 16, 0.02,279,26.4
2026-07-04 23:34:55,-97.2683,35.1153, 224.7,11659,-48.9,-67.6,-63.1, 10, 16, 0.02,280,26.5
2026-07-04 23:34:56,-97.2680,35.1153, 224.5,11667,-48.9,-67.9,-63.3,  9, 15, 0.02,280,26.5
2026-07-04 23:34:57,-97.2677,35.1153, 224.2,11674,-48.9,-68.1,-63.5,  9, 15, 0.02,281,26.6
2026-07-04 23:34:58,-97.2673,35.1152, 224.0,11681,-48.8,-68.3,-63.7,  9, 14, 0.02,282,26.6
2026-07-04 23:34:59,-97.2670,35.1151, 223.8,11688,-48.7,-68.4,-63.8,  9, 14, 0.02,282,26.7
2026-07-04 23:35:00,-97.2666,35.1150, 223.5,11695,-48.6,-68.4,-63.8,  9, 14, 0.02,283,26.7
2026-07-04 23:35:01,-97.2663,35.1149, 223.3,11702,-48.6,-68.5,-63.9,  8, 14, 0.02,283,26.8
2026-07-04 23:35:02,-97.2660,35.1148, 223.1,11708,-48.7,-68.5,-63.9,  9, 14, 0.02,284,26.8
2026-07-04 23:35:03,-97.2658,35.1147, 222.9,11713,-48.7,-68.5,-63.9,  9, 14, 0.02,284,26.9
2026-07-04 23:35:04,-97.2655,35.1146, 222.8,11718,-48.8,-68.4,-63.8,  9, 14, 0.02,285,26.9
2026-07-04 23:35:05,-97.2653,35.1145, 222.6,11723,-48.8,-68.3,-63.8,  9, 14, 0.02,286,27.0
2026-07-04 23:35:06,-97.2651,35.1144, 222.3,11730,-48.9,-68.3,-63.7,  9, 14, 0.02,286,27.0
2026-07-04 23:35:07,-97.2648,35.1143, 222.1,11737,-48.9,-68.2,-63.7,  9, 15, 0.02,287,27.1
2026-07-04 23:35:08,-97.2646,35.1143, 221.8,11745,-49.0,-68.2,-63.6,  9, 15, 0.02,287,27.2
2026-07-04 23:35:09,-97.2643,35.1142, 221.6,11752,-49.1,-68.2,-63.6,  9, 15, 0.02,288,27.3
2026-07-04 23:35:10,-97.2641,35.1142, 221.3,11759,-49.2,-68.2,-63.7,  9, 15, 0.02,288,27.4
2026-07-04 23:35:11,-97.2638,35.1141, 221.1,11766,-49.2,-68.2,-63.7,  9, 15, 0.02,289,27.5
2026-07-04 23:35:12,-97.2636,35.1141, 220.9,11774,-49.3,-68.2,-63.7,  9, 15, 0.02,289,27.6
2026-07-04 23:35:13,-97.2633,35.1140, 220.6,11781,-49.4,-68.2,-63.7, 10, 15, 0.02,290,27.7
2026-07-04 23:35:14,-97.2630,35.1138, 220.3,11789,-49.4,-68.3,-63.7, 10, 15, 0.02,290,27.9
2026-07-04 23:35:15,-97.2627,35.1137, 220.1,11797,-49.5,-68.3,-63.7, 10, 16, 0.02,290,28.0
2026-07-04 23:35:16,-97.2624,35.1136, 219.8,11805,-49.6,-68.2,-63.7, 10, 16, 0.02,291,28.2
2026-07-04 23:35:17,-97.2620,35.1136, 219.5,11813,-49.6,-68.2,-63.6, 10, 16, 0.02,291,28.3
2026-07-04 23:35:18,-97.2617,35.1135, 219.3,11820,-49.7,-68.2,-63.6, 10, 16, 0.02,292,28.5
2026-07-04 23:35:19,-97.2614,35.1135, 219.1,11826,-49.7,-68.1,-63.5, 10, 16, 0.02,292,28.6
2026-07-04 23:35:20,-97.2611,35.1134, 218.9,11833,-49.8,-68.1,-63.5, 10, 16, 0.02,292,28.8
2026-07-04 23:35:21,-97.2608,35.1133, 218.6,11840,-49.8,-68.1,-63.5, 10, 17, 0.02,292,29.0
2026-07-04 23:35:22,-97.2605,35.1132, 218.4,11848,-49.9,-68.1,-63.6, 10, 17, 0.02,293,29.1
2026-07-04 23:35:23,-97.2602,35.1130, 218.1,11856,-50.0,-68.2,-63.6, 10, 17, 0.02,293,29.3
2026-07-04 23:35:24,-97.2599,35.1129, 217.9,11863,-50.1,-68.2,-63.6, 10, 17, 0.02,293,29.4
2026-07-04 23:35:25,-97.2596,35.1127, 217.7,11869,-50.2,-68.2,-63.6, 10, 17, 0.02,293,29.6
2026-07-04 23:35:26,-97.2593,35.1126, 217.5,11873,-50.2,-68.2,-63.6, 11, 17, 0.02,293,29.7
2026-07-04 23:35:27,-97.2590,35.1124, 217.4,11876,-50.2,-68.1,-63.5, 11, 17, 0.02,293,29.8
2026-07-04 23:35:28,-97.2587,35.1123, 217.3,11881,-50.1,-68.0,-63.4, 11, 17, 0.02,293,29.9
2026-07-04 23:35:29,-97.2584,35.1122, 217.1,11886,-50.0,-67.9,-63.3, 11, 18, 0.02,293,30.0
2026-07-04 23:35:30,-97.2581,35.1121, 216.9,11891,-49.9,-67.7,-63.1, 11, 18, 0.02,294,30.1
2026-07-04 23:35:31,-97.2578,35.1120, 216.8,11896,-49.8,-67.6,-63.1, 11, 18, 0.02,294,30.2
2026-07-04 23:35:32,-97.2575,35.1119, 216.6,11901,-49.8,-67.6,-63.0, 11, 18, 0.02,294,30.2
2026-07-04 23:35:33,-97.2572,35.1118, 216.5,11906,-49.8,-67.7,-63.1, 11, 18, 0.02,294,30.3
2026-07-04 23:35:34,-97.2569,35.1117, 216.3,11911,-49.9,-67.7,-63.1, 11, 18, 0.02,294,30.3
2026-07-04 23:35:35,-97.2566,35.1116, 216.1,11916,-49.9,-67.7,-63.1, 11, 18, 0.02,294,30.4
2026-07-04 23:35:36,-97.2563,35.1115, 215.9,11922,-49.9,-67.7,-63.1, 11, 18, 0.02,294,30.4
2026-07-04 23:35:37,-97.2559,35.1113, 215.7,11928,-50.0,-67.7,-63.1, 11, 18, 0.02,293,30.4
2026-07-04 23:35:38,-97.2556,35.1112, 215.5,11934,-50.0,-67.6,-63.1, 11, 18, 0.02,293,30.5
2026-07-04 23:35:39,-97.2553,35.1111, 215.3,11939,-50.1,-67.6,-63.1, 11, 18, 0.02,293,30.5
2026-07-04 23:35:40,-97.2550,35.1110, 215.2,11945,-50.1,-67.6,-63.1, 11, 18, 0.02,293,30.5
2026-07-04 23:35:41,-97.2547,35.1109, 215.0,11950,-50.2,-67.7,-63.1, 11, 18, 0.02,293,30.5
2026-07-04 23:35:42,-97.2544,35.1108, 214.8,11956,-50.2,-67.7,-63.2, 11, 18, 0.02,293,30.5
2026-07-04 23:35:43,-97.2541,35.1107, 214.6,11961,-50.2,-67.8,-63.2, 11, 18, 0.02,293,30.5
2026-07-04 23:35:44,-97.2538,35.1106, 214.5,11966,-50.3,-67.9,-63.3, 11, 18, 0.02,293,30.6
2026-07-04 23:35:45,-97.2535,35.1105, 214.3,11971,-50.3,-68.0,-63.4, 11, 18, 0.02,293,30.6
2026-07-04 23:35:46,-97.2532,35.1104, 214.1,11976,-50.3,-68.1,-63.5, 11, 18, 0.02,293,30.6
2026-07-04 23:35:47,-97.2529,35.1103, 214.0,11980,-50.4,-68.2,-63.6, 11, 18, 0.02,293,30.6
2026-07-04 23:35:48,-97.2526,35.1102, 213.8,11985,-50.4,-68.3,-63.7, 11, 18, 0.02,292,30.6
2026-07-04 23:35:49,-97.2523,35.1101, 213.7,11990,-50.5,-68.3,-63.7, 11, 17, 0.02,292,30.6
2026-07-04 23:35:50,-97.2520,35.1100, 213.5,11995,-50.5,-68.3,-63.8, 11, 17, 0.02,292,30.6
2026-07-04 23:35:51,-97.2517,35.1099, 213.3,12000,-50.6,-68.4,-63.8, 11, 17, 0.02,292,30.6
2026-07-04 23:35:52,-97.2514,35.1098, 213.2,12005,-50.6,-68.4,-63.8, 11, 17, 0.02,292,30.5
2026-07-04 23:35:53,-97.2510,35.1097, 213.0,12011,-50.6,-68.5,-63.9, 11, 17, 0.02,292,30.5
2026-07-04 23:35:54,-97.2507,35.1096, 212.8,12017,-50.7,-68.5,-63.9, 11, 17, 0.02,292,30.5
2026-07-04 23:35:55,-97.2503,35.1095, 212.6,12022,-50.8,-68.5,-63.9, 11, 18, 0.02,292,30.5
2026-07-04 23:35:56,-97.2500,35.1093, 212.5,12027,-50.8,-68.4,-63.8, 11, 18, 0.02,292,30.4
2026-07-04 23:35:57,-97.2497,35.1092, 212.3,12033,-50.8,-68.3,-63.7, 11, 18, 0.02,292,30.4
2026-07-04 23:35:58,-97.2494,35.1091, 212.1,12038,-50.9,-68.1,-63.5, 12, 19, 0.02,292,30.3
2026-07-04 23:35:59,-97.2491,35.1090, 211.9,12043,-50.9,-67.9,-63.3, 12, 19, 0.02,291,30.2
2026-07-04 23:36:00,-97.2488,35.1089, 211.7,12049,-51.0,-67.8,-63.2, 12, 20, 0.02,291,30.1
2026-07-04 23:36:01,-97.2485,35.1088, 211.6,12054,-51.0,-67.7,-63.1, 12, 20, 0.02,291,30.0
2026-07-04 23:36:02,-97.2482,35.1087, 211.4,12060,-51.0,-67.7,-63.1, 12, 20, 0.02,291,29.9
2026-07-04 23:36:03,-97.2479,35.1086, 211.2,12065,-51.1,-67.8,-63.2, 12, 20, 0.02,291,29.8
2026-07-04 23:36:04,-97.2476,35.1085, 211.1,12070,-51.1,-67.9,-63.3, 12, 20, 0.02,291,29.7
2026-07-04 23:36:05,-97.2473,35.1084, 210.9,12075,-51.2,-68.2,-63.6, 12, 19, 0.02,291,29.5
2026-07-04 23:36:06,-97.2469,35.1084, 210.7,12081,-51.2,-68.5,-63.9, 11, 19, 0.02,291,29.4
2026-07-04 23:36:07,-97.2466,35.1083, 210.5,12086,-51.2,-68.8,-64.2, 11, 18, 0.02,291,29.2
2026-07-04 23:36:08,-97.2463,35.1082, 210.4,12091,-51.2,-69.1,-64.5, 10, 17, 0.02,291,29.1
2026-07-04 23:36:09,-97.2460,35.1081, 210.2,12096,-51.2,-69.4,-64.8, 10, 16, 0.02,291,28.9
2026-07-04 23:36:10,-97.2457,35.1080, 210.0,12101,-51.2,-69.6,-65.0, 10, 16, 0.02,291,28.8
2026-07-04 23:36:11,-97.2454,35.1079, 209.9,12107,-51.2,-69.8,-65.1, 10, 16, 0.02,291,28.6
2026-07-04 23:36:12,-97.2451,35.1078, 209.7,12112,-51.2,-69.9,-65.3,  9, 15, 0.02,291,28.5
2026-07-04 23:36:13,-97.2448,35.1077, 209.5,12117,-51.2,-70.1,-65.4,  9, 15, 0.02,291,28.4
2026-07-04 23:36:14,-97.2446,35.1077, 209.3,12123,-51.2,-70.3,-65.6,  9, 15, 0.01,291,28.2
2026-07-04 23:36:15,-97.2443,35.1076, 209.2,12129,-51.2,-70.5,-65.8,  9, 14, 0.01,291,28.1
2026-07-04 23:36:16,-97.2441,35.1075, 209.0,12135,-51.2,-70.6,-66.0,  8, 14, 0.01,291,28.0
2026-07-04 23:36:17,-97.2438,35.1074, 208.8,12141,-51.2,-70.8,-66.1,  8, 14, 0.01,292,27.9
2026-07-04 23:36:18,-97.2436,35.1073, 208.6,12147,-51.2,-70.9,-66.2,  8, 13, 0.01,292,27.7
2026-07-04 23:36:19,-97.2433,35.1072, 208.4,12153,-51.1,-70.9,-66.3,  8, 13, 0.01,292,27.6
2026-07-04 23:36:20,-97.2430,35.1071, 208.2,12159,-51.1,-71.0,-66.4,  8, 13, 0.01,292,27.5
2026-07-04 23:36:21,-97.2428,35.1070, 208.0,12164,-51.1,-71.1,-66.4,  8, 13, 0.01,292,27.5
2026-07-04 23:36:22,-97.2425,35.1069, 207.9,12170,-51.2,-71.2,-66.5,  8, 13, 0.01,292,27.4
2026-07-04 23:36:23,-97.2422,35.1068, 207.7,12175,-51.2,-71.3,-66.6,  8, 13, 0.01,292,27.3
2026-07-04 23:36:24,-97.2419,35.1067, 207.5,12180,-51.1,-71.3,-66.7,  8, 12, 0.01,292,27.3
2026-07-04 23:36:25,-97.2416,35.1066, 207.4,12185,-51.1,-71.4,-66.8,  7, 12, 0.01,293,27.2
2026-07-04 23:36:26,-97.2413,35.1066, 207.2,12190,-51.1,-71.5,-66.8,  7, 12, 0.01,293,27.2
2026-07-04 23:36:27,-97.2411,35.1065, 207.0,12195,-51.0,-71.5,-66.8,  7, 12, 0.01,293,27.1
2026-07-04 23:36:28,-97.2408,35.1064, 206.9,12200,-51.0,-71.5,-66.9,  7, 12, 0.01,293,27.1
2026-07-04 23:36:29,-97.2405,35.1063, 206.7,12205,-51.0,-71.6,-66.9,  7, 12, 0.01,294,27.0
2026-07-04 23:36:30,-97.2403,35.1062, 206.5,12211,-51.0,-71.6,-66.9,  7, 12, 0.01,294,27.0
2026-07-04 23:36:31,-97.2400,35.1061, 206.3,12218,-51.1,-71.6,-67.0,  7, 12, 0.01,294,26.9
2026-07-04 23:36:32,-97.2397,35.1060, 206.1,12224,-51.1,-71.7,-67.0,  7, 12, 0.01,294,26.9
2026-07-04 23:36:33,-97.2394,35.1059, 205.9,12230,-51.1,-71.7,-67.1,  7, 12, 0.01,295,26.9
2026-07-04 23:36:34,-97.2392,35.1058, 205.8,12235,-51.0,-71.7,-67.1,  7, 12, 0.01,295,26.8
2026-07-04 23:36:35,-97.2389,35.1057, 205.6,12239,-51.0,-71.8,-67.1,  7, 11, 0.01,295,26.7
2026-07-04 23:36:36,-97.2386,35.1056, 205.5,12243,-51.0,-71.8,-67.2,  7, 11, 0.01,296,26.7
2026-07-04 23:36:37,-97.2383,35.1055, 205.4,12247,-50.9,-71.9,-67.2,  7, 11, 0.01,296,26.6
2026-07-04 23:36:38,-97.2381,35.1054, 205.3,12251,-50.9,-72.0,-67.3,  7, 11, 0.01,296,26.5
2026-07-04 23:36:39,-97.2378,35.1053, 205.1,12257,-50.9,-72.1,-67.4,  7, 11, 0.01,297,26.4
2026-07-04 23:36:40,-97.2375,35.1052, 204.9,12263,-50.9,-72.2,-67.5,  6, 11, 0.01,297,26.3
2026-07-04 23:36:41,-97.2373,35.1050, 204.7,12270,-50.9,-72.3,-67.6,  6, 11, 0.01,297,26.2
2026-07-04 23:36:42,-97.2370,35.1049, 204.4,12278,-50.9,-72.4,-67.7,  6, 10, 0.01,297,26.1
2026-07-04 23:36:43,-97.2368,35.1048, 204.1,12287,-50.9,-72.4,-67.8,  6, 10, 0.01,298,26.0
2026-07-04 23:36:44,-97.2365,35.1046, 203.9,12295,-50.9,-72.5,-67.8,  6, 10, 0.01,298,25.9
2026-07-04 23:36:45,-97.2363,35.1045, 203.6,12304,-50.9,-72.5,-67.8,  6, 10, 0.01,298,25.7
2026-07-04 23:36:46,-97.2361,35.1044, 203.3,12313,-50.9,-72.5,-67.8,  6, 10, 0.01,299,25.6
2026-07-04 23:36:47,-97.2358,35.1042, 203.1,12321,-51.0,-72.6,-67.9,  6, 10, 0.01,299,25.4
2026-07-04 23:36:48,-97.2356,35.1041, 202.8,12329,-51.0,-72.7,-68.0,  6, 10, 0.01,299,25.3
2026-07-04 23:36:49,-97.2354,35.1040, 202.6,12337,-51.0,-72.7,-68.1,  6, 10, 0.01,299,25.1
2026-07-04 23:36:50,-97.2352,35.1039, 202.3,12345,-51.0,-72.8,-68.1,  6, 10, 0.01,299,24.9
2026-07-04 23:36:51,-97.2349,35.1039, 202.1,12352,-50.9,-72.8,-68.2,  6, 10, 0.01,300,24.8
2026-07-04 23:36:52,-97.2347,35.1038, 201.9,12359,-50.8,-72.9,-68.2,  6, 10, 0.01,300,24.6
2026-07-04 23:36:53,-97.2344,35.1037, 201.7,12366,-50.7,-73.0,-68.3,  6,  9, 0.01,300,24.4
2026-07-04 23:36:54,-97.2342,35.1037, 201.4,12373,-50.8,-73.1,-68.4,  6,  9, 0.01,300,24.2
2026-07-04 23:36:55,-97.2339,35.1035, 201.2,12381,-50.8,-73.2,-68.5,  6,  9, 0.01,300,24.0
2026-07-04 23:36:56,-97.2337,35.1034, 201.0,12389,-50.8,-73.3,-68.6,  6,  9, 0.01,301,23.9
2026-07-04 23:36:57,-97.2335,35.1032, 200.7,12397,-50.9,-73.3,-68.7,  5,  9, 0.01,301,23.7
2026-07-04 23:36:58,-97.2333,35.1031, 200.5,12404,-50.9,-73.4,-68.7,  5,  9, 0.01,301,23.5
2026-07-04 23:36:59,-97.2331,35.1029, 200.3,12411,-50.9,-73.4,-68.8,  5,  9, 0.01,301,23.4
2026-07-04 23:36:59,-97.2330,35.1029, 200.1,12417,-50.8,-73.5,-68.8,  5,  9, 0.01,301,23.2
2026-07-04 23:37:00,-97.2329,35.1028, 200.0,12420,-50.8,-73.5,-68.8,  5,  9, 0.01,301,23.0
2026-07-04 23:37:01,-97.2328,35.1027, 199.9,12424,-50.8,-73.5,-68.8,  5,  9, 0.01,301,23.0
2026-07-04 23:37:02,-97.2326,35.1026, 199.7,12430,-50.8,-73.5,-68.8,  5,  9, 0.01,301,22.9
2026-07-04 23:37:03,-97.2324,35.1026, 199.5,12437,-50.9,-73.5,-68.8,  5,  9, 0.01,302,22.7
2026-07-04 23:37:04,-97.2322,35.1025, 199.3,12443,-50.9,-73.5,-68.8,  5,  9, 0.01,302,22.6
2026-07-04 23:37:05,-97.2319,35.1024, 199.1,12449,-51.0,-73.5,-68.9,  5,  9, 0.01,302,22.5
2026-07-04 23:37:06,-97.2317,35.1023, 198.9,12455,-51.0,-73.5,-68.9,  5,  9, 0.01,302,22.3
2026-07-04 23:37:07,-97.2315,35.1022, 198.7,12462,-51.0,-73.5,-68.8,  5,  9, 0.01,302,22.2
2026-07-04 23:37:08,-97.2313,35.1021, 198.5,12468,-51.1,-73.5,-68.8,  5,  9, 0.01,302,22.1
2026-07-04 23:37:09,-97.2311,35.1020, 198.4,12473,-51.1,-73.5,-68.8,  5,  9, 0.01,302,22.0
2026-07-04 23:37:10,-97.2309,35.1019, 198.2,12478,-51.1,-73.5,-68.8,  5,  9, 0.01,303,21.9
2026-07-04 23:37:11,-97.2308,35.1017, 198.1,12482,-51.1,-73.5,-68.9,  5,  9, 0.01,303,21.8
2026-07-04 23:37:12,-97.2306,35.1016, 198.0,12486,-51.1,-73.5,-68.9,  5,  9, 0.01,303,21.7
2026-07-04 23:37:13,-97.2304,35.1015, 197.8,12492,-51.2,-73.6,-68.9,  5,  9, 0.01,303,21.6
2026-07-04 23:37:14,-97.2302,35.1013, 197.6,12498,-51.2,-73.6,-68.9,  6,  9, 0.01,303,21.5
2026-07-04 23:37:15,-97.2300,35.1012, 197.4,12505,-51.3,-73.6,-68.9,  6,  9, 0.01,304,21.4
2026-07-04 23:37:16,-97.2298,35.1011, 197.2,12512,-51.4,-73.6,-68.9,  6,  9, 0.01,304,21.3
2026-07-04 23:37:17,-97.2296,35.1011, 197.0,12519,-51.4,-73.6,-68.9,  6,  9, 0.01,304,21.2
2026-07-04 23:37:18,-97.2293,35.1010, 196.8,12524,-51.5,-73.5,-68.9,  6,  9, 0.01,305,21.0
2026-07-04 23:37:19,-97.2291,35.1009, 196.7,12530,-51.6,-73.5,-68.8,  6, 10, 0.01,305,20.9
2026-07-04 23:37:20,-97.2289,35.1009, 196.5,12535,-51.6,-73.5,-68.8,  6, 10, 0.01,306,20.8
2026-07-04 23:37:21,-97.2287,35.1008, 196.3,12542,-51.7,-73.5,-68.8,  6, 10, 0.01,306,20.7
2026-07-04 23:37:22,-97.2285,35.1007, 196.1,12549,-51.8,-73.5,-68.8,  6, 10, 0.01,306,20.5
2026-07-04 23:37:23,-97.2283,35.1006, 195.8,12556,-51.9,-73.5,-68.8,  6, 10, 0.01,307,20.3
2026-07-04 23:37:24,-97.2281,35.1005, 195.6,12564,-52.0,-73.5,-68.8,  6, 10, 0.01,307,20.2
2026-07-04 23:37:25,-97.2280,35.1004, 195.4,12571,-52.1,-73.4,-68.8,  6, 10, 0.01,308,20.0
2026-07-04 23:37:26,-97.2278,35.1003, 195.2,12578,-52.2,-73.4,-68.8,  6, 10, 0.01,308,19.8
2026-07-04 23:37:27,-97.2276,35.1001, 195.0,12585,-52.2,-73.5,-68.8,  6, 10, 0.01,309,19.6
2026-07-04 23:37:28,-97.2275,35.1000, 194.8,12592,-52.3,-73.5,-68.8,  6, 11, 0.01,309,19.4
2026-07-04 23:37:29,-97.2273,35.0998, 194.6,12598,-52.4,-73.5,-68.9,  6, 11, 0.01,310,19.2
2026-07-04 23:37:30,-97.2271,35.0996, 194.4,12605,-52.4,-73.6,-68.9,  6, 11, 0.01,310,19.0
2026-07-04 23:37:31,-97.2269,35.0995, 194.2,12612,-52.5,-73.6,-68.9,  6, 11, 0.01,311,18.8
2026-07-04 23:37:32,-97.2268,35.0993, 193.9,12619,-52.5,-73.6,-68.9,  6, 11, 0.01,311,18.6
2026-07-04 23:37:33,-97.2267,35.0992, 193.7,12627,-52.5,-73.7,-69.0,  6, 11, 0.01,312,18.4
2026-07-04 23:37:34,-97.2265,35.0990, 193.5,12636,-52.6,-73.7,-69.0,  6, 11, 0.01,312,18.2
2026-07-04 23:37:35,-97.2264,35.0989, 193.2,12643,-52.6,-73.7,-69.0,  6, 11, 0.01,312,18.0
2026-07-04 23:37:36,-97.2264,35.0988, 193.0,12651,-52.6,-73.7,-69.0,  6, 11, 0.01,313,17.8
2026-07-04 23:37:37,-97.2263,35.0987, 192.8,12658,-52.6,-73.7,-69.1,  6, 11, 0.01,313,17.6
2026-07-04 23:37:38,-97.2262,35.0986, 192.6,12664,-52.7,-73.8,-69.1,  6, 11, 0.01,313,17.5
2026-07-04 23:37:39,-97.2260,35.0986, 192.5,12669,-52.8,-73.9,-69.2,  6, 11, 0.01,313,17.3
2026-07-04 23:37:40,-97.2259,35.0985, 192.3,12674,-52.8,-73.9,-69.2,  6, 11, 0.01,314,17.2
2026-07-04 23:37:41,-97.2258,35.0984, 192.2,12679,-52.8,-73.9,-69.2,  6, 11, 0.01,314,17.1
2026-07-04 23:37:42,-97.2257,35.0984, 192.1,12683,-52.8,-74.0,-69.3,  6, 10, 0.01,314,17.0
2026-07-04 23:37:43,-97.2255,35.0983, 191.9,12687,-52.7,-74.0,-69.3,  6, 10, 0.01,314,16.9
2026-07-04 23:37:44,-97.2254,35.0982, 191.8,12691,-52.7,-74.1,-69.4,  6, 10, 0.01,314,16.8
2026-07-04 23:37:45,-97.2252,35.0981, 191.7,12696,-52.7,-74.2,-69.5,  6, 10, 0.01,314,16.8
2026-07-04 23:37:46,-97.2251,35.0980, 191.5,12700,-52.6,-74.2,-69.6,  6, 10, 0.01,314,16.7
2026-07-04 23:37:47,-97.2250,35.0979, 191.4,12705,-52.6,-74.3,-69.6,  6, 10, 0.01,314,16.7
2026-07-04 23:37:48,-97.2248,35.0978, 191.2,12710,-52.6,-74.4,-69.7,  6, 10, 0.01,314,16.7
2026-07-04 23:37:49,-97.2247,35.0977, 191.1,12715,-52.6,-74.4,-69.7,  6,  9, 0.01,314,16.7
2026-07-04 23:37:50,-97.2246,35.0976, 190.9,12720,-52.5,-74.5,-69.8,  6,  9, 0.01,314,16.7
2026-07-04 23:37:51,-97.2244,35.0974, 190.8,12725,-52.5,-74.5,-69.8,  6,  9, 0.01,314,16.8
2026-07-04 23:37:52,-97.2243,35.0973, 190.7,12729,-52.5,-74.5,-69.8,  6,  9, 0.01,313,16.8
2026-07-04 23:37:53,-97.2242,35.0972, 190.5,12734,-52.6,-74.5,-69.8,  6,  9, 0.01,313,16.9
2026-07-04 23:37:54,-97.2241,35.0971, 190.4,12738,-52.6,-74.5,-69.8,  6,  9, 0.01,313,16.9
2026-07-04 23:37:55,-97.2239,35.0970, 190.3,12742,-52.7,-74.5,-69.8,  6, 10, 0.01,313,17.0
2026-07-04 23:37:56,-97.2238,35.0969, 190.2,12746,-52.7,-74.5,-69.8,  6, 10, 0.01,313,17.0
2026-07-04 23:37:57,-97.2236,35.0968, 190.0,12751,-52.7,-74.5,-69.8,  6, 10, 0.01,313,17.1
2026-07-04 23:37:58,-97.2235,35.0967, 189.9,12755,-52.8,-74.5,-69.8,  6, 10, 0.01,313,17.1
2026-07-04 23:37:59,-97.2233,35.0966, 189.8,12759,-52.8,-74.5,-69.8,  6, 10, 0.01,313,17.2
2026-07-04 23:38:00,-97.2232,35.0965, 189.6,12764,-52.8,-74.5,-69.8,  6, 10, 0.01,313,17.2
2026-07-04 23:38:01,-97.2230,35.0963, 189.5,12769,-52.8,-74.5,-69.8,  6, 10, 0.01,313,17.2
2026-07-04 23:38:02,-97.2229,35.0962, 189.4,12774,-52.9,-74.4,-69.7,  6, 10, 0.01,313,17.3
2026-07-04 23:38:03,-97.2227,35.0961, 189.2,12779,-52.9,-74.4,-69.7,  6, 10, 0.01,313,17.3
2026-07-04 23:38:04,-97.2226,35.0960, 189.1,12783,-52.9,-74.4,-69.7,  6, 10, 0.01,313,17.3
2026-07-04 23:38:05,-97.2224,35.0959, 188.9,12788,-52.9,-74.4,-69.8,  6, 10, 0.01,313,17.3
2026-07-04 23:38:06,-97.2223,35.0958, 188.8,12793,-52.9,-74.5,-69.8,  6, 10, 0.01,313,17.3
2026-07-04 23:38:07,-97.2222,35.0957, 188.6,12798,-52.9,-74.6,-69.9,  6, 10, 0.01,313,17.2
2026-07-04 23:38:08,-97.2220,35.0956, 188.5,12803,-52.9,-74.6,-69.9,  6, 10, 0.01,312,17.2
2026-07-04 23:38:09,-97.2219,35.0955, 188.4,12808,-52.9,-74.6,-69.9,  6, 10, 0.01,312,17.2
2026-07-04 23:38:10,-97.2217,35.0954, 188.2,12812,-52.9,-74.7,-70.0,  6, 10, 0.01,312,17.1
2026-07-04 23:38:11,-97.2216,35.0953, 188.1,12817,-52.9,-74.7,-70.0,  6, 10, 0.01,312,17.1
2026-07-04 23:38:12,-97.2215,35.0952, 188.0,12821,-53.0,-74.7,-70.0,  6, 10, 0.01,312,17.1
2026-07-04 23:38:13,-97.2213,35.0951, 187.8,12826,-53.0,-74.7,-70.0,  6, 10, 0.01,312,17.0
2026-07-04 23:38:14,-97.2212,35.0950, 187.7,12830,-53.0,-74.7,-70.0,  6, 10, 0.01,312,17.0
2026-07-04 23:38:15,-97.2211,35.0949, 187.6,12835,-53.0,-74.7,-70.0,  6, 10, 0.01,312,16.9
2026-07-04 23:38:16,-97.2209,35.0948, 187.4,12839,-53.1,-74.7,-70.0,  6, 10, 0.01,312,16.9
2026-07-04 23:38:17,-97.2208,35.0947, 187.3,12845,-53.1,-74.8,-70.1,  6, 10, 0.01,311,16.8
2026-07-04 23:38:18,-97.2207,35.0946, 187.1,12850,-53.1,-74.8,-70.1,  6, 10, 0.01,311,16.8
2026-07-04 23:38:19,-97.2205,35.0945, 187.0,12855,-53.2,-74.8,-70.1,  6, 10, 0.01,311,16.8
2026-07-04 23:38:20,-97.2204,35.0944, 186.9,12860,-53.2,-74.8,-70.1,  6, 10, 0.01,311,16.7
2026-07-04 23:38:21,-97.2203,35.0943, 186.7,12864,-53.2,-74.8,-70.1,  6, 10, 0.01,311,16.7
2026-07-04 23:38:22,-97.2201,35.0942, 186.6,12869,-53.2,-74.8,-70.1,  6, 10, 0.01,311,16.7
2026-07-04 23:38:23,-97.2200,35.0941, 186.5,12873,-53.3,-74.8,-70.1,  6, 10, 0.01,310,16.7
2026-07-04 23:38:24,-97.2199,35.0940, 186.3,12878,-53.3,-74.8,-70.1,  6, 10, 0.01,310,16.7
2026-07-04 23:38:25,-97.2197,35.0939, 186.2,12882,-53.4,-74.8,-70.1,  6, 10, 0.01,310,16.7
2026-07-04 23:38:26,-97.2196,35.0938, 186.1,12887,-53.4,-74.8,-70.1,  6, 10, 0.01,310,16.7
2026-07-04 23:38:27,-97.2194,35.0937, 185.9,12892,-53.5,-74.9,-70.2,  6, 10, 0.01,310,16.8
2026-07-04 23:38:28,-97.2193,35.0936, 185.8,12897,-53.5,-74.9,-70.2,  6, 10, 0.01,310,16.8
2026-07-04 23:38:29,-97.2191,35.0935, 185.6,12902,-53.6,-74.9,-70.2,  6, 10, 0.01,310,16.8
2026-07-04 23:38:30,-97.2190,35.0934, 185.5,12908,-53.6,-74.9,-70.2,  6, 10, 0.01,309,16.9
2026-07-04 23:38:31,-97.2189,35.0933, 185.3,12913,-53.6,-74.9,-70.2,  6, 10, 0.01,309,16.9
2026-07-04 23:38:32,-97.2187,35.0932, 185.2,12918,-53.7,-74.9,-70.2,  6, 10, 0.01,309,16.9
2026-07-04 23:38:33,-97.2186,35.0931, 185.1,12922,-53.7,-74.9,-70.2,  6, 10, 0.01,309,17.0
2026-07-04 23:38:34,-97.2184,35.0931, 185.0,12925,-53.7,-74.9,-70.2,  6, 10, 0.01,309,17.0
2026-07-04 23:38:35,-97.2183,35.0930, 184.9,12929,-53.8,-75.0,-70.3,  6, 10, 0.01,309,17.1
2026-07-04 23:38:36,-97.2181,35.0929, 184.8,12932,-53.8,-75.0,-70.3,  6, 10, 0.01,309,17.1
2026-07-04 23:38:37,-97.2180,35.0928, 184.6,12937,-53.9,-75.0,-70.3,  6, 10, 0.01,309,17.2
2026-07-04 23:38:38,-97.2178,35.0927, 184.5,12941,-53.9,-75.0,-70.3,  6, 10, 0.01,309,17.2
2026-07-04 23:38:39,-97.2177,35.0926, 184.4,12945,-53.9,-75.0,-70.3,  6, 10, 0.01,309,17.3
2026-07-04 23:38:40,-97.2175,35.0925, 184.3,12949,-54.0,-75.0,-70.3,  6, 10, 0.01,309,17.3
2026-07-04 23:38:41,-97.2174,35.0924, 184.2,12953,-54.0,-75.1,-70.4,  6, 10, 0.01,309,17.4
2026-07-04 23:38:42,-97.2172,35.0923, 184.0,12957,-54.0,-75.1,-70.4,  6, 10, 0.01,309,17.4
2026-07-04 23:38:43,-97.2171,35.0922, 183.9,12961,-54.0,-75.1,-70.4,  6, 10, 0.01,309,17.4
2026-07-04 23:38:44,-97.2169,35.0921, 183.8,12966,-54.0,-75.1,-70.4,  6, 10, 0.01,309,17.5
2026-07-04 23:38:45,-97.2168,35.0920, 183.7,12970,-54.0,-75.1,-70.4,  6, 10, 0.01,309,17.5
2026-07-04 23:38:46,-97.2166,35.0919, 183.6,12974,-54.0,-75.2,-70.5,  6, 10, 0.01,309,17.5
2026-07-04 23:38:47,-97.2165,35.0918, 183.4,12979,-54.0,-75.2,-70.5,  6, 10, 0.01,309,17.5
2026-07-04 23:38:48,-97.2163,35.0917, 183.3,12984,-54.1,-75.2,-70.5,  6, 10, 0.01,309,17.5
2026-07-04 23:38:49,-97.2161,35.0916, 183.1,12989,-54.1,-75.2,-70.5,  6, 10, 0.01,309,17.5
2026-07-04 23:38:50,-97.2160,35.0914, 183.0,12994,-54.1,-75.2,-70.5,  6, 10, 0.01,309,17.5
2026-07-04 23:38:51,-97.2158,35.0913, 182.9,12998,-54.1,-75.3,-70.6,  6, 10, 0.01,309,17.5
2026-07-04 23:38:52,-97.2157,35.0913, 182.8,13002,-54.1,-75.3,-70.6,  6, 10, 0.01,309,17.5
2026-07-04 23:38:53,-97.2156,35.0912, 182.7,13005,-54.1,-75.3,-70.6,  6, 10, 0.01,309,17.5
2026-07-04 23:38:54,-97.2154,35.0911, 182.6,13009,-54.1,-75.3,-70.6,  6, 10, 0.01,309,17.4
2026-07-04 23:38:55,-97.2152,35.0910, 182.4,13014,-54.1,-75.3,-70.6,  6, 10, 0.01,309,17.4
2026-07-04 23:38:56,-97.2151,35.0909, 182.3,13018,-54.1,-75.4,-70.7,  6, 10, 0.01,310,17.4
2026-07-04 23:38:57,-97.2150,35.0908, 182.2,13022,-54.2,-75.4,-70.7,  6, 10, 0.01,310,17.3
2026-07-04 23:38:58,-97.2148,35.0907, 182.1,13025,-54.2,-75.4,-70.7,  6, 10, 0.01,310,17.3
2026-07-04 23:38:59,-97.2147,35.0906, 182.0,13029,-54.2,-75.4,-70.7,  6, 10, 0.01,310,17.2
2026-07-04 23:39:00,-97.2145,35.0905, 181.9,13033,-54.2,-75.5,-70.7,  6, 10, 0.01,310,17.2
2026-07-04 23:39:01,-97.2144,35.0904, 181.7,13038,-54.2,-75.5,-70.8,  6, 10, 0.01,310,17.1
2026-07-04 23:39:02,-97.2142,35.0903, 181.6,13043,-54.3,-75.5,-70.8,  6, 10, 0.01,310,17.0
2026-07-04 23:39:03,-97.2141,35.0902, 181.5,13047,-54.3,-75.5,-70.8,  6, 10, 0.01,310,17.0
2026-07-04 23:39:04,-97.2139,35.0901, 181.4,13051,-54.3,-75.5,-70.8,  6, 10, 0.01,310,16.9
2026-07-04 23:39:05,-97.2138,35.0900, 181.2,13056,-54.3,-75.6,-70.9,  6, 10, 0.01,311,16.8
2026-07-04 23:39:06,-97.2136,35.0899, 181.1,13060,-54.3,-75.6,-70.9,  6, 10, 0.01,311,16.8
2026-07-04 23:39:07,-97.2135,35.0898, 181.0,13065,-54.3,-75.6,-70.9,  6, 10, 0.01,311,16.7
2026-07-04 23:39:08,-97.2134,35.0897, 180.8,13070,-54.3,-75.7,-71.0,  6, 10, 0.01,311,16.6
2026-07-04 23:39:09,-97.2133,35.0896, 180.7,13075,-54.3,-75.7,-71.0,  6, 10, 0.01,311,16.5
2026-07-04 23:39:10,-97.2131,35.0895, 180.5,13081,-54.3,-75.7,-71.0,  6, 10, 0.01,311,16.4
2026-07-04 23:39:11,-97.2130,35.0894, 180.4,13086,-54.2,-75.8,-71.1,  6, 10, 0.01,311,16.3
2026-07-04 23:39:12,-97.2129,35.0892, 180.2,13091,-54.2,-75.8,-71.1,  6, 10, 0.01,311,16.3
2026-07-04 23:39:13,-97.2128,35.0891, 180.1,13096,-54.2,-75.9,-71.2,  6,  9, 0.01,311,16.2
2026-07-04 23:39:14,-97.2127,35.0891, 180.0,13100,-54.2,-76.0,-71.3,  6,  9, 0.01,311,16.1
2026-07-04 23:39:15,-97.2125,35.0890, 179.8,13105,-54.2,-76.0,-71.3,  5,  9, 0.01,311,16.0
2026-07-04 23:39:16,-97.2124,35.0889, 179.7,13111,-54.2,-76.1,-71.4,  5,  9, 0.01,311,15.8
2026-07-04 23:39:17,-97.2123,35.0888, 179.5,13117,-54.2,-76.1,-71.4,  5,  9, 0.01,310,15.7
2026-07-04 23:39:18,-97.2122,35.0887, 179.3,13125,-54.2,-76.2,-71.4,  5,  9, 0.01,310,15.6
2026-07-04 23:39:19,-97.2120,35.0887, 179.0,13134,-54.2,-76.2,-71.5,  5,  9, 0.01,310,15.5
2026-07-04 23:39:20,-97.2119,35.0886, 178.8,13141,-54.2,-76.2,-71.5,  5,  9, 0.01,310,15.3
2026-07-04 23:39:21,-97.2117,35.0885, 178.6,13148,-54.3,-76.2,-71.5,  5,  9, 0.01,310,15.2
2026-07-04 23:39:22,-97.2116,35.0884, 178.5,13153,-54.3,-76.3,-71.5,  5,  9, 0.01,310,15.1
2026-07-04 23:39:23,-97.2114,35.0883, 178.4,13158,-54.3,-76.3,-71.6,  5,  9, 0.01,310,14.9
2026-07-04 23:39:24,-97.2112,35.0882, 178.2,13164,-54.3,-76.3,-71.6,  5,  9, 0.01,309,14.8
2026-07-04 23:39:25,-97.2111,35.0881, 178.0,13171,-54.4,-76.4,-71.6,  5,  9, 0.01,309,14.6
2026-07-04 23:39:26,-97.2109,35.0880, 177.8,13179,-54.5,-76.4,-71.7,  5,  9, 0.01,309,14.5
2026-07-04 23:39:27,-97.2108,35.0879, 177.5,13188,-54.5,-76.4,-71.7,  5,  9, 0.01,309,14.4
2026-07-04 23:39:28,-97.2107,35.0878, 177.3,13196,-54.6,-76.4,-71.7,  5,  9, 0.01,309,14.2
2026-07-04 23:39:29,-97.2106,35.0878, 177.1,13203,-54.6,-76.4,-71.7,  5,  9, 0.01,309,14.1
2026-07-04 23:39:30,-97.2106,35.0877, 176.9,13210,-54.6,-76.4,-71.7,  5,  9, 0.01,308,13.9
2026-07-04 23:39:31,-97.2105,35.0877, 176.7,13217,-54.6,-76.5,-71.7,  5,  9, 0.01,308,13.8
2026-07-04 23:39:32,-97.2105,35.0876, 176.6,13223,-54.7,-76.5,-71.7,  5,  9, 0.01,308,13.6
2026-07-04 23:39:33,-97.2104,35.0876, 176.4,13228,-54.7,-76.5,-71.7,  5,  9, 0.01,308,13.5
2026-07-04 23:39:34,-97.2102,35.0875, 176.3,13234,-54.7,-76.4,-71.7,  5,  9, 0.01,307,13.3
2026-07-04 23:39:35,-97.2101,35.0874, 176.1,13240,-54.7,-76.4,-71.7,  5,  9, 0.01,307,13.2
2026-07-04 23:39:36,-97.2099,35.0873, 175.9,13246,-54.7,-76.4,-71.7,  5,  9, 0.01,307,13.1
2026-07-04 23:39:37,-97.2098,35.0872, 175.8,13252,-54.8,-76.5,-71.7,  5,  9, 0.01,307,12.9
2026-07-04 23:39:38,-97.2096,35.0871, 175.5,13260,-54.8,-76.5,-71.8,  5,  9, 0.01,307,12.8
2026-07-04 23:39:39,-97.2095,35.0870, 175.3,13270,-54.9,-76.5,-71.8,  5,  9, 0.01,306,12.7
2026-07-04 23:39:40,-97.2095,35.0869, 175.0,13279,-54.9,-76.5,-71.8,  6,  9, 0.01,306,12.5
2026-07-04 23:39:41,-97.2094,35.0869, 174.8,13288,-55.0,-76.6,-71.8,  6,  9, 0.01,306,12.4
2026-07-04 23:39:42,-97.2094,35.0868, 174.5,13296,-55.1,-76.6,-71.9,  6, 10, 0.01,306,12.3
2026-07-04 23:39:43,-97.2093,35.0867, 174.3,13304,-55.2,-76.6,-71.9,  6, 10, 0.01,306,12.1
2026-07-04 23:39:44,-97.2092,35.0867, 174.1,13311,-55.3,-76.6,-71.9,  6, 10, 0.01,305,12.0
2026-07-04 23:39:45,-97.2091,35.0867, 173.9,13318,-55.3,-76.6,-71.9,  6, 10, 0.01,305,11.8
2026-07-04 23:39:46,-97.2090,35.0867, 173.7,13326,-55.4,-76.6,-71.9,  6, 10, 0.01,305,11.6
2026-07-04 23:39:47,-97.2088,35.0867, 173.5,13335,-55.5,-76.6,-71.9,  6, 10, 0.01,305,11.4
2026-07-04 23:39:48,-97.2087,35.0866, 173.3,13343,-55.6,-76.6,-71.9,  6, 10, 0.01,305,11.3
2026-07-04 23:39:49,-97.2085,35.0866, 173.1,13351,-55.6,-76.6,-71.9,  6, 10, 0.01,305,11.1
2026-07-04 23:39:50,-97.2084,35.0865, 172.9,13357,-55.7,-76.6,-71.9,  6, 10, 0.01,305,10.9
2026-07-04 23:39:51,-97.2082,35.0864, 172.7,13363,-55.7,-76.6,-71.8,  6, 10, 0.01,305,10.6
2026-07-04 23:39:52,-97.2081,35.0863, 172.6,13367,-55.8,-76.5,-71.8,  6, 11, 0.01,305,10.4
2026-07-04 23:39:53,-97.2079,35.0862, 172.5,13371,-55.8,-76.5,-71.8,  6, 11, 0.01,305,10.2
2026-07-04 23:39:54,-97.2078,35.0861, 172.4,13376,-55.9,-76.5,-71.8,  6, 11, 0.01,305,10.0
2026-07-04 23:39:55,-97.2077,35.0860, 172.2,13382,-56.0,-76.6,-71.9,  6, 11, 0.01,305, 9.7
2026-07-04 23:39:56,-97.2076,35.0860, 172.0,13389,-56.0,-76.6,-71.9,  6, 11, 0.01,305, 9.5
2026-07-04 23:39:57,-97.2076,35.0859, 171.8,13398,-56.1,-76.7,-71.9,  6, 11, 0.01,305, 9.2
2026-07-04 23:39:58,-97.2076,35.0859, 171.5,13408,-56.2,-76.7,-72.0,  6, 11, 0.01,305, 9.0
2026-07-04 23:39:59,-97.2075,35.0859, 171.3,13417,-56.2,-76.7,-72.0,  6, 11, 0.01,306, 8.8
2026-07-04 23:40:00,-97.2075,35.0859, 171.1,13425,-56.3,-76.8,-72.1,  6, 11, 0.01,306, 8.5
2026-07-04 23:40:01,-97.2075,35.0859, 170.9,13432,-56.4,-76.8,-72.1,  6, 11, 0.01,306, 8.3
2026-07-04 23:40:02,-97.2074,35.0858, 170.7,13439,-56.4,-76.8,-72.1,  6, 11, 0.01,306, 8.1
2026-07-04 23:40:03,-97.2074,35.0858, 170.5,13447,-56.5,-76.8,-72.1,  6, 11, 0.01,306, 7.9
2026-07-04 23:40:04,-97.2073,35.0858, 170.3,13454,-56.6,-76.8,-72.1,  6, 11, 0.01,306, 7.7
2026-07-04 23:40:05,-97.2073,35.0858, 170.1,13461,-56.6,-76.8,-72.1,  6, 11, 0.01,306, 7.5
2026-07-04 23:40:06,-97.2072,35.0857, 169.9,13469,-56.7,-76.8,-72.1,  7, 11, 0.01,306, 7.4
2026-07-04 23:40:07,-97.2072,35.0857, 169.7,13476,-56.8,-76.8,-72.1,  7, 11, 0.01,306, 7.2
2026-07-04 23:40:08,-97.2071,35.0857, 169.5,13483,-56.8,-76.9,-72.1,  7, 11, 0.01,305, 7.1
2026-07-04 23:40:09,-97.2071,35.0856, 169.3,13492,-56.9,-76.9,-72.2,  7, 12, 0.01,305, 7.0
2026-07-04 23:40:10,-97.2071,35.0856, 169.0,13500,-56.9,-76.9,-72.2,  7, 12, 0.01,304, 6.9
2026-07-04 23:40:11,-97.2070,35.0855, 168.8,13508,-57.0,-76.9,-72.2,  7, 12, 0.01,304, 6.9
2026-07-04 23:40:12,-97.2070,35.0855, 168.6,13516,-57.1,-77.0,-72.3,  7, 12, 0.01,303, 6.8
2026-07-04 23:40:13,-97.2069,35.0855, 168.4,13523,-57.1,-77.0,-72.3,  7, 12, 0.01,303, 6.8
2026-07-04 23:40:14,-97.2068,35.0854, 168.3,13529,-57.2,-77.1,-72.3,  7, 12, 0.01,302, 6.8
2026-07-04 23:40:15,-97.2068,35.0854, 168.1,13536,-57.3,-77.1,-72.3,  7, 12, 0.01,301, 6.8
2026-07-04 23:40:16,-97.2067,35.0854, 167.9,13544,-57.3,-77.1,-72.4,  7, 12, 0.01,300, 6.8
2026-07-04 23:40:17,-97.2067,35.0853, 167.7,13551,-57.4,-77.1,-72.4,  7, 12, 0.01,300, 6.8
2026-07-04 23:40:18,-97.2066,35.0853, 167.5,13558,-57.4,-77.1,-72.4,  7, 12, 0.01,299, 6.9
2026-07-04 23:40:19,-97.2065,35.0853, 167.3,13565,-57.5,-77.1,-72.4,  7, 12, 0.01,298, 6.9
2026-07-04 23:40:20,-97.2064,35.0853, 167.1,13571,-57.5,-77.1,-72.4,  7, 12, 0.01,297, 7.0
2026-07-04 23:40:21,-97.2063,35.0852, 167.0,13579,-57.6,-77.2,-72.5,  7, 12, 0.01,296, 7.0
2026-07-04 23:40:22,-97.2062,35.0852, 166.8,13586,-57.7,-77.2,-72.5,  7, 12, 0.01,295, 7.1
2026-07-04 23:40:23,-97.2061,35.0851, 166.6,13593,-57.7,-77.2,-72.5,  7, 12, 0.01,294, 7.2
2026-07-04 23:40:24,-97.2060,35.0851, 166.4,13599,-57.8,-77.2,-72.5,  7, 12, 0.01,293, 7.3
2026-07-04 23:40:25,-97.2060,35.0850, 166.3,13605,-57.8,-77.2,-72.5,  7, 12, 0.01,293, 7.4
2026-07-04 23:40:26,-97.2059,35.0850, 166.1,13610,-57.9,-77.2,-72.5,  7, 12, 0.01,292, 7.5
2026-07-04 23:40:27,-97.2059,35.0850, 166.0,13615,-58.0,-77.3,-72.5,  7, 13, 0.01,291, 7.6
2026-07-04 23:40:28,-97.2058,35.0851, 165.9,13619,-58.0,-77.3,-72.6,  7, 13, 0.01,291, 7.7
2026-07-04 23:40:29,-97.2058,35.0851, 165.8,13624,-58.1,-77.3,-72.6,  7, 13, 0.01,290, 7.8
2026-07-04 23:40:30,-97.2057,35.0851, 165.6,13630,-58.2,-77.3,-72.6,  7, 13, 0.01,290, 7.9
2026-07-04 23:40:31,-97.2056,35.0851, 165.4,13636,-58.2,-77.4,-72.6,  7, 13, 0.01,289, 8.1
2026-07-04 23:40:32,-97.2054,35.0851, 165.3,13643,-58.3,-77.4,-72.6,  7, 13, 0.01,289, 8.2
2026-07-04 23:40:33,-97.2054,35.0851, 165.1,13649,-58.3,-77.4,-72.6,  7, 13, 0.01,289, 8.3
2026-07-04 23:40:34,-97.2053,35.0850, 164.9,13655,-58.4,-77.4,-72.7,  7, 13, 0.01,289, 8.4
2026-07-04 23:40:35,-97.2052,35.0850, 164.8,13660,-58.4,-77.4,-72.7,  7, 13, 0.01,288, 8.5
2026-07-04 23:40:36,-97.2051,35.0850, 164.7,13666,-58.5,-77.5,-72.8,  7, 13, 0.01,288, 8.6
2026-07-04 23:40:37,-97.2050,35.0849, 164.5,13671,-58.5,-77.5,-72.8,  7, 13, 0.01,288, 8.7
2026-07-04 23:40:38,-97.2049,35.0849, 164.4,13676,-58.5,-77.6,-72.9,  7, 13, 0.01,289, 8.8
2026-07-04 23:40:39,-97.2048,35.0848, 164.3,13681,-58.5,-77.7,-73.0,  7, 13, 0.01,289, 8.9
2026-07-04 23:40:40,-97.2047,35.0848, 164.1,13686,-58.5,-77.8,-73.0,  7, 12, 0.01,289, 8.9
2026-07-04 23:40:41,-97.2046,35.0848, 164.0,13690,-58.5,-77.8,-73.1,  7, 12, 0.01,289, 9.0
2026-07-04 23:40:42,-97.2045,35.0847, 163.9,13695,-58.4,-77.9,-73.2,  7, 12, 0.01,289, 9.1
2026-07-04 23:40:43,-97.2044,35.0847, 163.7,13701,-58.3,-78.0,-73.2,  7, 12, 0.01,290, 9.2
2026-07-04 23:40:44,-97.2043,35.0847, 163.6,13708,-58.3,-78.0,-73.3,  7, 12, 0.01,290, 9.2
2026-07-04 23:40:45,-97.2042,35.0847, 163.4,13715,-58.3,-78.1,-73.4,  7, 11, 0.01,291, 9.3
2026-07-04 23:40:46,-97.2041,35.0847, 163.2,13722,-58.3,-78.2,-73.5,  6, 11, 0.01,291, 9.4
2026-07-04 23:40:47,-97.2040,35.0847, 163.0,13728,-58.3,-78.3,-73.5,  6, 11, 0.01,292, 9.4
2026-07-04 23:40:48,-97.2038,35.0846, 162.9,13733,-58.3,-78.3,-73.6,  6, 11, 0.01,292, 9.5
2026-07-04 23:40:49,-97.2037,35.0846, 162.8,13737,-58.3,-78.4,-73.7,  6, 11, 0.01,293, 9.5
2026-07-04 23:40:50,-97.2036,35.0846, 162.7,13742,-58.3,-78.5,-73.7,  6, 11, 0.01,293, 9.5
2026-07-04 23:40:51,-97.2035,35.0845, 162.6,13747,-58.3,-78.5,-73.8,  6, 11, 0.01,294, 9.6
2026-07-04 23:40:52,-97.2034,35.0845, 162.4,13752,-58.3,-78.5,-73.8,  6, 11, 0.01,295, 9.6
2026-07-04 23:40:53,-97.2034,35.0844, 162.3,13758,-58.2,-78.6,-73.9,  6, 11, 0.01,295, 9.6
2026-07-04 23:40:54,-97.2033,35.0844, 162.1,13763,-58.2,-78.6,-73.9,  6, 10, 0.01,296, 9.7
2026-07-04 23:40:55,-97.2032,35.0843, 162.0,13767,-58.2,-78.7,-74.0,  6, 10, 0.01,296, 9.7
2026-07-04 23:40:56,-97.2031,35.0843, 161.9,13770,-58.2,-78.8,-74.1,  6, 10, 0.01,297, 9.7
2026-07-04 23:40:57,-97.2031,35.0842, 161.8,13774,-58.2,-78.9,-74.1,  6, 10, 0.01,297, 9.7
2026-07-04 23:40:58,-97.2030,35.0842, 161.7,13779,-58.2,-79.0,-74.2,  6, 10, 0.01,298, 9.8
2026-07-04 23:40:59,-97.2029,35.0841, 161.6,13784,-58.2,-79.0,-74.3,  6, 10, 0.01,298, 9.8
2026-07-04 23:41:00,-97.2028,35.0841, 161.5,13789,-58.2,-79.1,-74.3,  6, 10, 0.01,299, 9.8
2026-07-04 23:41:01,-97.2027,35.0841, 161.3,13794,-58.2,-79.1,-74.4,  6, 10, 0.01,299, 9.8
2026-07-04 23:41:03,-97.2025,35.0840, 161.2,13797,-58.2,-79.1,-74.4,  6, 10, 0.01,300, 9.9
2026-07-04 23:41:04,-97.2024,35.0840, 161.1,13803,-58.2,-79.2,-74.5,  5, 10, 0.01,300, 9.9
2026-07-04 23:41:05,-97.2023,35.0839, 161.0,13807,-58.2,-79.2,-74.5,  5,  9, 0.01,301, 9.9
2026-07-04 23:41:06,-97.2022,35.0839, 160.9,13811,-58.1,-79.3,-74.6,  5,  9, 0.01,301, 9.9
2026-07-04 23:41:07,-97.2021,35.0838, 160.8,13816,-58.1,-79.4,-74.6,  5,  9, 0.00,301,10.0
2026-07-04 23:41:08,-97.2020,35.0837, 160.6,13822,-58.1,-79.4,-74.7,  5,  9, 0.00,301,10.0
2026-07-04 23:41:09,-97.2019,35.0837, 160.5,13828,-58.1,-79.5,-74.7,  5,  9, 0.00,301,10.0
2026-07-04 23:41:10,-97.2018,35.0836, 160.3,13833,-58.1,-79.5,-74.8,  5,  9, 0.00,301,10.0
2026-07-04 23:41:11,-97.2018,35.0836, 160.2,13837,-58.1,-79.6,-74.9,  5,  9, 0.00,301,10.1
2026-07-04 23:41:12,-97.2017,35.0835, 160.1,13841,-58.1,-79.6,-74.9,  5,  9, 0.00,301,10.1
2026-07-04 23:41:13,-97.2016,35.0835, 160.0,13845,-58.1,-79.7,-74.9,  5,  9, 0.00,302,10.1
2026-07-04 23:41:14,-97.2015,35.0834, 159.9,13849,-58.1,-79.7,-75.0,  5,  9, 0.00,302,10.1
2026-07-04 23:41:15,-97.2014,35.0834, 159.8,13854,-58.1,-79.7,-75.0,  5,  9, 0.00,302,10.2
2026-07-04 23:41:16,-97.2013,35.0833, 159.7,13860,-58.1,-79.7,-75.0,  5,  9, 0.00,302,10.2
2026-07-04 23:41:17,-97.2011,35.0833, 159.5,13866,-58.1,-79.7,-74.9,  5,  9, 0.00,302,10.2
2026-07-04 23:41:18,-97.2010,35.0832, 159.4,13871,-58.2,-79.7,-74.9,  5,  9, 0.00,302,10.2
2026-07-04 23:41:19,-97.2009,35.0832, 159.2,13876,-58.2,-79.6,-74.9,  5,  9, 0.00,302,10.2
2026-07-04 23:41:20,-97.2008,35.0832, 159.1,13881,-58.2,-79.6,-74.9,  5,  9, 0.00,302,10.3
2026-07-04 23:41:21,-97.2007,35.0831, 159.0,13885,-58.3,-79.6,-74.9,  5,  9, 0.00,302,10.3
2026-07-04 23:41:22,-97.2006,35.0831, 158.9,13890,-58.3,-79.6,-74.9,  5,  9, 0.00,302,10.3
2026-07-04 23:41:23,-97.2006,35.0830, 158.8,13894,-58.4,-79.6,-74.9,  5,  9, 0.00,302,10.3
2026-07-04 23:41:24,-97.2005,35.0830, 158.7,13899,-58.4,-79.7,-74.9,  5,  9, 0.00,302,10.3
2026-07-04 23:41:25,-97.2004,35.0829, 158.6,13902,-58.5,-79.7,-74.9,  5,  9, 0.00,302,10.3
2026-07-04 23:41:26,-97.2003,35.0829, 158.5,13906,-58.5,-79.7,-74.9,  5,  9, 0.00,302,10.3
2026-07-04 23:41:27,-97.2002,35.0828, 158.4,13910,-58.5,-79.7,-74.9,  5,  9, 0.00,302,10.3
2026-07-04 23:41:28,-97.2001,35.0827, 158.3,13915,-58.6,-79.7,-74.9,  5,  9, 0.00,302,10.4
2026-07-04 23:41:29,-97.2000,35.0827, 158.2,13919,-58.6,-79.7,-74.9,  5,  9, 0.00,303,10.4
2026-07-04 23:41:30,-97.1999,35.0826, 158.0,13924,-58.6,-79.6,-74.9,  5, 10, 0.00,303,10.4
2026-07-04 23:41:31,-97.1998,35.0826, 157.9,13928,-58.7,-79.6,-74.9,  5, 10, 0.00,303,10.4
2026-07-04 23:41:32,-97.1997,35.0826, 157.8,13934,-58.7,-79.6,-74.8,  5, 10, 0.00,303,10.4
2026-07-04 23:41:33,-97.1996,35.0825, 157.7,13939,-58.7,-79.6,-74.8,  5, 10, 0.00,303,10.4
2026-07-04 23:41:34,-97.1995,35.0825, 157.6,13943,-58.7,-79.6,-74.8,  6, 10, 0.00,303,10.4
2026-07-04 23:41:35,-97.1994,35.0825, 157.4,13948,-58.8,-79.6,-74.8,  6, 10, 0.00,303,10.5
2026-07-04 23:41:36,-97.1993,35.0824, 157.3,13953,-58.8,-79.6,-74.8,  6, 10, 0.00,304,10.5
2026-07-04 23:41:37,-97.1992,35.0824, 157.2,13959,-58.9,-79.6,-74.8,  6, 10, 0.00,304,10.5
2026-07-04 23:41:38,-97.1991,35.0823, 157.0,13965,-58.9,-79.6,-74.8,  6, 10, 0.00,304,10.5
2026-07-04 23:41:39,-97.1990,35.0822, 156.9,13971,-58.9,-79.6,-74.8,  6, 10, 0.00,304,10.6
2026-07-04 23:41:40,-97.1989,35.0822, 156.7,13976,-58.9,-79.6,-74.8,  6, 10, 0.00,304,10.6
2026-07-04 23:41:41,-97.1988,35.0821, 156.6,13980,-58.9,-79.6,-74.8,  6, 10, 0.00,304,10.6
2026-07-04 23:41:42,-97.1988,35.0820, 156.5,13984,-59.0,-79.6,-74.9,  6, 10, 0.00,304,10.6
2026-07-04 23:41:43,-97.1987,35.0820, 156.4,13989,-59.0,-79.6,-74.9,  6, 10, 0.00,305,10.7
2026-07-04 23:41:44,-97.1986,35.0819, 156.3,13993,-59.1,-79.6,-74.9,  6, 10, 0.00,305,10.7
2026-07-04 23:41:45,-97.1985,35.0819, 156.2,13998,-59.1,-79.7,-74.9,  6, 10, 0.00,305,10.7
2026-07-04 23:41:46,-97.1984,35.0818, 156.1,14003,-59.1,-79.7,-74.9,  6, 10, 0.00,305,10.8
2026-07-04 23:41:47,-97.1983,35.0817, 155.9,14009,-59.2,-79.7,-75.0,  6, 10, 0.00,305,10.8
2026-07-04 23:41:48,-97.1982,35.0817, 155.8,14015,-59.2,-79.7,-75.0,  6, 10, 0.00,305,10.8
2026-07-04 23:41:49,-97.1981,35.0816, 155.6,14020,-59.2,-79.7,-75.0,  6, 10, 0.00,305,10.9
2026-07-04 23:41:50,-97.1980,35.0816, 155.5,14025,-59.2,-79.7,-75.0,  6, 10, 0.00,305,10.9
2026-07-04 23:41:51,-97.1979,35.0815, 155.4,14029,-59.3,-79.7,-75.0,  6, 10, 0.00,306,10.9
2026-07-04 23:41:52,-97.1978,35.0815, 155.3,14033,-59.3,-79.7,-75.0,  6, 10, 0.00,306,11.0
2026-07-04 23:41:53,-97.1977,35.0814, 155.2,14037,-59.3,-79.7,-75.0,  6, 10, 0.00,306,11.0
2026-07-04 23:41:54,-97.1976,35.0814, 155.1,14041,-59.3,-79.7,-75.0,  6, 10, 0.00,306,11.0
2026-07-04 23:41:55,-97.1975,35.0813, 155.0,14046,-59.4,-79.8,-75.0,  6, 10, 0.00,306,11.1
2026-07-04 23:41:56,-97.1974,35.0813, 154.9,14051,-59.4,-79.8,-75.0,  6, 10, 0.00,306,11.1
2026-07-04 23:41:57,-97.1973,35.0812, 154.7,14056,-59.5,-79.8,-75.1,  6, 10, 0.00,306,11.2
2026-07-04 23:41:58,-97.1972,35.0811, 154.6,14061,-59.5,-79.8,-75.1,  6, 10, 0.00,307,11.2
2026-07-04 23:41:59,-97.1971,35.0811, 154.5,14066,-59.5,-79.8,-75.1,  6, 10, 0.00,307,11.2
2026-07-04 23:42:00,-97.1970,35.0810, 154.4,14071,-59.6,-79.9,-75.1,  6, 10, 0.00,307,11.3
2026-07-04 23:42:01,-97.1969,35.0809, 154.3,14075,-59.6,-79.9,-75.1,  6, 10, 0.00,307,11.3
2026-07-04 23:42:02,-97.1968,35.0809, 154.1,14080,-59.7,-79.9,-75.1,  6, 11, 0.00,307,11.3
2026-07-04 23:42:03,-97.1967,35.0808, 154.0,14085,-59.7,-79.9,-75.1,  6, 11, 0.00,307,11.3
2026-07-04 23:42:04,-97.1966,35.0808, 153.9,14089,-59.7,-79.9,-75.1,  6, 11, 0.00,308,11.4
2026-07-04 23:42:05,-97.1965,35.0807, 153.8,14093,-59.8,-79.9,-75.1,  6, 11, 0.00,308,11.4
2026-07-04 23:42:06,-97.1964,35.0806, 153.7,14098,-59.8,-79.9,-75.1,  6, 11, 0.00,308,11.4
2026-07-04 23:42:07,-97.1963,35.0806, 153.6,14102,-59.8,-79.9,-75.1,  6, 11, 0.00,308,11.4
2026-07-04 23:42:08,-97.1962,35.0805, 153.5,14107,-59.9,-79.9,-75.1,  6, 11, 0.00,308,11.5
2026-07-04 23:42:09,-97.1961,35.0804, 153.4,14112,-59.9,-79.9,-75.1,  6, 11, 0.00,309,11.5
2026-07-04 23:42:10,-97.1960,35.0804, 153.3,14116,-59.9,-79.9,-75.1,  6, 11, 0.00,309,11.5
2026-07-04 23:42:11,-97.1959,35.0803, 153.1,14121,-59.9,-79.9,-75.1,  6, 11, 0.00,309,11.5
2026-07-04 23:42:12,-97.1958,35.0802, 153.0,14125,-59.9,-79.9,-75.1,  6, 11, 0.00,309,11.5
2026-07-04 23:42:13,-97.1957,35.0802, 152.9,14130,-60.0,-79.8,-75.1,  6, 11, 0.00,309,11.5
2026-07-04 23:42:14,-97.1956,35.0801, 152.8,14134,-60.0,-79.8,-75.1,  6, 11, 0.00,310,11.5
2026-07-04 23:42:15,-97.1955,35.0800, 152.7,14138,-60.0,-79.8,-75.1,  6, 11, 0.00,310,11.4
2026-07-04 23:42:16,-97.1954,35.0800, 152.6,14141,-60.1,-79.8,-75.1,  6, 11, 0.00,310,11.4
2026-07-04 23:42:17,-97.1953,35.0799, 152.5,14146,-60.1,-79.8,-75.1,  6, 11, 0.00,311,11.4
2026-07-04 23:42:18,-97.1952,35.0798, 152.4,14150,-60.1,-79.8,-75.1,  6, 11, 0.00,311,11.4
2026-07-04 23:42:19,-97.1951,35.0798, 152.3,14154,-60.1,-79.8,-75.1,  6, 11, 0.00,311,11.4
2026-07-04 23:42:20,-97.1950,35.0797, 152.2,14159,-60.2,-79.9,-75.1,  6, 11, 0.00,312,11.3
2026-07-04 23:42:21,-97.1949,35.0796, 152.1,14163,-60.2,-79.9,-75.1,  6, 11, 0.00,312,11.3
2026-07-04 23:42:22,-97.1948,35.0796, 152.0,14168,-60.2,-79.9,-75.1,  6, 11, 0.00,312,11.3
2026-07-04 23:42:23,-97.1947,35.0795, 151.9,14172,-60.2,-79.9,-75.1,  6, 11, 0.00,313,11.2
2026-07-04 23:42:24,-97.1946,35.0794, 151.8,14176,-60.2,-79.9,-75.1,  6, 11, 0.00,313,11.2
2026-07-04 23:42:25,-97.1946,35.0794, 151.7,14181,-60.2,-79.9,-75.1,  6, 11, 0.00,313,11.1
2026-07-04 23:42:26,-97.1945,35.0793, 151.6,14185,-60.2,-79.9,-75.1,  6, 11, 0.00,313,11.1
2026-07-04 23:42:27,-97.1944,35.0792, 151.5,14190,-60.2,-79.9,-75.2,  6, 11, 0.00,314,11.0
2026-07-04 23:42:28,-97.1943,35.0791, 151.3,14194,-60.3,-79.9,-75.2,  6, 11, 0.00,314,11.0
2026-07-04 23:42:29,-97.1942,35.0791, 151.2,14199,-60.3,-80.0,-75.2,  6, 11, 0.00,314,10.9
2026-07-04 23:42:30,-97.1942,35.0790, 151.1,14204,-60.3,-80.0,-75.2,  6, 11, 0.00,315,10.9
2026-07-04 23:42:31,-97.1941,35.0789, 151.0,14209,-60.3,-80.0,-75.3,  6, 11, 0.00,315,10.9
2026-07-04 23:42:32,-97.1940,35.0788, 150.9,14214,-60.3,-80.1,-75.3,  6, 11, 0.00,315,10.8
2026-07-04 23:42:33,-97.1939,35.0787, 150.8,14218,-60.3,-80.1,-75.3,  6, 11, 0.00,315,10.8
2026-07-04 23:42:34,-97.1938,35.0787, 150.6,14223,-60.3,-80.1,-75.3,  6, 11, 0.00,315,10.7
2026-07-04 23:42:35,-97.1937,35.0786, 150.5,14228,-60.3,-80.1,-75.4,  6, 11, 0.00,316,10.7
2026-07-04 23:42:36,-97.1937,35.0786, 150.4,14232,-60.3,-80.1,-75.4,  6, 11, 0.00,316,10.6
2026-07-04 23:42:37,-97.1936,35.0785, 150.3,14236,-60.3,-80.2,-75.4,  6, 11, 0.00,316,10.6
2026-07-04 23:42:38,-97.1935,35.0784, 150.2,14241,-60.3,-80.2,-75.4,  6, 11, 0.00,316,10.6
2026-07-04 23:42:39,-97.1935,35.0784, 150.1,14245,-60.3,-80.2,-75.5,  6, 11, 0.00,316,10.5
2026-07-04 23:42:40,-97.1934,35.0783, 150.0,14250,-60.3,-80.2,-75.5,  6, 11, 0.00,316,10.5
2026-07-04 23:42:41,-97.1933,35.0783, 149.9,14254,-60.3,-80.2,-75.5,  6, 11, 0.00,316,10.5
2026-07-04 23:42:42,-97.1933,35.0782, 149.8,14259,-60.3,-80.2,-75.5,  6, 11, 0.00,316,10.4
2026-07-04 23:42:43,-97.1932,35.0781, 149.7,14263,-60.4,-80.3,-75.5,  6, 11, 0.00,316,10.4
2026-07-04 23:42:44,-97.1931,35.0780, 149.6,14267,-60.4,-80.3,-75.5,  6, 11, 0.00,315,10.4
2026-07-04 23:42:45,-97.1930,35.0780, 149.5,14272,-60.4,-80.3,-75.5,  6, 11, 0.00,315,10.4
2026-07-04 23:42:46,-97.1929,35.0779, 149.4,14276,-60.4,-80.3,-75.5,  6, 11, 0.00,315,10.3
2026-07-04 23:42:47,-97.1928,35.0778, 149.3,14280,-60.5,-80.3,-75.5,  6, 11, 0.00,315,10.3
2026-07-04 23:42:48,-97.1927,35.0778, 149.2,14285,-60.5,-80.3,-75.6,  6, 11, 0.00,315,10.3
2026-07-04 23:42:49,-97.1927,35.0777, 149.0,14290,-60.5,-80.3,-75.6,  6, 11, 0.00,315,10.2
2026-07-04 23:42:50,-97.1926,35.0776, 148.9,14295,-60.6,-80.3,-75.6,  6, 11, 0.00,315,10.2
2026-07-04 23:42:51,-97.1925,35.0776, 148.8,14300,-60.6,-80.4,-75.6,  6, 11, 0.00,315,10.2
2026-07-04 23:42:52,-97.1924,35.0775, 148.7,14305,-60.7,-80.4,-75.6,  6, 11, 0.00,315,10.1
2026-07-04 23:42:53,-97.1923,35.0775, 148.6,14310,-60.7,-80.4,-75.7,  6, 11, 0.00,315,10.1
2026-07-04 23:42:54,-97.1923,35.0774, 148.5,14314,-60.7,-80.4,-75.7,  6, 11, 0.00,314,10.0
2026-07-04 23:42:55,-97.1922,35.0773, 148.3,14319,-60.8,-80.4,-75.7,  6, 11, 0.00,314,10.0
2026-07-04 23:42:56,-97.1921,35.0772, 148.2,14324,-60.8,-80.4,-75.7,  6, 11, 0.00,314, 9.9
2026-07-04 23:42:57,-97.1920,35.0772, 148.1,14329,-60.9,-80.4,-75.7,  6, 11, 0.00,315, 9.8
2026-07-04 23:42:58,-97.1919,35.0771, 148.0,14334,-60.9,-80.4,-75.7,  6, 11, 0.00,315, 9.7
2026-07-04 23:42:59,-97.1919,35.0770, 147.9,14338,-61.0,-80.4,-75.7,  6, 11, 0.00,315, 9.7
2026-07-04 23:43:00,-97.1918,35.0770, 147.8,14343,-61.0,-80.5,-75.7,  6, 12, 0.00,315, 9.6
2026-07-04 23:43:01,-97.1917,35.0769, 147.7,14347,-61.0,-80.5,-75.7,  6, 12, 0.00,315, 9.5
2026-07-04 23:43:02,-97.1916,35.0769, 147.6,14351,-61.1,-80.5,-75.7,  6, 12, 0.00,315, 9.4
2026-07-04 23:43:03,-97.1915,35.0768, 147.5,14355,-61.1,-80.5,-75.7,  6, 12, 0.00,315, 9.3
2026-07-04 23:43:04,-97.1915,35.0768, 147.4,14358,-61.2,-80.5,-75.8,  6, 12, 0.00,316, 9.1
2026-07-04 23:43:05,-97.1914,35.0767, 147.3,14362,-61.2,-80.5,-75.8,  6, 12, 0.00,316, 9.0
2026-07-04 23:43:06,-97.1913,35.0767, 147.2,14366,-61.3,-80.5,-75.8,  7, 12, 0.00,317, 8.9
2026-07-04 23:43:07,-97.1912,35.0766, 147.1,14371,-61.3,-80.6,-75.8,  7, 12, 0.00,317, 8.8
2026-07-04 23:43:08,-97.1912,35.0766, 147.0,14376,-61.4,-80.6,-75.8,  7, 12, 0.00,317, 8.7
2026-07-04 23:43:09,-97.1911,35.0765, 146.9,14382,-61.4,-80.6,-75.9,  7, 12, 0.00,318, 8.6
2026-07-04 23:43:10,-97.1911,35.0764, 146.7,14388,-61.4,-80.7,-75.9,  7, 12, 0.00,318, 8.5
2026-07-04 23:43:11,-97.1910,35.0764, 146.6,14394,-61.5,-80.7,-76.0,  6, 12, 0.00,319, 8.3
2026-07-04 23:43:12,-97.1909,35.0763, 146.4,14399,-61.5,-80.8,-76.0,  6, 12, 0.00,320, 8.2
2026-07-04 23:43:13,-97.1909,35.0763, 146.3,14404,-61.5,-80.8,-76.0,  6, 12, 0.00,320, 8.1
2026-07-04 23:43:14,-97.1908,35.0762, 146.2,14409,-61.4,-80.8,-76.0,  6, 12, 0.00,321, 8.0
2026-07-04 23:43:15,-97.1908,35.0762, 146.1,14414,-61.4,-80.8,-76.1,  6, 12, 0.00,321, 7.9
2026-07-04 23:43:16,-97.1908,35.0761, 146.0,14419,-61.3,-80.8,-76.1,  6, 11, 0.00,322, 7.9
2026-07-04 23:43:17,-97.1907,35.0761, 145.9,14424,-61.3,-80.8,-76.1,  6, 11, 0.00,323, 7.8
2026-07-04 23:43:18,-97.1907,35.0760, 145.7,14429,-61.2,-80.8,-76.1,  6, 11, 0.00,323, 7.7
2026-07-04 23:43:19,-97.1906,35.0760, 145.6,14434,-61.2,-80.8,-76.1,  6, 11, 0.00,324, 7.6
2026-07-04 23:43:20,-97.1906,35.0759, 145.5,14438,-61.2,-80.9,-76.1,  6, 11, 0.00,324, 7.6
2026-07-04 23:43:21,-97.1906,35.0759, 145.4,14443,-61.2,-80.9,-76.1,  6, 11, 0.00,325, 7.5
2026-07-04 23:43:22,-97.1905,35.0758, 145.3,14447,-61.2,-80.9,-76.2,  6, 11, 0.00,325, 7.4
2026-07-04 23:43:23,-97.1905,35.0757, 145.2,14451,-61.2,-81.0,-76.2,  6, 11, 0.00,325, 7.4
2026-07-04 23:43:24,-97.1905,35.0757, 145.1,14456,-61.2,-81.0,-76.3,  6, 11, 0.00,326, 7.3
2026-07-04 23:43:25,-97.1904,35.0756, 145.0,14461,-61.3,-81.1,-76.3,  6, 11, 0.00,326, 7.3
2026-07-04 23:43:26,-97.1904,35.0755, 144.9,14466,-61.3,-81.1,-76.4,  6, 11, 0.00,326, 7.2
2026-07-04 23:43:27,-97.1904,35.0755, 144.7,14472,-61.4,-81.2,-76.4,  6, 11, 0.00,326, 7.2
2026-07-04 23:43:28,-97.1903,35.0754, 144.6,14477,-61.4,-81.2,-76.4,  6, 11, 0.00,326, 7.1
2026-07-04 23:43:29,-97.1903,35.0754, 144.5,14482,-61.4,-81.2,-76.5,  6, 11, 0.00,326, 7.0
2026-07-04 23:43:30,-97.1902,35.0753, 144.4,14488,-61.4,-81.2,-76.5,  6, 11, 0.00,325, 7.0
2026-07-04 23:43:31,-97.1902,35.0753, 144.2,14493,-61.5,-81.2,-76.5,  6, 11, 0.00,325, 6.9
2026-07-04 23:43:32,-97.1901,35.0752, 144.1,14498,-61.5,-81.3,-76.5,  6, 11, 0.00,325, 6.8
2026-07-04 23:43:33,-97.1901,35.0752, 144.0,14504,-61.6,-81.3,-76.5,  6, 11, 0.00,324, 6.8
2026-07-04 23:43:34,-97.1900,35.0751, 143.9,14510,-61.7,-81.3,-76.5,  6, 11, 0.00,324, 6.7
2026-07-04 23:43:35,-97.1900,35.0751, 143.7,14516,-61.7,-81.3,-76.5,  6, 11, 0.00,323, 6.6
2026-07-04 23:43:36,-97.1899,35.0750, 143.6,14521,-61.8,-81.3,-76.5,  6, 11, 0.00,323, 6.5
2026-07-04 23:43:37,-97.1898,35.0750, 143.5,14527,-61.8,-81.2,-76.5,  6, 11, 0.00,322, 6.4
2026-07-04 23:43:38,-97.1898,35.0749, 143.3,14532,-61.8,-81.2,-76.5,  6, 11, 0.00,321, 6.3
2026-07-04 23:43:39,-97.1898,35.0749, 143.2,14538,-61.9,-81.2,-76.5,  6, 12, 0.00,320, 6.2
2026-07-04 23:43:40,-97.1897,35.0748, 143.1,14544,-61.9,-81.2,-76.5,  6, 12, 0.00,319, 6.1
2026-07-04 23:43:41,-97.1897,35.0748, 142.9,14549,-62.0,-81.2,-76.5,  6, 12, 0.00,318, 6.0
2026-07-04 23:43:42,-97.1897,35.0747, 142.8,14555,-62.0,-81.2,-76.5,  6, 12, 0.00,317, 5.9
2026-07-04 23:43:43,-97.1897,35.0747, 142.7,14561,-62.1,-81.3,-76.5,  6, 12, 0.00,316, 5.7
2026-07-04 23:43:44,-97.1896,35.0746, 142.5,14568,-62.1,-81.3,-76.6,  6, 12, 0.00,315, 5.6
2026-07-04 23:43:45,-97.1896,35.0746, 142.4,14575,-62.2,-81.3,-76.6,  6, 12, 0.00,314, 5.5
2026-07-04 23:43:46,-97.1895,35.0746, 142.2,14582,-62.2,-81.4,-76.6,  6, 12, 0.00,313, 5.4
2026-07-04 23:43:47,-97.1895,35.0746, 142.0,14590,-62.3,-81.4,-76.7,  6, 12, 0.00,311, 5.3
2026-07-04 23:43:48,-97.1895,35.0745, 141.8,14597,-62.3,-81.5,-76.7,  6, 12, 0.00,310, 5.2
2026-07-04 23:43:49,-97.1894,35.0745, 141.7,14604,-62.4,-81.5,-76.8,  6, 12, 0.00,309, 5.1
2026-07-04 23:43:50,-97.1893,35.0745, 141.5,14610,-62.4,-81.5,-76.8,  6, 12, 0.00,308, 5.1
2026-07-04 23:43:51,-97.1893,35.0745, 141.4,14616,-62.5,-81.5,-76.8,  7, 12, 0.00,307, 5.0
2026-07-04 23:43:52,-97.1892,35.0745, 141.3,14621,-62.5,-81.5,-76.8,  7, 12, 0.00,305, 4.9
2026-07-04 23:43:53,-97.1891,35.0745, 141.2,14627,-62.6,-81.5,-76.8,  7, 12, 0.00,304, 4.9
2026-07-04 23:43:54,-97.1891,35.0745, 141.0,14632,-62.6,-81.5,-76.7,  7, 12, 0.00,303, 4.8
2026-07-04 23:43:55,-97.1890,35.0745, 140.9,14638,-62.7,-81.4,-76.7,  7, 12, 0.00,303, 4.8
2026-07-04 23:43:56,-97.1890,35.0745, 140.8,14643,-62.7,-81.4,-76.6,  7, 13, 0.00,302, 4.7
2026-07-04 23:43:57,-97.1890,35.0745, 140.7,14648,-62.7,-81.4,-76.6,  7, 13, 0.00,301, 4.7
2026-07-04 23:43:58,-97.1890,35.0744, 140.6,14653,-62.8,-81.4,-76.6,  7, 13, 0.00,300, 4.7
2026-07-04 23:43:59,-97.1890,35.0744, 140.5,14658,-62.8,-81.4,-76.6,  7, 13, 0.00,299, 4.6
2026-07-04 23:44:00,-97.1890,35.0744, 140.3,14662,-62.9,-81.4,-76.6,  7, 13, 0.00,298, 4.6
2026-07-04 23:44:01,-97.1890,35.0744, 140.2,14668,-62.9,-81.4,-76.6,  7, 13, 0.00,298, 4.6
2026-07-04 23:44:02,-97.1889,35.0744, 140.1,14673,-63.0,-81.4,-76.7,  7, 13, 0.00,297, 4.6
2026-07-04 23:44:03,-97.1888,35.0743, 140.0,14678,-63.1,-81.5,-76.7,  7, 13, 0.00,296, 4.6
2026-07-04 23:44:04,-97.1887,35.0743, 139.8,14684,-63.2,-81.6,-76.8,  7, 13, 0.00,295, 4.6
2026-07-04 23:44:05,-97.1886,35.0743, 139.7,14690,-63.2,-81.6,-76.9,  7, 13, 0.00,295, 4.6
2026-07-04 23:44:06,-97.1886,35.0742, 139.6,14697,-63.3,-81.7,-76.9,  7, 13, 0.00,294, 4.6
2026-07-04 23:44:07,-97.1885,35.0742, 139.4,14704,-63.4,-81.7,-76.9,  7, 13, 0.00,293, 4.6
2026-07-04 23:44:08,-97.1884,35.0742, 139.3,14710,-63.4,-81.7,-76.9,  7, 13, 0.00,292, 4.6
2026-07-04 23:44:09,-97.1884,35.0742, 139.1,14717,-63.4,-81.7,-76.9,  7, 13, 0.00,291, 4.6
2026-07-04 23:44:10,-97.1884,35.0742, 139.0,14723,-63.5,-81.6,-76.9,  7, 13, 0.00,289, 4.6
2026-07-04 23:44:11,-97.1884,35.0742, 138.8,14730,-63.5,-81.6,-76.9,  7, 14, 0.00,288, 4.6
2026-07-04 23:44:12,-97.1884,35.0742, 138.7,14736,-63.6,-81.6,-76.8,  7, 14, 0.00,287, 4.6
2026-07-04 23:44:13,-97.1884,35.0741, 138.5,14742,-63.6,-81.6,-76.8,  8, 14, 0.00,286, 4.6
2026-07-04 23:44:14,-97.1884,35.0741, 138.4,14748,-63.7,-81.5,-76.8,  8, 14, 0.00,284, 4.6
2026-07-04 23:44:15,-97.1883,35.0741, 138.3,14753,-63.7,-81.5,-76.8,  8, 14, 0.00,283, 4.7
2026-07-04 23:44:16,-97.1882,35.0741, 138.2,14759,-63.8,-81.6,-76.8,  8, 14, 0.00,281, 4.7
2026-07-04 23:44:17,-97.1881,35.0740, 138.0,14765,-63.9,-81.6,-76.8,  8, 14, 0.00,280, 4.7
2026-07-04 23:44:18,-97.1880,35.0740, 137.9,14771,-64.0,-81.6,-76.9,  8, 14, 0.00,278, 4.7
2026-07-04 23:44:19,-97.1879,35.0740, 137.7,14777,-64.0,-81.7,-76.9,  8, 14, 0.00,277, 4.8
2026-07-04 23:44:20,-97.1879,35.0740, 137.6,14784,-64.1,-81.7,-76.9,  8, 15, 0.00,276, 4.8
2026-07-04 23:44:21,-97.1878,35.0740, 137.4,14792,-64.1,-81.7,-77.0,  8, 15, 0.00,274, 4.8
2026-07-04 23:44:22,-97.1878,35.0740, 137.3,14799,-64.2,-81.7,-77.0,  8, 15, 0.00,273, 4.8
2026-07-04 23:44:23,-97.1878,35.0740, 137.1,14806,-64.2,-81.8,-77.0,  8, 15, 0.00,272, 4.9
2026-07-04 23:44:24,-97.1877,35.0740, 136.9,14813,-64.2,-81.8,-77.0,  8, 15, 0.00,271, 4.9
2026-07-04 23:44:25,-97.1877,35.0741, 136.8,14819,-64.3,-81.8,-77.0,  8, 15, 0.00,270, 4.9
2026-07-04 23:44:26,-97.1877,35.0741, 136.7,14826,-64.4,-81.8,-77.1,  8, 15, 0.00,269, 5.0
2026-07-04 23:44:27,-97.1876,35.0741, 136.5,14832,-64.4,-81.8,-77.1,  8, 15, 0.00,269, 5.0
2026-07-04 23:44:28,-97.1876,35.0742, 136.4,14838,-64.5,-81.8,-77.1,  8, 15, 0.00,268, 5.0
2026-07-04 23:44:29,-97.1875,35.0742, 136.3,14843,-64.5,-81.9,-77.1,  8, 15, 0.00,268, 5.0
2026-07-04 23:44:30,-97.1874,35.0742, 136.1,14848,-64.6,-81.9,-77.1,  8, 15, 0.00,267, 5.1
2026-07-04 23:44:31,-97.1873,35.0742, 136.0,14854,-64.7,-81.9,-77.1,  8, 15, 0.00,267, 5.1
2026-07-04 23:44:32,-97.1872,35.0742, 135.9,14859,-64.7,-81.9,-77.1,  8, 15, 0.00,267, 5.1
2026-07-04 23:44:33,-97.1872,35.0742, 135.8,14865,-64.8,-81.9,-77.1,  8, 16, 0.00,267, 5.1
2026-07-04 23:44:34,-97.1871,35.0742, 135.6,14871,-64.8,-81.9,-77.1,  8, 16, 0.00,267, 5.1
2026-07-04 23:44:35,-97.1870,35.0742, 135.5,14877,-64.9,-81.9,-77.1,  8, 16, 0.00,267, 5.1
2026-07-04 23:44:36,-97.1870,35.0742, 135.4,14882,-64.9,-81.9,-77.1,  9, 16, 0.00,267, 5.1
2026-07-04 23:44:37,-97.1870,35.0742, 135.3,14888,-64.9,-81.8,-77.1,  9, 16, 0.00,268, 5.1
2026-07-04 23:44:38,-97.1869,35.0742, 135.1,14894,-65.0,-81.8,-77.1,  9, 16, 0.00,268, 5.1
2026-07-04 23:44:39,-97.1869,35.0742, 135.0,14899,-65.0,-81.8,-77.1,  9, 16, 0.00,268, 5.1
2026-07-04 23:44:40,-97.1868,35.0742, 134.9,14905,-65.0,-81.8,-77.1,  9, 16, 0.00,268, 5.1
2026-07-04 23:44:41,-97.1868,35.0741, 134.8,14910,-65.1,-81.8,-77.1,  9, 16, 0.00,269, 5.1
2026-07-04 23:44:42,-97.1868,35.0741, 134.6,14916,-65.1,-81.9,-77.1,  9, 16, 0.00,269, 5.1
2026-07-04 23:44:43,-97.1867,35.0741, 134.5,14922,-65.2,-81.9,-77.2,  9, 16, 0.00,269, 5.0
2026-07-04 23:44:44,-97.1866,35.0741, 134.4,14927,-65.2,-82.0,-77.2,  9, 16, 0.00,269, 5.0
2026-07-04 23:44:45,-97.1866,35.0742, 134.3,14933,-65.2,-82.0,-77.2,  9, 16, 0.00,270, 5.0
2026-07-04 23:44:46,-97.1865,35.0742, 134.2,14938,-65.3,-82.0,-77.3,  9, 16, 0.00,270, 5.0
2026-07-04 23:44:47,-97.1864,35.0742, 134.0,14944,-65.3,-82.0,-77.3,  9, 16, 0.00,270, 5.0
2026-07-04 23:44:48,-97.1864,35.0742, 133.9,14949,-65.4,-82.1,-77.3,  9, 17, 0.00,270, 5.0
2026-07-04 23:44:49,-97.1863,35.0742, 133.8,14955,-65.5,-82.1,-77.3,  9, 17, 0.00,270, 5.0
2026-07-04 23:44:50,-97.1862,35.0741, 133.7,14960,-65.5,-82.1,-77.4,  9, 17, 0.00,270, 5.0
2026-07-04 23:44:51,-97.1862,35.0741, 133.5,14966,-65.6,-82.1,-77.4,  9, 17, 0.00,271, 5.0
2026-07-04 23:44:52,-97.1861,35.0741, 133.4,14971,-65.7,-82.1,-77.4,  9, 17, 0.00,271, 5.0
2026-07-04 23:44:53,-97.1861,35.0741, 133.3,14976,-65.7,-82.1,-77.3,  9, 17, 0.00,271, 5.0
2026-07-04 23:44:54,-97.1861,35.0741, 133.2,14981,-65.7,-82.1,-77.3,  9, 17, 0.00,271, 5.0
2026-07-04 23:44:55,-97.1860,35.0741, 133.1,14986,-65.8,-82.1,-77.3,  9, 17, 0.00,272, 5.0
2026-07-04 23:44:56,-97.1860,35.0742, 133.0,14992,-65.8,-82.1,-77.3,  9, 18, 0.00,272, 5.0
2026-07-04 23:44:57,-97.1859,35.0742, 132.8,14998,-65.9,-82.1,-77.3,  9, 18, 0.00,273, 5.0
2026-07-04 23:44:58,-97.1859,35.0742, 132.7,15004,-65.9,-82.1,-77.3,  9, 18, 0.00,273, 5.0
2026-07-04 23:44:59,-97.1858,35.0742, 132.6,15010,-66.0,-82.1,-77.3,  9, 18, 0.00,274, 5.0
2026-07-04 23:45:00,-97.1857,35.0742, 132.5,15015,-66.0,-82.1,-77.3, 10, 18, 0.00,274, 5.0
2026-07-04 23:45:01,-97.1857,35.0742, 132.3,15021,-66.1,-82.1,-77.4, 10, 18, 0.00,275, 5.0
2026-07-04 23:45:02,-97.1856,35.0742, 132.2,15026,-66.1,-82.2,-77.4, 10, 18, 0.00,276, 5.1
2026-07-04 23:45:03,-97.1855,35.0742, 132.1,15032,-66.1,-82.2,-77.4, 10, 18, 0.00,277, 5.1
2026-07-04 23:45:04,-97.1855,35.0742, 132.0,15038,-66.1,-82.2,-77.4,  9, 18, 0.00,278, 5.1
2026-07-04 23:45:05,-97.1854,35.0742, 131.8,15044,-66.1,-82.2,-77.4,  9, 18, 0.00,279, 5.1
2026-07-04 23:45:06,-97.1854,35.0742, 131.7,15050,-66.1,-82.2,-77.4,  9, 18, 0.00,280, 5.1
2026-07-04 23:45:07,-97.1853,35.0742, 131.6,15056,-66.1,-82.2,-77.4,  9, 18, 0.00,282, 5.2
2026-07-04 23:45:08,-97.1853,35.0742, 131.4,15062,-66.1,-82.2,-77.5,  9, 18, 0.00,283, 5.2
2026-07-04 23:45:09,-97.1853,35.0741, 131.3,15068,-66.1,-82.2,-77.5,  9, 18, 0.00,284, 5.2
2026-07-04 23:45:10,-97.1852,35.0741, 131.2,15073,-66.1,-82.3,-77.5,  9, 18, 0.00,285, 5.3
2026-07-04 23:45:11,-97.1851,35.0741, 131.1,15079,-66.2,-82.3,-77.6,  9, 18, 0.00,287, 5.3
2026-07-04 23:45:12,-97.1851,35.0741, 131.0,15085,-66.2,-82.4,-77.6,  9, 18, 0.00,288, 5.3
2026-07-04 23:45:13,-97.1850,35.0740, 130.8,15091,-66.3,-82.4,-77.6,  9, 18, 0.00,289, 5.4
2026-07-04 23:45:14,-97.1849,35.0740, 130.7,15097,-66.3,-82.4,-77.6,  9, 18, 0.00,290, 5.4
2026-07-04 23:45:15,-97.1849,35.0740, 130.5,15103,-66.3,-82.4,-77.7,  9, 18, 0.00,292, 5.5
2026-07-04 23:45:16,-97.1848,35.0740, 130.4,15109,-66.3,-82.4,-77.7,  9, 18, 0.00,293, 5.5
2026-07-04 23:45:17,-97.1848,35.0740, 130.3,15114,-66.4,-82.4,-77.7,  9, 18, 0.00,294, 5.6
2026-07-04 23:45:18,-97.1847,35.0739, 130.2,15119,-66.4,-82.4,-77.7,  9, 18, 0.00,295, 5.6
2026-07-04 23:45:19,-97.1847,35.0739, 130.1,15125,-66.4,-82.4,-77.7,  9, 18, 0.00,296, 5.6
2026-07-04 23:45:20,-97.1846,35.0739, 130.0,15130,-66.4,-82.5,-77.7,  9, 18, 0.00,297, 5.7
2026-07-04 23:45:21,-97.1846,35.0739, 129.9,15134,-66.5,-82.5,-77.7,  9, 18, 0.00,298, 5.7
2026-07-04 23:45:22,-97.1845,35.0738, 129.8,15139,-66.5,-82.5,-77.7,  9, 18, 0.00,299, 5.7
2026-07-04 23:45:23,-97.1845,35.0738, 129.7,15144,-66.5,-82.5,-77.7,  9, 18, 0.00,301, 5.7
2026-07-04 23:45:24,-97.1844,35.0738, 129.6,15149,-66.5,-82.5,-77.8, 10, 18, 0.00,302, 5.8
2026-07-04 23:45:25,-97.1843,35.0737, 129.4,15155,-66.6,-82.5,-77.8, 10, 18, 0.00,303, 5.8
2026-07-04 23:45:26,-97.1843,35.0737, 129.3,15160,-66.6,-82.5,-77.8,  9, 18, 0.00,304, 5.8
2026-07-04 23:45:27,-97.1842,35.0737, 129.2,15166,-66.6,-82.6,-77.8, 10, 18, 0.00,305, 5.8
2026-07-04 23:45:28,-97.1841,35.0737, 129.1,15172,-66.6,-82.6,-77.8,  9, 18, 0.00,306, 5.8
2026-07-04 23:45:29,-97.1840,35.0736, 128.9,15178,-66.7,-82.6,-77.9,  9, 18, 0.00,307, 5.8
2026-07-04 23:45:30,-97.1840,35.0736, 128.8,15185,-66.7,-82.7,-77.9,  9, 18, 0.00,308, 5.8
2026-07-04 23:45:31,-97.1839,35.0735, 128.6,15193,-66.8,-82.7,-78.0,  9, 18, 0.00,309, 5.8
2026-07-04 23:45:32,-97.1839,35.0735, 128.5,15200,-66.8,-82.8,-78.0,  9, 18, 0.00,310, 5.8
2026-07-04 23:45:33,-97.1839,35.0735, 128.4,15206,-66.9,-82.8,-78.0,  9, 18, 0.00,311, 5.8
2026-07-04 23:45:34,-97.1838,35.0734, 128.2,15212,-66.9,-82.8,-78.0,  9, 18, 0.00,313, 5.8
2026-07-04 23:45:35,-97.1838,35.0734, 128.1,15218,-66.9,-82.8,-78.0,  9, 18, 0.00,314, 5.8
2026-07-04 23:45:36,-97.1838,35.0734, 128.0,15224,-66.9,-82.8,-78.0,  9, 18, 0.00,315, 5.8
2026-07-04 23:45:37,-97.1837,35.0734, 127.9,15230,-66.9,-82.8,-78.0,  9, 18, 0.00,316, 5.8
2026-07-04 23:45:38,-97.1837,35.0733, 127.7,15235,-66.9,-82.8,-78.1, 10, 18, 0.00,317, 5.8
2026-07-04 23:45:39,-97.1837,35.0733, 127.6,15241,-66.9,-82.8,-78.1, 10, 18, 0.00,319, 5.8
2026-07-04 23:45:40,-97.1837,35.0733, 127.5,15246,-67.0,-82.9,-78.1, 10, 18, 0.00,320, 5.8
2026-07-04 23:45:41,-97.1836,35.0732, 127.4,15252,-67.0,-82.9,-78.1, 10, 18, 0.00,321, 5.8
2026-07-04 23:45:42,-97.1835,35.0732, 127.3,15257,-67.1,-82.9,-78.1, 10, 18, 0.00,322, 5.8
2026-07-04 23:45:43,-97.1835,35.0731, 127.1,15264,-67.1,-82.9,-78.2, 10, 18, 0.00,323, 5.9
2026-07-04 23:45:44,-97.1834,35.0730, 127.0,15271,-67.2,-83.0,-78.2, 10, 18, 0.00,324, 5.9
2026-07-04 23:45:45,-97.1834,35.0730, 126.8,15278,-67.2,-83.0,-78.2, 10, 19, 0.00,325, 5.9
2026-07-04 23:45:46,-97.1834,35.0729, 126.7,15284,-67.3,-83.0,-78.2, 10, 19, 0.00,326, 6.0
2026-07-04 23:45:47,-97.1833,35.0729, 126.6,15290,-67.3,-83.0,-78.2, 10, 19, 0.00,327, 6.0
2026-07-04 23:45:48,-97.1833,35.0729, 126.5,15295,-67.3,-83.0,-78.2, 10, 19, 0.00,328, 6.0
2026-07-04 23:45:49,-97.1833,35.0728, 126.4,15300,-67.4,-83.0,-78.2, 10, 19, 0.00,329, 6.1
2026-07-04 23:45:50,-97.1833,35.0728, 126.3,15305,-67.4,-83.0,-78.2, 10, 19, 0.00,329, 6.1
2026-07-04 23:45:51,-97.1833,35.0727, 126.1,15311,-67.4,-83.0,-78.2, 10, 19, 0.00,330, 6.1
2026-07-04 23:45:52,-97.1833,35.0727, 126.0,15316,-67.5,-83.0,-78.3, 10, 19, 0.00,330, 6.2
2026-07-04 23:45:53,-97.1833,35.0726, 125.9,15321,-67.5,-83.0,-78.3, 10, 19, 0.00,331, 6.2
2026-07-04 23:45:54,-97.1832,35.0726, 125.8,15326,-67.5,-83.1,-78.3, 10, 19, 0.00,331, 6.2
2026-07-04 23:45:55,-97.1832,35.0725, 125.7,15332,-67.6,-83.1,-78.4, 10, 19, 0.00,331, 6.2
2026-07-04 23:45:56,-97.1831,35.0724, 125.6,15337,-67.6,-83.2,-78.4, 10, 19, 0.00,331, 6.2
2026-07-04 23:45:57,-97.1831,35.0724, 125.5,15342,-67.7,-83.3,-78.5, 10, 19, 0.00,331, 6.2
2026-07-04 23:45:58,-97.1830,35.0723, 125.4,15348,-67.7,-83.3,-78.5, 10, 19, 0.00,331, 6.2
2026-07-04 23:45:59,-97.1830,35.0723, 125.3,15353,-67.7,-83.3,-78.6, 10, 19, 0.00,331, 6.2
2026-07-04 23:46:00,-97.1829,35.0722, 125.2,15358,-67.7,-83.4,-78.6, 10, 19, 0.00,330, 6.2
2026-07-04 23:46:01,-97.1829,35.0722, 125.1,15363,-67.7,-83.4,-78.6, 10, 19, 0.00,330, 6.1
2026-07-04 23:46:02,-97.1829,35.0721, 124.9,15369,-67.8,-83.4,-78.7, 10, 19, 0.00,329, 6.1
2026-07-04 23:46:03,-97.1829,35.0721, 124.8,15374,-67.8,-83.4,-78.7, 10, 19, 0.00,329, 6.1
2026-07-04 23:46:04,-97.1828,35.0720, 124.7,15379,-67.8,-83.5,-78.7, 10, 19, 0.00,328, 6.0
2026-07-04 23:46:05,-97.1828,35.0720, 124.6,15385,-67.9,-83.5,-78.8, 10, 19, 0.00,327, 6.0
2026-07-04 23:46:06,-97.1828,35.0719, 124.5,15391,-67.9,-83.6,-78.8, 10, 19, 0.00,326, 5.9
2026-07-04 23:46:07,-97.1828,35.0719, 124.4,15396,-67.9,-83.6,-78.9, 10, 19, 0.00,325, 5.8
2026-07-04 23:46:08,-97.1827,35.0718, 124.2,15402,-68.0,-83.7,-78.9, 10, 18, 0.00,323, 5.8
2026-07-04 23:46:09,-97.1827,35.0717, 124.1,15408,-68.0,-83.7,-78.9, 10, 18, 0.00,322, 5.7
2026-07-04 23:46:10,-97.1827,35.0717, 124.0,15413,-68.0,-83.7,-79.0,  9, 18, 0.00,321, 5.7
2026-07-04 23:46:11,-97.1826,35.0717, 123.9,15419,-67.9,-83.8,-79.0,  9, 18, 0.00,319, 5.7
2026-07-04 23:46:12,-97.1826,35.0716, 123.8,15426,-67.9,-83.8,-79.0,  9, 18, 0.00,317, 5.6
2026-07-04 23:46:13,-97.1826,35.0716, 123.6,15432,-67.8,-83.8,-79.0,  9, 18, 0.00,316, 5.6
2026-07-04 23:46:14,-97.1825,35.0716, 123.5,15438,-67.7,-83.8,-79.1,  9, 17, 0.00,314, 5.6
2026-07-04 23:46:15,-97.1825,35.0716, 123.4,15445,-67.7,-83.9,-79.1,  9, 17, 0.00,312, 5.5
2026-07-04 23:46:16,-97.1824,35.0715, 123.2,15450,-67.6,-83.9,-79.1,  9, 17, 0.00,310, 5.5
2026-07-04 23:46:17,-97.1824,35.0715, 123.1,15456,-67.6,-84.0,-79.2,  9, 17, 0.00,308, 5.5
2026-07-04 23:46:18,-97.1824,35.0715, 123.0,15461,-67.6,-84.0,-79.2,  9, 17, 0.00,306, 5.5
2026-07-04 23:46:19,-97.1823,35.0715, 122.9,15466,-67.7,-84.1,-79.3,  9, 17, 0.00,305, 5.6
2026-07-04 23:46:20,-97.1823,35.0715, 122.8,15472,-67.7,-84.1,-79.4,  9, 16, 0.00,303, 5.6
2026-07-04 23:46:21,-97.1822,35.0715, 122.7,15478,-67.7,-84.2,-79.4,  9, 16, 0.00,301, 5.6
2026-07-04 23:46:22,-97.1821,35.0715, 122.6,15484,-67.7,-84.2,-79.4,  9, 16, 0.00,299, 5.6
2026-07-04 23:46:23,-97.1820,35.0714, 122.5,15489,-67.8,-84.2,-79.4,  9, 16, 0.00,298, 5.7
2026-07-04 23:46:24,-97.1820,35.0714, 122.4,15494,-67.8,-84.2,-79.4,  9, 16, 0.00,296, 5.7
2026-07-04 23:46:25,-97.1819,35.0714, 122.3,15499,-67.8,-84.2,-79.4,  9, 16, 0.00,295, 5.8
2026-07-04 23:46:26,-97.1818,35.0713, 122.2,15504,-67.8,-84.2,-79.5,  9, 17, 0.00,293, 5.8
2026-07-04 23:46:27,-97.1817,35.0713, 122.0,15509,-67.8,-84.2,-79.5,  9, 17, 0.00,292, 5.8
2026-07-04 23:46:28,-97.1817,35.0713, 121.9,15515,-67.9,-84.2,-79.5,  9, 17, 0.00,290, 5.9
2026-07-04 23:46:29,-97.1816,35.0712, 121.8,15521,-67.9,-84.3,-79.5,  9, 17, 0.00,289, 5.9
2026-07-04 23:46:30,-97.1816,35.0712, 121.7,15527,-67.9,-84.3,-79.5,  9, 17, 0.00,288, 5.9
2026-07-04 23:46:31,-97.1815,35.0712, 121.6,15533,-68.0,-84.3,-79.6,  9, 17, 0.00,287, 6.0
2026-07-04 23:46:32,-97.1814,35.0712, 121.5,15538,-68.0,-84.4,-79.6,  9, 17, 0.00,286, 6.0
2026-07-04 23:46:33,-97.1814,35.0712, 121.4,15543,-68.1,-84.5,-79.7,  9, 16, 0.00,285, 6.0
2026-07-04 23:46:34,-97.1813,35.0712, 121.3,15548,-68.1,-84.5,-79.8,  8, 16, 0.00,284, 6.0
2026-07-04 23:46:35,-97.1812,35.0712, 121.2,15553,-68.1,-84.6,-79.8,  8, 16, 0.00,283, 6.1
2026-07-04 23:46:36,-97.1812,35.0712, 121.1,15558,-68.1,-84.6,-79.9,  8, 16, 0.00,282, 6.1
2026-07-04 23:46:37,-97.1811,35.0712, 121.0,15563,-68.1,-84.7,-79.9,  8, 16, 0.00,281, 6.1
2026-07-04 23:46:38,-97.1810,35.0712, 120.9,15567,-68.1,-84.7,-80.0,  8, 16, 0.00,280, 6.1
2026-07-04 23:46:39,-97.1810,35.0712, 120.8,15572,-68.1,-84.8,-80.0,  8, 16, 0.00,280, 6.1
2026-07-04 23:46:40,-97.1809,35.0711, 120.7,15577,-68.2,-84.8,-80.1,  8, 16, 0.00,279, 6.1
2026-07-04 23:46:41,-97.1808,35.0711, 120.6,15582,-68.2,-84.9,-80.1,  8, 16, 0.00,278, 6.1
2026-07-04 23:46:42,-97.1808,35.0711, 120.5,15587,-68.2,-85.0,-80.2,  8, 16, 0.00,278, 6.1
2026-07-04 23:46:43,-97.1807,35.0711, 120.4,15592,-68.2,-85.0,-80.2,  8, 15, 0.00,278, 6.1
2026-07-04 23:46:44,-97.1807,35.0711, 120.3,15597,-68.2,-85.0,-80.2,  8, 15, 0.00,277, 6.1
2026-07-04 23:46:45,-97.1806,35.0712, 120.2,15602,-68.2,-85.0,-80.3,  8, 15, 0.00,277, 6.0
2026-07-04 23:46:46,-97.1806,35.0712, 120.1,15607,-68.1,-85.0,-80.3,  8, 15, 0.00,277, 6.0
2026-07-04 23:46:47,-97.1805,35.0712, 120.0,15613,-68.1,-85.1,-80.3,  8, 15, 0.00,277, 6.0
2026-07-04 23:46:48,-97.1804,35.0712, 119.9,15618,-68.1,-85.1,-80.3,  8, 15, 0.00,277, 6.0
2026-07-04 23:46:49,-97.1803,35.0712, 119.8,15623,-68.1,-85.1,-80.4,  8, 15, 0.00,277, 5.9
2026-07-04 23:46:50,-97.1802,35.0711, 119.7,15628,-68.1,-85.1,-80.4,  8, 15, 0.00,277, 5.9
2026-07-04 23:46:51,-97.1801,35.0711, 119.6,15633,-68.1,-85.1,-80.4,  8, 15, 0.00,278, 5.8
2026-07-04 23:46:52,-97.1800,35.0711, 119.5,15638,-68.0,-85.1,-80.4,  8, 15, 0.00,278, 5.8
2026-07-04 23:46:53,-97.1799,35.0711, 119.4,15643,-67.9,-85.1,-80.4,  7, 14, 0.00,278, 5.7
2026-07-04 23:46:54,-97.1799,35.0711, 119.3,15648,-67.8,-85.1,-80.4,  7, 14, 0.00,279, 5.6
2026-07-04 23:46:55,-97.1798,35.0711, 119.2,15653,-67.8,-85.1,-80.4,  7, 14, 0.00,280, 5.6
2026-07-04 23:46:56,-97.1797,35.0711, 119.0,15659,-67.8,-85.2,-80.4,  7, 14, 0.00,280, 5.5
2026-07-04 23:46:57,-97.1797,35.0711, 118.9,15664,-67.7,-85.2,-80.4,  7, 14, 0.00,281, 5.4
2026-07-04 23:46:59,-97.1797,35.0711, 118.8,15669,-67.7,-85.3,-80.5,  7, 14, 0.00,282, 5.3
2026-07-04 23:47:00,-97.1796,35.0711, 118.7,15678,-67.8,-85.4,-80.6,  7, 14, 0.00,284, 5.1
2026-07-04 23:47:01,-97.1796,35.0711, 118.6,15683,-67.8,-85.4,-80.7,  7, 13, 0.00,285, 5.0
2026-07-04 23:47:02,-97.1795,35.0711, 118.5,15687,-67.8,-85.5,-80.7,  7, 13, 0.00,286, 4.8
2026-07-04 23:47:03,-97.1795,35.0710, 118.4,15692,-67.8,-85.5,-80.7,  7, 13, 0.00,287, 4.7
2026-07-04 23:47:04,-97.1794,35.0710, 118.3,15697,-67.8,-85.6,-80.8,  7, 13, 0.00,288, 4.6
2026-07-04 23:47:05,-97.1793,35.0710, 118.2,15701,-67.8,-85.6,-80.8,  7, 13, 0.00,289, 4.4
2026-07-04 23:47:06,-97.1793,35.0709, 118.1,15706,-67.9,-85.6,-80.9,  7, 13, 0.00,290, 4.3
2026-07-04 23:47:07,-97.1792,35.0709, 118.0,15711,-67.9,-85.7,-80.9,  7, 13, 0.00,291, 4.1
2026-07-04 23:47:08,-97.1792,35.0709, 117.9,15716,-67.9,-85.7,-81.0,  7, 13, 0.00,292, 3.9
2026-07-04 23:47:09,-97.1791,35.0709, 117.8,15721,-67.9,-85.7,-81.0,  7, 13, 0.00,293, 3.7
2026-07-04 23:47:10,-97.1791,35.0709, 117.7,15726,-67.9,-85.8,-81.0,  7, 13, 0.00,294, 3.5
2026-07-04 23:47:11,-97.1790,35.0709, 117.6,15731,-67.9,-85.8,-81.1,  7, 13, 0.00,294, 3.3
2026-07-04 23:47:12,-97.1790,35.0709, 117.5,15736,-67.9,-85.8,-81.1,  7, 13, 0.00,295, 3.1
2026-07-04 23:47:13,-97.1790,35.0709, 117.4,15741,-67.9,-85.9,-81.1,  7, 13, 0.00,296, 2.9
2026-07-04 23:47:14,-97.1790,35.0709, 117.3,15745,-67.9,-85.9,-81.2,  7, 13, 0.00,297, 2.7
2026-07-04 23:47:16,-97.1790,35.0708, 117.2,15750,-68.0,-86.0,-81.2,  7, 13, 0.00,298, 2.5
2026-07-04 23:47:17,-97.1789,35.0708, 117.0,15760,-68.0,-86.2,-81.4,  6, 12, 0.00,299, 2.1
2026-07-04 23:47:18,-97.1789,35.0708, 116.9,15766,-68.1,-86.3,-81.5,  6, 12, 0.00,299, 1.9
2026-07-04 23:47:19,-97.1789,35.0708, 116.8,15772,-68.1,-86.3,-81.6,  6, 12, 0.00,300, 1.7
2026-07-04 23:47:20,-97.1789,35.0708, 116.7,15778,-68.1,-86.4,-81.7,  6, 12, 0.00,300, 1.5
2026-07-04 23:47:21,-97.1789,35.0708, 116.6,15783,-68.0,-86.5,-81.7,  6, 12, 0.00,300, 1.3
2026-07-04 23:47:22,-97.1789,35.0708, 116.5,15789,-68.0,-86.5,-81.7,  6, 12, 0.00,300, 1.2
2026-07-04 23:47:23,-97.1788,35.0708, 116.4,15795,-67.8,-86.5,-81.7,  6, 11, 0.00,299, 1.0
2026-07-04 23:47:24,-97.1789,35.0708, 116.3,15801,-67.6,-86.4,-81.7,  6, 11, 0.00,297, 0.8
2026-07-04 23:47:25,-97.1789,35.0708, 116.2,15806,-67.4,-86.4,-81.6,  6, 11, 0.00,295, 0.7
2026-07-04 23:47:26,-97.1789,35.0708, 116.0,15812,-67.2,-86.3,-81.5,  6, 11, 0.00,291, 0.6
2026-07-04 23:47:27,-97.1789,35.0708, 115.9,15817,-67.0,-86.2,-81.4,  6, 11, 0.00,286, 0.5
2026-07-04 23:47:28,-97.1790,35.0708, 115.8,15823,-66.8,-86.2,-81.4,  5, 10, 0.00,279, 0.4
2026-07-04 23:47:29,-97.1790,35.0708, 115.7,15828,-66.7,-86.2,-81.4,  5, 10, 0.00,270, 0.4
2026-07-04 23:47:30,-97.1790,35.0708, 115.6,15833,-66.7,-86.2,-81.5,  5, 10, 0.00,261, 0.4
2026-07-04 23:47:31,-97.1790,35.0708, 115.5,15838,-66.6,-86.3,-81.5,  5, 10, 0.00,253, 0.4
2026-07-04 23:47:32,-97.1790,35.0708, 115.4,15844,-66.6,-86.4,-81.6,  5, 10, 0.00,247, 0.4
2026-07-04 23:47:33,-97.1790,35.0708, 115.3,15849,-66.6,-86.4,-81.7,  5, 10, 0.00,244, 0.5
2026-07-04 23:47:34,-97.1790,35.0708, 115.2,15854,-66.6,-86.5,-81.7,  5,  9, 0.00,242, 0.5
2026-07-04 23:47:35,-97.1790,35.0708, 115.1,15860,-66.5,-86.5,-81.7,  5,  9, 0.00,242, 0.6
2026-07-04 23:47:36,-97.1790,35.0708, 115.0,15865,-66.5,-86.5,-81.8,  5,  9, 0.00,243, 0.7
2026-07-04 23:47:37,-97.1790,35.0708, 114.9,15870,-66.5,-86.6,-81.8,  5,  9, 0.00,245, 0.7
2026-07-04 23:47:38,-97.1790,35.0708, 114.8,15875,-66.5,-86.6,-81.9,  5,  9, 0.00,247, 0.8
2026-07-04 23:47:40,-97.1789,35.0708, 114.7,15880,-66.6,-86.7,-81.9,  5,  9, 0.00,249, 0.9
2026-07-04 23:47:41,-97.1789,35.0709, 114.6,15890,-66.6,-86.7,-82.0,  5,  9, 0.00,253, 1.1
2026-07-04 23:47:42,-97.1789,35.0709, 114.5,15896,-66.7,-86.7,-82.0,  5,  9, 0.00,254, 1.2
2026-07-04 23:47:43,-97.1789,35.0709, 114.4,15901,-66.7,-86.7,-82.0,  5,  9, 0.00,256, 1.4
2026-07-04 23:47:44,-97.1789,35.0709, 114.3,15906,-66.7,-86.7,-82.0,  5,  9, 0.00,257, 1.5
2026-07-04 23:47:45,-97.1788,35.0709, 114.2,15911,-66.8,-86.7,-82.0,  5,  9, 0.00,259, 1.6
2026-07-04 23:47:46,-97.1788,35.0709, 114.1,15916,-66.8,-86.7,-82.0,  5,  9, 0.00,260, 1.7
2026-07-04 23:47:47,-97.1788,35.0709, 114.0,15921,-66.8,-86.7,-81.9,  5,  9, 0.00,261, 1.8
2026-07-04 23:47:48,-97.1788,35.0709, 113.9,15926,-66.8,-86.7,-81.9,  5,  9, 0.00,261, 2.0
2026-07-04 23:47:49,-97.1787,35.0709, 113.8,15931,-66.8,-86.7,-81.9,  5, 10, 0.00,262, 2.1
2026-07-04 23:47:50,-97.1787,35.0709, 113.7,15936,-66.8,-86.6,-81.9,  5, 10, 0.00,263, 2.2
2026-07-04 23:47:51,-97.1787,35.0709, 113.6,15941,-66.8,-86.6,-81.9,  5, 10, 0.00,263, 2.3
2026-07-04 23:47:52,-97.1787,35.0709, 113.5,15946,-66.8,-86.6,-81.9,  5, 10, 0.00,263, 2.4
2026-07-04 23:47:53,-97.1787,35.0709, 113.4,15951,-66.8,-86.6,-81.9,  5, 10, 0.00,264, 2.5
2026-07-04 23:47:54,-97.1786,35.0709, 113.3,15956,-66.9,-86.6,-81.9,  5, 10, 0.00,264, 2.6
2026-07-04 23:47:55,-97.1786,35.0709, 113.2,15961,-66.9,-86.6,-81.9,  5, 10, 0.00,264, 2.7
2026-07-04 23:47:56,-97.1786,35.0709, 113.1,15966,-66.9,-86.6,-81.9,  5, 10, 0.00,264, 2.8
2026-07-04 23:47:57,-97.1785,35.0709, 113.0,15972,-66.9,-86.7,-81.9,  5, 10, 0.00,264, 2.9
2026-07-04 23:47:58,-97.1785,35.0709, 112.9,15977,-67.0,-86.7,-81.9,  5, 10, 0.00,264, 3.0
2026-07-04 23:47:59,-97.1784,35.0709, 112.8,15982,-67.0,-86.7,-81.9,  5, 10, 0.00,264, 3.1
2026-07-04 23:48:00,-97.1784,35.0709, 112.7,15987,-67.1,-86.7,-81.9,  5, 10, 0.00,264, 3.2
2026-07-04 23:48:01,-97.1783,35.0709, 112.6,15993,-67.1,-86.7,-82.0,  5, 10, 0.00,264, 3.2
2026-07-04 23:48:02,-97.1783,35.0709, 112.5,15998,-67.1,-86.7,-82.0,  5, 10, 0.00,264, 3.3
2026-07-04 23:48:03,-97.1783,35.0709, 112.4,16003,-67.2,-86.8,-82.0,  5, 10, 0.00,264, 3.4
2026-07-04 23:48:04,-97.1782,35.0709, 112.3,16008,-67.2,-86.8,-82.0,  5, 10, 0.00,264, 3.5
2026-07-04 23:48:05,-97.1782,35.0709, 112.2,16014,-67.3,-86.8,-82.0,  5, 10, 0.00,264, 3.5
2026-07-04 23:48:06,-97.1782,35.0709, 112.1,16019,-67.3,-86.8,-82.0,  5, 10, 0.00,263, 3.6
2026-07-04 23:48:07,-97.1781,35.0709, 112.0,16024,-67.4,-86.8,-82.0,  5, 10, 0.00,263, 3.6
2026-07-04 23:48:09,-97.1781,35.0709, 111.9,16029,-67.4,-86.8,-82.0,  5, 10, 0.00,263, 3.7
2026-07-04 23:48:10,-97.1780,35.0709, 111.8,16039,-67.5,-86.8,-82.1,  5, 10, 0.00,263, 3.8
2026-07-04 23:48:11,-97.1780,35.0709, 111.7,16045,-67.5,-86.8,-82.1,  5, 10, 0.00,263, 3.8
2026-07-04 23:48:12,-97.1779,35.0709, 111.6,16050,-67.6,-86.8,-82.1,  5, 10, 0.00,263, 3.9
2026-07-04 23:48:13,-97.1779,35.0710, 111.5,16056,-67.6,-86.8,-82.1,  5, 10, 0.00,263, 3.9
2026-07-04 23:48:14,-97.1778,35.0710, 111.4,16061,-67.6,-86.8,-82.1,  5, 10, 0.00,263, 3.9
2026-07-04 23:48:15,-97.1778,35.0710, 111.3,16066,-67.6,-86.8,-82.1,  5, 10, 0.00,263, 4.0
2026-07-04 23:48:16,-97.1777,35.0710, 111.2,16071,-67.7,-86.8,-82.1,  5, 10, 0.00,263, 4.0
2026-07-04 23:48:17,-97.1777,35.0710, 111.1,16075,-67.7,-86.8,-82.1,  5, 10, 0.00,264, 4.0
2026-07-04 23:48:18,-97.1776,35.0710, 111.0,16080,-67.7,-86.8,-82.1,  5, 11, 0.00,264, 4.0
2026-07-04 23:48:19,-97.1776,35.0710, 110.9,16085,-67.7,-86.8,-82.0,  5, 11, 0.00,264, 4.0
2026-07-04 23:48:20,-97.1775,35.0710, 110.8,16090,-67.7,-86.8,-82.0,  6, 11, 0.00,264, 4.0
2026-07-04 23:48:21,-97.1775,35.0710, 110.7,16095,-67.7,-86.8,-82.0,  6, 11, 0.00,264, 4.0
2026-07-04 23:48:22,-97.1774,35.0710, 110.6,16100,-67.7,-86.8,-82.0,  6, 11, 0.00,264, 4.0
2026-07-04 23:48:24,-97.1773,35.0710, 110.5,16105,-67.7,-86.7,-82.0,  6, 11, 0.00,264, 4.0
2026-07-04 23:48:25,-97.1773,35.0710, 110.4,16114,-67.7,-86.7,-82.0,  6, 11, 0.00,265, 4.0
2026-07-04 23:48:26,-97.1773,35.0710, 110.3,16118,-67.7,-86.7,-82.0,  6, 11, 0.00,265, 4.0
2026-07-04 23:48:27,-97.1772,35.0710, 110.2,16123,-67.7,-86.7,-82.0,  6, 11, 0.00,265, 4.0
2026-07-04 23:48:28,-97.1772,35.0710, 110.1,16128,-67.8,-86.8,-82.0,  6, 11, 0.00,265, 4.0
2026-07-04 23:48:29,-97.1772,35.0710, 110.0,16134,-67.8,-86.8,-82.0,  6, 11, 0.00,265, 4.0
2026-07-04 23:48:30,-97.1771,35.0710, 109.9,16140,-67.8,-86.8,-82.0,  6, 11, 0.00,264, 4.0
2026-07-04 23:48:31,-97.1771,35.0710, 109.8,16146,-67.8,-86.8,-82.0,  6, 11, 0.00,264, 4.0
2026-07-04 23:48:32,-97.1771,35.0710, 109.7,16152,-67.9,-86.8,-82.1,  6, 11, 0.00,264, 4.0
2026-07-04 23:48:33,-97.1770,35.0709, 109.6,16158,-67.9,-86.8,-82.1,  6, 11, 0.00,263, 4.0
2026-07-04 23:48:34,-97.1770,35.0709, 109.5,16163,-67.9,-86.9,-82.1,  6, 11, 0.00,263, 4.0
2026-07-04 23:48:35,-97.1769,35.0709, 109.4,16168,-68.0,-86.9,-82.1,  6, 11, 0.00,263, 4.0
2026-07-04 23:48:36,-97.1769,35.0709, 109.3,16173,-68.0,-86.9,-82.1,  6, 11, 0.00,262, 4.0
2026-07-04 23:48:37,-97.1769,35.0710, 109.2,16178,-68.0,-86.9,-82.2,  6, 11, 0.00,261, 4.0
2026-07-04 23:48:38,-97.1768,35.0710, 109.1,16182,-68.0,-86.9,-82.2,  6, 11, 0.00,261, 4.0
2026-07-04 23:48:40,-97.1767,35.0710, 109.0,16187,-68.0,-86.9,-82.2,  6, 11, 0.00,260, 4.0
2026-07-04 23:48:41,-97.1767,35.0710, 108.9,16197,-68.0,-86.9,-82.2,  6, 11, 0.00,258, 4.0
2026-07-04 23:48:42,-97.1767,35.0710, 108.8,16202,-68.0,-87.0,-82.2,  6, 11, 0.00,257, 4.1
2026-07-04 23:48:43,-97.1766,35.0710, 108.7,16207,-68.0,-87.0,-82.2,  6, 11, 0.00,256, 4.1
2026-07-04 23:48:44,-97.1766,35.0710, 108.6,16212,-68.0,-87.0,-82.2,  6, 11, 0.00,254, 4.1
2026-07-04 23:48:45,-97.1765,35.0710, 108.5,16217,-67.9,-87.0,-82.2,  6, 11, 0.00,253, 4.1
2026-07-04 23:48:46,-97.1765,35.0710, 108.4,16222,-67.9,-87.0,-82.2,  6, 11, 0.00,252, 4.1
2026-07-04 23:48:47,-97.1764,35.0710, 108.3,16227,-67.9,-87.0,-82.2,  5, 11, 0.00,251, 4.2
2026-07-04 23:48:48,-97.1764,35.0711, 108.2,16232,-67.9,-87.0,-82.2,  5, 11, 0.00,249, 4.2
2026-07-04 23:48:50,-97.1762,35.0711, 108.1,16237,-67.9,-87.0,-82.2,  5, 11, 0.00,248, 4.2
2026-07-04 23:48:51,-97.1762,35.0711, 108.0,16246,-67.9,-87.0,-82.3,  5, 10, 0.00,245, 4.3
2026-07-04 23:48:52,-97.1761,35.0711, 107.9,16251,-67.9,-87.0,-82.3,  5, 10, 0.00,243, 4.3
2026-07-04 23:48:53,-97.1761,35.0711, 107.8,16256,-67.9,-87.0,-82.3,  5, 10, 0.00,242, 4.4
2026-07-04 23:48:54,-97.1760,35.0712, 107.7,16260,-67.9,-87.1,-82.3,  5, 10, 0.00,240, 4.4
2026-07-04 23:48:56,-97.1759,35.0712, 107.6,16265,-67.9,-87.1,-82.3,  5, 10, 0.00,239, 4.4
2026-07-04 23:48:57,-97.1759,35.0712, 107.5,16274,-67.9,-87.1,-82.4,  5, 10, 0.00,236, 4.5
2026-07-04 23:48:58,-97.1759,35.0713, 107.4,16279,-67.9,-87.1,-82.4,  5, 10, 0.00,235, 4.6
2026-07-04 23:48:59,-97.1759,35.0713, 107.3,16284,-67.9,-87.2,-82.4,  5, 10, 0.00,234, 4.6
2026-07-04 23:49:00,-97.1759,35.0713, 107.2,16288,-67.9,-87.2,-82.4,  5, 10, 0.00,233, 4.7
2026-07-04 23:49:02,-97.1758,35.0714, 107.1,16293,-67.9,-87.2,-82.4,  5, 10, 0.00,231, 4.7
2026-07-04 23:49:03,-97.1758,35.0714, 107.0,16302,-67.9,-87.2,-82.4,  5, 10, 0.00,230, 4.9
2026-07-04 23:49:04,-97.1758,35.0715, 106.9,16307,-67.9,-87.2,-82.5,  5, 10, 0.00,229, 4.9
2026-07-04 23:49:05,-97.1757,35.0715, 106.8,16312,-67.8,-87.2,-82.5,  5, 10, 0.00,228, 5.0
2026-07-04 23:49:06,-97.1757,35.0715, 106.7,16316,-67.8,-87.2,-82.5,  5, 10, 0.00,228, 5.0
2026-07-04 23:49:08,-97.1756,35.0716, 106.6,16321,-67.8,-87.2,-82.5,  5, 10, 0.00,227, 5.0
2026-07-04 23:49:09,-97.1755,35.0716, 106.5,16330,-67.7,-87.2,-82.5,  5, 10, 0.00,227, 5.1
2026-07-04 23:49:10,-97.1754,35.0717, 106.4,16335,-67.7,-87.2,-82.4,  5, 10, 0.00,227, 5.2
2026-07-04 23:49:11,-97.1754,35.0717, 106.3,16340,-67.6,-87.2,-82.4,  5, 10, 0.00,227, 5.2
2026-07-04 23:49:12,-97.1753,35.0717, 106.2,16344,-67.6,-87.2,-82.4,  5, 10, 0.00,227, 5.2
2026-07-04 23:49:14,-97.1752,35.0718, 106.1,16349,-67.5,-87.2,-82.4,  5, 10, 0.00,227, 5.2
2026-07-04 23:49:15,-97.1752,35.0719, 106.0,16359,-67.4,-87.1,-82.3,  5, 10, 0.00,228, 5.2
2026-07-04 23:49:16,-97.1752,35.0719, 105.9,16363,-67.3,-87.1,-82.3,  5, 10, 0.00,229, 5.2
2026-07-04 23:49:17,-97.1752,35.0720, 105.8,16368,-67.2,-87.0,-82.2,  5, 10, 0.00,229, 5.2
2026-07-04 23:49:18,-97.1751,35.0720, 105.7,16373,-67.2,-87.0,-82.2,  5, 10, 0.00,230, 5.2
2026-07-04 23:49:19,-97.1751,35.0720, 105.6,16378,-67.1,-86.9,-82.2,  5,  9, 0.00,231, 5.1
2026-07-04 23:49:21,-97.1750,35.0721, 105.5,16383,-67.1,-86.9,-82.2,  5,  9, 0.00,232, 5.1
2026-07-04 23:49:22,-97.1750,35.0721, 105.4,16394,-67.2,-87.0,-82.2,  5, 10, 0.00,234, 5.0
2026-07-04 23:49:23,-97.1749,35.0721, 105.3,16400,-67.2,-87.0,-82.3,  5, 10, 0.00,236, 5.0
2026-07-04 23:49:24,-97.1748,35.0722, 105.1,16406,-67.3,-87.1,-82.3,  5, 10, 0.00,237, 4.9
2026-07-04 23:49:25,-97.1748,35.0722, 105.0,16412,-67.4,-87.1,-82.3,  5, 10, 0.00,239, 4.9
2026-07-04 23:49:26,-97.1747,35.0722, 104.9,16418,-67.4,-87.1,-82.3,  5, 10, 0.00,240, 4.8
2026-07-04 23:49:27,-97.1747,35.0722, 104.8,16424,-67.5,-87.1,-82.3,  5, 10, 0.00,242, 4.8
2026-07-04 23:49:28,-97.1746,35.0722, 104.7,16430,-67.5,-87.1,-82.4,  5, 10, 0.00,244, 4.7
2026-07-04 23:49:29,-97.1746,35.0723, 104.6,16435,-67.6,-87.1,-82.4,  5, 10, 0.00,246, 4.7
2026-07-04 23:49:31,-97.1745,35.0723, 104.5,16441,-67.6,-87.1,-82.4,  5, 10, 0.00,248, 4.7
2026-07-04 23:49:32,-97.1745,35.0723, 104.4,16451,-67.7,-87.2,-82.4,  5, 10, 0.00,252, 4.6
2026-07-04 23:49:33,-97.1744,35.0723, 104.3,16455,-67.7,-87.2,-82.4,  5, 10, 0.00,253, 4.6
2026-07-04 23:49:34,-97.1744,35.0723, 104.2,16460,-67.7,-87.2,-82.4,  5, 10, 0.00,255, 4.6
2026-07-04 23:49:36,-97.1743,35.0723, 104.1,16465,-67.8,-87.2,-82.4,  5, 10, 0.00,257, 4.6
2026-07-04 23:49:37,-97.1742,35.0723, 104.0,16474,-67.8,-87.2,-82.4,  5, 10, 0.00,261, 4.6
2026-07-04 23:49:38,-97.1742,35.0723, 103.9,16479,-67.9,-87.2,-82.4,  5, 10, 0.00,263, 4.7
2026-07-04 23:49:39,-97.1741,35.0723, 103.8,16484,-67.9,-87.2,-82.5,  5, 10, 0.00,264, 4.7
2026-07-04 23:49:40,-97.1741,35.0723, 103.7,16489,-67.9,-87.2,-82.5,  5, 10, 0.00,266, 4.7
2026-07-04 23:49:41,-97.1740,35.0723, 103.6,16494,-67.9,-87.2,-82.5,  5, 10, 0.00,267, 4.8
2026-07-04 23:49:43,-97.1739,35.0723, 103.5,16499,-67.9,-87.2,-82.4,  5, 10, 0.00,269, 4.8
2026-07-04 23:49:44,-97.1739,35.0723, 103.4,16508,-67.9,-87.2,-82.4,  5, 10, 0.00,271, 5.0
2026-07-04 23:49:45,-97.1738,35.0723, 103.3,16513,-67.9,-87.1,-82.4,  5, 10, 0.00,272, 5.0
2026-07-04 23:49:46,-97.1737,35.0723, 103.2,16518,-67.9,-87.1,-82.4,  5, 10, 0.00,272, 5.1
2026-07-04 23:49:47,-97.1737,35.0723, 103.1,16523,-67.9,-87.1,-82.3,  5, 10, 0.00,273, 5.1
2026-07-04 23:49:49,-97.1736,35.0723, 103.0,16528,-67.9,-87.1,-82.3,  5, 10, 0.00,274, 5.2
2026-07-04 23:49:50,-97.1735,35.0722, 102.9,16537,-67.9,-87.1,-82.3,  5, 10, 0.00,275, 5.3
2026-07-04 23:49:51,-97.1735,35.0722, 102.8,16542,-67.9,-87.1,-82.3,  5, 10, 0.00,275, 5.4
2026-07-04 23:49:52,-97.1734,35.0722, 102.7,16547,-67.9,-87.1,-82.4,  5, 10, 0.00,276, 5.4
2026-07-04 23:49:54,-97.1733,35.0722, 102.6,16551,-67.9,-87.2,-82.4,  5, 10, 0.00,276, 5.5
2026-07-04 23:49:55,-97.1732,35.0722, 102.5,16561,-68.0,-87.2,-82.4,  5, 10, 0.00,277, 5.6
2026-07-04 23:49:56,-97.1731,35.0722, 102.4,16566,-68.0,-87.2,-82.4,  5, 10, 0.00,277, 5.7
2026-07-04 23:49:57,-97.1731,35.0722, 102.3,16571,-68.0,-87.2,-82.4,  5, 10, 0.00,277, 5.7
2026-07-04 23:49:58,-97.1730,35.0722, 102.2,16576,-68.0,-87.2,-82.4,  5, 10, 0.00,278, 5.8
2026-07-04 23:50:00,-97.1729,35.0722, 102.1,16580,-68.0,-87.2,-82.4,  5, 10, 0.00,278, 5.9
2026-07-04 23:50:01,-97.1728,35.0722, 102.0,16590,-68.1,-87.2,-82.4,  5, 10, 0.00,279, 6.0
2026-07-04 23:50:02,-97.1728,35.0722, 101.9,16594,-68.1,-87.1,-82.4,  5, 11, 0.00,280, 6.1
2026-07-04 23:50:03,-97.1727,35.0722, 101.8,16599,-68.1,-87.1,-82.3,  5, 11, 0.00,280, 6.1
2026-07-04 23:50:05,-97.1726,35.0722, 101.7,16604,-68.0,-87.1,-82.3,  6, 11, 0.00,281, 6.2
2026-07-04 23:50:06,-97.1725,35.0721, 101.6,16614,-68.0,-87.0,-82.2,  6, 11, 0.00,282, 6.4
2026-07-04 23:50:07,-97.1724,35.0722, 101.5,16618,-68.0,-87.0,-82.2,  6, 11, 0.00,283, 6.4
2026-07-04 23:50:08,-97.1724,35.0722, 101.4,16623,-68.1,-87.0,-82.2,  6, 11, 0.00,284, 6.5
2026-07-04 23:50:10,-97.1722,35.0721, 101.3,16628,-68.1,-87.0,-82.2,  6, 11, 0.00,285, 6.6
2026-07-04 23:50:11,-97.1721,35.0721, 101.2,16638,-68.2,-87.1,-82.3,  6, 11, 0.00,287, 6.7
2026-07-04 23:50:12,-97.1720,35.0721, 101.1,16643,-68.2,-87.1,-82.3,  6, 11, 0.00,288, 6.8
2026-07-04 23:50:13,-97.1720,35.0721, 101.0,16648,-68.2,-87.1,-82.3,  6, 11, 0.00,289, 6.9
2026-07-04 23:50:14,-97.1719,35.0721, 100.9,16653,-68.3,-87.1,-82.4,  6, 11, 0.00,290, 7.0
2026-07-04 23:50:15,-97.1718,35.0720, 100.8,16658,-68.3,-87.1,-82.4,  6, 11, 0.00,291, 7.1
2026-07-04 23:50:17,-97.1717,35.0719, 100.7,16663,-68.3,-87.1,-82.4,  6, 11, 0.00,292, 7.1
2026-07-04 23:50:18,-97.1716,35.0719, 100.6,16672,-68.3,-87.1,-82.4,  6, 11, 0.00,294, 7.3
2026-07-04 23:50:19,-97.1716,35.0719, 100.5,16677,-68.3,-87.1,-82.4,  6, 11, 0.00,295, 7.3
2026-07-04 23:50:21,-97.1714,35.0718, 100.4,16681,-68.3,-87.1,-82.4,  6, 11, 0.00,296, 7.4
2026-07-04 23:50:22,-97.1713,35.0718, 100.3,16691,-68.3,-87.1,-82.4,  6, 11, 0.00,298, 7.5
2026-07-04 23:50:23,-97.1712,35.0718, 100.2,16696,-68.3,-87.1,-82.4,  6, 11, 0.00,300, 7.5
2026-07-04 23:50:24,-97.1711,35.0717, 100.1,16701,-68.3,-87.1,-82.4,  6, 11, 0.00,301, 7.5
2026-07-04 23:50:25,-97.1710,35.0717, 100.0,16708,-68.3,-87.1,-82.3,  6, 11, 0.00,303, 7.6
2026-07-04 23:50:26,-97.1710,35.0717,  99.9,16712,-68.3,-87.1,-82.3,  6, 11, 0.00,303, 7.6
2026-07-04 23:50:28,-97.1708,35.0716,  99.8,16717,-68.3,-87.1,-82.3,  6, 11, 0.00,304, 7.6
2026-07-04 23:50:29,-97.1707,35.0715,  99.7,16727,-68.2,-87.1,-82.3,  6, 11, 0.00,306, 7.6
2026-07-04 23:50:30,-97.1707,35.0715,  99.6,16732,-68.2,-87.1,-82.3,  6, 11, 0.00,308, 7.7
2026-07-04 23:50:31,-97.1706,35.0714,  99.5,16737,-68.2,-87.1,-82.3,  6, 11, 0.00,309, 7.7
2026-07-04 23:50:32,-97.1706,35.0714,  99.4,16742,-68.2,-87.1,-82.3,  6, 11, 0.00,310, 7.7
2026-07-04 23:50:34,-97.1704,35.0713,  99.3,16747,-68.1,-87.1,-82.3,  6, 11, 0.00,311, 7.7
2026-07-04 23:50:35,-97.1704,35.0712,  99.2,16757,-68.0,-87.0,-82.3,  6, 11, 0.00,313, 7.7
2026-07-04 23:50:36,-97.1703,35.0712,  99.1,16762,-68.0,-87.0,-82.2,  6, 11, 0.00,314, 7.7
2026-07-04 23:50:37,-97.1702,35.0711,  99.0,16767,-67.9,-87.0,-82.2,  6, 11, 0.00,315, 7.7
2026-07-04 23:50:38,-97.1702,35.0710,  98.9,16772,-67.9,-87.0,-82.2,  5, 11, 0.00,316, 7.7
2026-07-04 23:50:40,-97.1701,35.0710,  98.8,16777,-67.9,-87.0,-82.2,  5, 11, 0.00,318, 7.7
2026-07-04 23:50:41,-97.1701,35.0709,  98.7,16787,-67.9,-87.0,-82.2,  5, 11, 0.00,319, 7.7
2026-07-04 23:50:42,-97.1701,35.0709,  98.6,16792,-67.9,-87.0,-82.2,  5, 11, 0.00,320, 7.8
2026-07-04 23:50:43,-97.1700,35.0708,  98.5,16797,-67.9,-87.0,-82.2,  5, 11, 0.00,321, 7.8
2026-07-04 23:50:45,-97.1700,35.0707,  98.4,16802,-67.9,-87.0,-82.2,  5, 11, 0.00,322, 7.8
2026-07-04 23:50:46,-97.1699,35.0706,  98.3,16813,-68.0,-87.0,-82.2,  5, 11, 0.00,324, 7.8
2026-07-04 23:50:47,-97.1698,35.0706,  98.2,16818,-68.0,-87.0,-82.3,  6, 11, 0.00,325, 7.9
2026-07-04 23:50:48,-97.1698,35.0705,  98.1,16823,-68.0,-87.0,-82.3,  6, 11, 0.00,325, 7.9
2026-07-04 23:50:49,-97.1697,35.0705,  98.0,16828,-68.0,-87.0,-82.3,  6, 11, 0.00,326, 7.9
2026-07-04 23:50:51,-97.1696,35.0703,  97.9,16833,-68.0,-87.0,-82.3,  6, 11, 0.00,327, 7.9
2026-07-04 23:50:52,-97.1695,35.0703,  97.8,16842,-68.0,-87.1,-82.3,  6, 11, 0.00,328, 8.0
2026-07-04 23:50:53,-97.1695,35.0702,  97.7,16847,-68.0,-87.1,-82.3,  6, 11, 0.00,329, 8.0
2026-07-04 23:50:54,-97.1694,35.0701,  97.6,16852,-68.0,-87.0,-82.3,  6, 11, 0.00,330, 8.0
2026-07-04 23:50:56,-97.1694,35.0700,  97.5,16857,-68.0,-87.0,-82.3,  6, 11, 0.00,331, 8.0
2026-07-04 23:50:57,-97.1693,35.0699,  97.4,16867,-67.9,-87.0,-82.2,  5, 11, 0.00,332, 8.0
2026-07-04 23:50:58,-97.1693,35.0699,  97.3,16872,-67.9,-87.0,-82.2,  5, 11, 0.00,333, 7.9
2026-07-04 23:50:59,-97.1693,35.0698,  97.2,16878,-67.9,-87.0,-82.2,  5, 10, 0.00,333, 7.9
2026-07-04 23:51:00,-97.1692,35.0697,  97.1,16883,-67.8,-87.0,-82.2,  5, 10, 0.00,334, 7.9
2026-07-04 23:51:02,-97.1691,35.0696,  97.0,16888,-67.9,-87.0,-82.3,  5, 10, 0.00,335, 7.9
2026-07-04 23:51:03,-97.1691,35.0695,  96.9,16898,-67.9,-87.1,-82.3,  5, 10, 0.00,336, 7.7
2026-07-04 23:51:04,-97.1690,35.0695,  96.8,16903,-67.9,-87.1,-82.4,  5, 10, 0.00,337, 7.7
2026-07-04 23:51:05,-97.1690,35.0694,  96.7,16908,-68.0,-87.2,-82.4,  5, 10, 0.00,337, 7.6
2026-07-04 23:51:07,-97.1689,35.0693,  96.6,16913,-68.0,-87.2,-82.4,  5, 10, 0.00,338, 7.5
2026-07-04 23:51:08,-97.1689,35.0692,  96.5,16923,-68.1,-87.3,-82.5,  5, 10, 0.00,339, 7.3
2026-07-04 23:51:09,-97.1689,35.0691,  96.4,16928,-68.1,-87.4,-82.6,  5, 10, 0.00,340, 7.2
2026-07-04 23:51:10,-97.1689,35.0691,  96.3,16934,-68.2,-87.4,-82.7,  5, 10, 0.00,340, 7.1
2026-07-04 23:51:11,-97.1689,35.0690,  96.2,16939,-68.2,-87.5,-82.7,  5, 10, 0.00,341, 6.9
2026-07-04 23:51:12,-97.1689,35.0689,  96.1,16944,-68.3,-87.5,-82.8,  5, 10, 0.00,341, 6.8
2026-07-04 23:51:14,-97.1689,35.0688,  96.0,16950,-68.2,-87.5,-82.8,  5, 10, 0.00,342, 6.7
2026-07-04 23:51:15,-97.1688,35.0687,  95.9,16961,-68.1,-87.5,-82.7,  5, 10, 0.00,343, 6.3
2026-07-04 23:51:16,-97.1688,35.0687,  95.8,16966,-68.1,-87.4,-82.7,  5, 10, 0.00,343, 6.2
2026-07-04 23:51:17,-97.1688,35.0686,  95.7,16972,-68.0,-87.4,-82.7,  5, 10, 0.00,343, 6.0
2026-07-04 23:51:18,-97.1687,35.0686,  95.6,16978,-67.9,-87.4,-82.6,  5, 10, 0.00,343, 5.8
2026-07-04 23:51:19,-97.1687,35.0686,  95.5,16984,-67.8,-87.3,-82.5,  5, 10, 0.00,344, 5.6
2026-07-04 23:51:20,-97.1687,35.0685,  95.4,16990,-67.6,-87.2,-82.4,  5, 10, 0.00,344, 5.4
2026-07-04 23:51:21,-97.1687,35.0685,  95.3,16995,-67.4,-87.1,-82.3,  5, 10, 0.00,344, 5.2
2026-07-04 23:51:23,-97.1687,35.0684,  95.2,17000,-67.3,-87.0,-82.3,  5, 10, 0.00,344, 5.0
2026-07-04 23:51:24,-97.1687,35.0684,  95.1,17010,-67.3,-87.1,-82.3,  5, 10, 0.00,343, 4.6
2026-07-04 23:51:25,-97.1687,35.0683,  95.0,17016,-67.4,-87.1,-82.4,  5, 10, 0.00,343, 4.4
2026-07-04 23:51:26,-97.1687,35.0683,  94.9,17021,-67.4,-87.2,-82.4,  5, 10, 0.00,342, 4.2
2026-07-04 23:51:27,-97.1687,35.0682,  94.8,17027,-67.4,-87.2,-82.4,  5, 10, 0.00,341, 4.0
2026-07-04 23:51:29,-97.1686,35.0682,  94.7,17032,-67.5,-87.2,-82.4,  5, 10, 0.00,340, 3.8
2026-07-04 23:51:30,-97.1686,35.0681,  94.6,17043,-67.5,-87.2,-82.4,  5, 10, 0.00,338, 3.3
2026-07-04 23:51:31,-97.1686,35.0681,  94.5,17048,-67.5,-87.2,-82.4,  5, 10, 0.00,336, 3.1
2026-07-04 23:51:32,-97.1686,35.0681,  94.4,17055,-67.5,-87.2,-82.4,  5, 10, 0.00,334, 2.8
2026-07-04 23:51:33,-97.1686,35.0681,  94.3,17061,-67.5,-87.2,-82.4,  5, 10, 0.00,331, 2.6
2026-07-04 23:51:34,-97.1686,35.0681,  94.2,17066,-67.5,-87.2,-82.4,  5, 10, 0.00,328, 2.4
2026-07-04 23:51:35,-97.1686,35.0681,  94.1,17072,-67.5,-87.2,-82.4,  5, 10, 0.00,324, 2.2
2026-07-04 23:51:37,-97.1686,35.0680,  94.0,17077,-67.5,-87.1,-82.4,  5, 10, 0.00,319, 2.0
2026-07-04 23:51:38,-97.1685,35.0680,  93.9,17088,-67.5,-87.1,-82.3,  5, 10, 0.00,305, 1.7
2026-07-04 23:51:39,-97.1685,35.0680,  93.8,17093,-67.5,-87.1,-82.3,  5, 10, 0.00,297, 1.6
2026-07-04 23:51:40,-97.1684,35.0680,  93.7,17099,-67.5,-87.0,-82.3,  5, 10, 0.00,287, 1.5
2026-07-04 23:51:41,-97.1684,35.0680,  93.6,17105,-67.4,-87.0,-82.2,  5, 10, 0.00,277, 1.5
2026-07-04 23:51:42,-97.1683,35.0680,  93.5,17111,-67.4,-87.0,-82.2,  5, 10, 0.00,267, 1.5
2026-07-04 23:51:43,-97.1683,35.0680,  93.4,17118,-67.4,-87.0,-82.3,  5, 10, 0.00,258, 1.6
2026-07-04 23:51:44,-97.1684,35.0680,  93.3,17125,-67.5,-87.0,-82.3,  5, 10, 0.00,250, 1.7
2026-07-04 23:51:45,-97.1684,35.0680,  93.2,17133,-67.5,-87.1,-82.3,  5, 10, 0.00,243, 1.9
2026-07-04 23:51:46,-97.1684,35.0680,  93.0,17141,-67.5,-87.1,-82.4,  5, 10, 0.00,238, 2.0
2026-07-04 23:51:47,-97.1685,35.0680,  92.9,17148,-67.5,-87.1,-82.4,  5, 10, 0.00,233, 2.2
2026-07-04 23:51:49,-97.1685,35.0681,  92.8,17154,-67.5,-87.2,-82.4,  5, 10, 0.00,230, 2.4
2026-07-04 23:51:50,-97.1684,35.0681,  92.7,17165,-67.5,-87.2,-82.5,  5, 10, 0.00,225, 2.7
2026-07-04 23:51:51,-97.1684,35.0682,  92.6,17170,-67.5,-87.3,-82.5,  5,  9, 0.00,223, 2.9
2026-07-04 23:51:53,-97.1683,35.0683,  92.5,17175,-67.4,-87.3,-82.5,  5,  9, 0.00,221, 3.0
2026-07-04 23:51:54,-97.1682,35.0683,  92.4,17184,-67.2,-87.2,-82.4,  5,  9, 0.00,219, 3.3
2026-07-04 23:51:55,-97.1681,35.0683,  92.3,17188,-67.0,-87.1,-82.3,  5,  9, 0.00,218, 3.5
2026-07-04 23:51:57,-97.1681,35.0684,  92.2,17193,-66.8,-87.0,-82.2,  5,  9, 0.00,218, 3.6
2026-07-04 23:51:58,-97.1681,35.0685,  92.1,17203,-66.7,-87.0,-82.2,  5,  9, 0.00,217, 3.8
2026-07-04 23:51:59,-97.1680,35.0685,  92.0,17208,-66.6,-87.0,-82.2,  5,  9, 0.00,217, 3.9
2026-07-04 23:52:01,-97.1680,35.0686,  91.9,17212,-66.6,-87.1,-82.3,  5,  9, 0.00,217, 4.0
2026-07-04 23:52:02,-97.1680,35.0686,  91.8,17221,-66.6,-87.2,-82.4,  4,  8, 0.00,216, 4.2
2026-07-04 23:52:04,-97.1680,35.0686,  91.7,17226,-66.6,-87.3,-82.5,  4,  8, 0.00,216, 4.2
2026-07-04 23:52:05,-97.1680,35.0686,  91.6,17234,-66.6,-87.4,-82.6,  4,  8, 0.00,216, 4.3
2026-07-04 23:52:07,-97.1679,35.0686,  91.5,17239,-66.5,-87.4,-82.7,  4,  8, 0.00,216, 4.4
2026-07-04 23:52:08,-97.1679,35.0687,  91.4,17249,-66.4,-87.5,-82.7,  4,  8, 0.00,216, 4.4
2026-07-04 23:52:09,-97.1678,35.0687,  91.3,17254,-66.3,-87.5,-82.7,  4,  8, 0.00,216, 4.5
2026-07-04 23:52:11,-97.1677,35.0688,  91.2,17259,-66.2,-87.5,-82.7,  4,  8, 0.00,216, 4.5
2026-07-04 23:52:12,-97.1677,35.0688,  91.1,17269,-66.1,-87.5,-82.8,  4,  7, 0.00,216, 4.5
2026-07-04 23:52:13,-97.1676,35.0689,  91.0,17274,-66.1,-87.5,-82.8,  4,  7, 0.00,216, 4.5
2026-07-04 23:52:15,-97.1676,35.0690,  90.9,17279,-66.1,-87.6,-82.8,  4,  7, 0.00,216, 4.5
2026-07-04 23:52:16,-97.1676,35.0690,  90.8,17289,-66.1,-87.6,-82.9,  4,  7, 0.00,215, 4.6
2026-07-04 23:52:18,-97.1675,35.0691,  90.7,17293,-66.1,-87.6,-82.9,  4,  7, 0.00,215, 4.6
2026-07-04 23:52:19,-97.1675,35.0691,  90.6,17303,-66.0,-87.6,-82.9,  4,  7, 0.00,214, 4.6
2026-07-04 23:52:20,-97.1675,35.0691,  90.5,17308,-66.0,-87.6,-82.8,  4,  7, 0.00,214, 4.6
2026-07-04 23:52:22,-97.1674,35.0692,  90.4,17313,-66.0,-87.6,-82.8,  4,  7, 0.00,213, 4.6
2026-07-04 23:52:23,-97.1674,35.0692,  90.3,17323,-65.9,-87.6,-82.9,  4,  7, 0.00,212, 4.6
2026-07-04 23:52:24,-97.1673,35.0693,  90.2,17328,-65.9,-87.6,-82.9,  4,  7, 0.00,211, 4.5
2026-07-04 23:52:26,-97.1673,35.0694,  90.1,17333,-66.0,-87.6,-82.9,  4,  7, 0.00,210, 4.5
2026-07-04 23:52:27,-97.1673,35.0694,  90.0,17342,-66.0,-87.7,-82.9,  4,  7, 0.00,208, 4.5
2026-07-04 23:52:29,-97.1672,35.0695,  89.9,17347,-66.0,-87.7,-82.9,  4,  7, 0.00,207, 4.5
2026-07-04 23:52:30,-97.1672,35.0695,  89.8,17357,-66.0,-87.7,-83.0,  4,  7, 0.00,205, 4.5
2026-07-04 23:52:31,-97.1671,35.0695,  89.7,17362,-66.1,-87.8,-83.0,  4,  7, 0.00,204, 4.4
2026-07-04 23:52:32,-97.1671,35.0695,  89.6,17368,-66.1,-87.8,-83.0,  4,  7, 0.00,202, 4.4
2026-07-04 23:52:34,-97.1671,35.0696,  89.5,17373,-66.1,-87.8,-83.1,  4,  7, 0.00,201, 4.4
2026-07-04 23:52:35,-97.1671,35.0697,  89.4,17382,-66.2,-87.9,-83.1,  4,  7, 0.00,197, 4.3
2026-07-04 23:52:37,-97.1671,35.0697,  89.3,17387,-66.2,-87.9,-83.1,  4,  7, 0.00,196, 4.3
2026-07-04 23:52:38,-97.1671,35.0698,  89.2,17396,-66.2,-87.9,-83.1,  4,  7, 0.00,192, 4.3
2026-07-04 23:52:40,-97.1671,35.0698,  89.1,17401,-66.1,-87.8,-83.1,  4,  7, 0.00,190, 4.3
2026-07-04 23:52:41,-97.1670,35.0699,  89.0,17410,-66.1,-87.8,-83.0,  4,  7, 0.00,186, 4.3
2026-07-04 23:52:43,-97.1670,35.0700,  88.9,17415,-66.1,-87.8,-83.0,  4,  7, 0.00,184, 4.2
2026-07-04 23:52:44,-97.1670,35.0700,  88.8,17424,-66.1,-87.8,-83.0,  4,  7, 0.00,179, 4.2
2026-07-04 23:52:45,-97.1670,35.0701,  88.7,17429,-66.1,-87.8,-83.1,  4,  7, 0.00,177, 4.2
2026-07-04 23:52:47,-97.1670,35.0702,  88.6,17434,-66.2,-87.9,-83.1,  4,  7, 0.00,175, 4.2
2026-07-04 23:52:48,-97.1670,35.0702,  88.5,17444,-66.2,-88.0,-83.2,  4,  7, 0.00,171, 4.3
2026-07-04 23:52:50,-97.1670,35.0703,  88.4,17449,-66.2,-88.0,-83.3,  4,  7, 0.00,169, 4.3
2026-07-04 23:52:51,-97.1671,35.0703,  88.3,17459,-66.3,-88.1,-83.4,  4,  7, 0.00,165, 4.3
2026-07-04 23:52:52,-97.1671,35.0703,  88.2,17464,-66.3,-88.2,-83.4,  4,  7, 0.00,164, 4.3
2026-07-04 23:52:54,-97.1672,35.0704,  88.1,17469,-66.3,-88.2,-83.5,  4,  7, 0.00,162, 4.3
2026-07-04 23:52:55,-97.1672,35.0704,  88.0,17478,-66.1,-88.2,-83.5,  3,  7, 0.00,159, 4.3
2026-07-04 23:52:57,-97.1673,35.0705,  87.9,17483,-66.0,-88.2,-83.4,  3,  7, 0.00,158, 4.3
2026-07-04 23:52:58,-97.1673,35.0705,  87.8,17492,-65.7,-88.0,-83.3,  3,  6, 0.00,155, 4.2
2026-07-04 23:53:00,-97.1674,35.0706,  87.7,17497,-65.5,-88.0,-83.2,  3,  6, 0.00,154, 4.2
2026-07-04 23:53:01,-97.1674,35.0706,  87.6,17507,-65.3,-87.9,-83.1,  3,  6, 0.00,152, 4.2
2026-07-04 23:53:03,-97.1674,35.0707,  87.5,17511,-65.2,-87.9,-83.1,  3,  6, 0.00,151, 4.1
2026-07-04 23:53:04,-97.1675,35.0708,  87.4,17521,-65.2,-87.9,-83.1,  3,  6, 0.00,149, 4.0
2026-07-04 23:53:06,-97.1675,35.0708,  87.3,17525,-65.1,-87.9,-83.1,  3,  6, 0.00,149, 4.0
2026-07-04 23:53:07,-97.1675,35.0709,  87.2,17535,-65.1,-87.9,-83.1,  3,  6, 0.00,147, 3.8
2026-07-04 23:53:09,-97.1675,35.0710,  87.1,17539,-65.1,-87.9,-83.2,  3,  6, 0.00,146, 3.8
2026-07-04 23:53:10,-97.1675,35.0710,  87.0,17549,-65.1,-87.9,-83.2,  3,  6, 0.00,145, 3.6
2026-07-04 23:53:12,-97.1676,35.0710,  86.9,17553,-65.1,-88.0,-83.2,  3,  6, 0.00,144, 3.5
2026-07-04 23:53:13,-97.1676,35.0710,  86.8,17562,-65.2,-88.0,-83.2,  3,  6, 0.00,142, 3.3
2026-07-04 23:53:15,-97.1677,35.0710,  86.7,17566,-65.2,-88.0,-83.2,  3,  6, 0.00,141, 3.2
2026-07-04 23:53:16,-97.1677,35.0711,  86.6,17575,-65.2,-88.0,-83.2,  3,  6, 0.00,138, 3.0
2026-07-04 23:53:18,-97.1677,35.0711,  86.5,17579,-65.2,-88.0,-83.2,  3,  6, 0.00,137, 2.9
2026-07-04 23:53:20,-97.1678,35.0711,  86.4,17588,-65.2,-88.0,-83.2,  3,  6, 0.00,134, 2.7
2026-07-04 23:53:21,-97.1678,35.0711,  86.3,17597,-65.2,-87.9,-83.2,  3,  6, 0.00,129, 2.5
2026-07-04 23:53:23,-97.1678,35.0712,  86.2,17602,-65.2,-87.9,-83.2,  3,  6, 0.00,127, 2.4
2026-07-04 23:53:24,-97.1678,35.0712,  86.1,17610,-65.2,-87.9,-83.2,  3,  6, 0.00,121, 2.2
2026-07-04 23:53:26,-97.1679,35.0712,  86.0,17615,-65.2,-87.9,-83.2,  3,  6, 0.00,118, 2.2
2026-07-04 23:53:28,-97.1680,35.0713,  85.9,17623,-65.3,-88.0,-83.2,  3,  6, 0.00,110, 2.0
2026-07-04 23:53:29,-97.1680,35.0713,  85.8,17632,-65.3,-88.0,-83.2,  3,  6, 0.00,101, 1.9
2026-07-04 23:53:31,-97.1680,35.0713,  85.7,17637,-65.3,-88.0,-83.3,  3,  6, 0.00, 97, 1.9
2026-07-04 23:53:32,-97.1680,35.0713,  85.6,17646,-65.4,-88.1,-83.3,  3,  6, 0.00, 86, 1.8
2026-07-04 23:53:34,-97.1680,35.0712,  85.5,17650,-65.4,-88.1,-83.3,  3,  6, 0.00, 81, 1.8
2026-07-04 23:53:36,-97.1681,35.0712,  85.4,17659,-65.4,-88.1,-83.3,  3,  6, 0.00, 70, 1.8
2026-07-04 23:53:37,-97.1681,35.0712,  85.3,17668,-65.3,-88.1,-83.3,  3,  6, 0.00, 59, 1.9
2026-07-04 23:53:39,-97.1681,35.0711,  85.2,17673,-65.3,-88.1,-83.3,  3,  6, 0.00, 55, 1.9
2026-07-04 23:53:40,-97.1682,35.0711,  85.1,17683,-65.2,-88.1,-83.3,  3,  6, 0.00, 45, 2.1
2026-07-04 23:53:42,-97.1682,35.0711,  85.0,17688,-65.2,-88.0,-83.3,  3,  6, 0.00, 41, 2.1
2026-07-04 23:53:43,-97.1683,35.0711,  84.9,17697,-65.1,-88.1,-83.3,  3,  6, 0.00, 34, 2.3
2026-07-04 23:53:44,-97.1683,35.0711,  84.8,17703,-65.1,-88.1,-83.3,  3,  6, 0.00, 30, 2.4
2026-07-04 23:53:46,-97.1683,35.0710,  84.7,17708,-65.1,-88.1,-83.3,  3,  6, 0.00, 27, 2.4
2026-07-04 23:53:47,-97.1683,35.0710,  84.6,17718,-65.1,-88.2,-83.4,  3,  6, 0.00, 21, 2.6
2026-07-04 23:53:49,-97.1683,35.0709,  84.5,17723,-65.1,-88.2,-83.4,  3,  6, 0.00, 18, 2.7
2026-07-04 23:53:50,-97.1683,35.0709,  84.4,17733,-65.1,-88.2,-83.5,  3,  6, 0.00, 13, 2.8
2026-07-04 23:53:52,-97.1683,35.0708,  84.3,17737,-65.1,-88.2,-83.5,  3,  6, 0.00, 11, 2.9
2026-07-04 23:53:53,-97.1683,35.0708,  84.2,17746,-65.0,-88.2,-83.5,  3,  6, 0.00,  6, 3.1
2026-07-04 23:53:55,-97.1683,35.0707,  84.1,17751,-65.0,-88.2,-83.4,  3,  6, 0.00,  4, 3.1
2026-07-04 23:53:56,-97.1683,35.0707,  84.0,17761,-64.9,-88.1,-83.4,  3,  6, 0.00,  1, 3.3
2026-07-04 23:53:58,-97.1683,35.0707,  83.9,17765,-64.8,-88.1,-83.4,  3,  6, 0.00,359, 3.4
2026-07-04 23:53:59,-97.1683,35.0706,  83.8,17775,-64.8,-88.1,-83.3,  3,  6, 0.00,356, 3.5
2026-07-04 23:54:01,-97.1683,35.0706,  83.7,17780,-64.8,-88.1,-83.3,  3,  6, 0.00,355, 3.5
2026-07-04 23:54:02,-97.1683,35.0705,  83.6,17791,-64.8,-88.1,-83.3,  3,  6, 0.00,352, 3.7
2026-07-04 23:54:04,-97.1683,35.0704,  83.5,17796,-64.8,-88.1,-83.3,  3,  6, 0.00,351, 3.7
2026-07-04 23:54:05,-97.1683,35.0704,  83.4,17806,-64.9,-88.1,-83.4,  3,  6, 0.00,349, 3.8
2026-07-04 23:54:07,-97.1682,35.0703,  83.3,17811,-64.9,-88.2,-83.4,  3,  6, 0.00,349, 3.9
2026-07-04 23:54:08,-97.1682,35.0703,  83.2,17821,-64.9,-88.2,-83.4,  3,  6, 0.00,347, 4.0
2026-07-04 23:54:10,-97.1682,35.0702,  83.1,17825,-65.0,-88.2,-83.4,  3,  6, 0.00,346, 4.1
2026-07-04 23:54:11,-97.1682,35.0702,  83.0,17835,-65.0,-88.2,-83.5,  3,  6, 0.00,345, 4.2
2026-07-04 23:54:13,-97.1681,35.0702,  82.9,17840,-65.1,-88.2,-83.5,  3,  6, 0.00,345, 4.3
2026-07-04 23:54:14,-97.1681,35.0701,  82.8,17850,-65.1,-88.2,-83.5,  3,  6, 0.00,344, 4.4
2026-07-04 23:54:16,-97.1681,35.0700,  82.7,17855,-65.1,-88.2,-83.4,  3,  6, 0.00,343, 4.5
2026-07-04 23:54:17,-97.1681,35.0700,  82.6,17865,-65.1,-88.2,-83.4,  3,  6, 0.00,343, 4.6
2026-07-04 23:54:18,-97.1681,35.0700,  82.5,17870,-65.2,-88.2,-83.4,  3,  6, 0.00,342, 4.7
2026-07-04 23:54:20,-97.1680,35.0699,  82.4,17875,-65.2,-88.2,-83.5,  3,  6, 0.00,342, 4.8
2026-07-04 23:54:21,-97.1680,35.0698,  82.3,17885,-65.2,-88.2,-83.5,  3,  6, 0.00,342, 4.9
2026-07-04 23:54:23,-97.1680,35.0697,  82.2,17890,-65.3,-88.2,-83.5,  3,  6, 0.00,342, 5.0
2026-07-04 23:54:24,-97.1680,35.0697,  82.1,17900,-65.3,-88.3,-83.5,  3,  6, 0.00,342, 5.2
2026-07-04 23:54:26,-97.1680,35.0696,  82.0,17905,-65.3,-88.3,-83.5,  3,  6, 0.00,342, 5.3
2026-07-04 23:54:27,-97.1679,35.0695,  81.9,17914,-65.3,-88.2,-83.5,  3,  6, 0.00,342, 5.5
2026-07-04 23:54:29,-97.1679,35.0695,  81.8,17920,-65.3,-88.2,-83.5,  3,  6, 0.00,343, 5.6
2026-07-04 23:54:30,-97.1678,35.0694,  81.7,17930,-65.3,-88.2,-83.5,  3,  6, 0.00,344, 5.8
2026-07-04 23:54:32,-97.1678,35.0693,  81.6,17935,-65.4,-88.3,-83.5,  3,  6, 0.00,345, 5.9
2026-07-04 23:54:33,-97.1678,35.0693,  81.5,17946,-65.4,-88.3,-83.6,  3,  6, 0.00,346, 6.1
2026-07-04 23:54:35,-97.1677,35.0692,  81.4,17951,-65.5,-88.4,-83.6,  3,  6, 0.00,347, 6.2
2026-07-04 23:54:36,-97.1677,35.0691,  81.3,17961,-65.5,-88.4,-83.7,  3,  6, 0.00,350, 6.4
2026-07-04 23:54:38,-97.1677,35.0690,  81.2,17966,-65.5,-88.5,-83.7,  3,  6, 0.00,351, 6.5
2026-07-04 23:54:39,-97.1676,35.0689,  81.1,17977,-65.6,-88.5,-83.8,  3,  6, 0.00,354, 6.7
2026-07-04 23:54:40,-97.1676,35.0689,  81.0,17982,-65.6,-88.6,-83.8,  3,  6, 0.00,355, 6.8
2026-07-04 23:54:42,-97.1676,35.0687,  80.9,17987,-65.6,-88.6,-83.8,  3,  6, 0.00,357, 6.9
2026-07-04 23:54:43,-97.1676,35.0687,  80.8,17997,-65.4,-88.6,-83.8,  3,  6, 0.00,  1, 7.1
2026-07-04 23:54:45,-97.1676,35.0685,  80.7,18003,-65.3,-88.6,-83.8,  3,  6, 0.00,  2, 7.2
2026-07-04 23:54:46,-97.1676,35.0684,  80.6,18013,-65.1,-88.5,-83.7,  3,  5, 0.00,  6, 7.5
2026-07-04 23:54:48,-97.1676,35.0683,  80.5,18018,-65.1,-88.5,-83.7,  3,  5, 0.00,  8, 7.6
2026-07-04 23:54:49,-97.1677,35.0682,  80.4,18029,-65.0,-88.6,-83.8,  3,  5, 0.00, 12, 7.8
2026-07-04 23:54:50,-97.1677,35.0681,  80.3,18034,-65.0,-88.6,-83.8,  3,  5, 0.00, 14, 8.0
2026-07-04 23:54:52,-97.1677,35.0680,  80.2,18040,-65.0,-88.6,-83.9,  3,  5, 0.00, 15, 8.1
2026-07-04 23:54:53,-97.1678,35.0679,  80.1,18050,-64.9,-88.7,-83.9,  3,  5, 0.00, 19, 8.3
2026-07-04 23:54:55,-97.1679,35.0678,  80.0,18056,-64.9,-88.7,-83.9,  3,  5, 0.00, 21, 8.5
2026-07-04 23:54:56,-97.1679,35.0677,  79.9,18067,-64.7,-88.6,-83.9,  3,  5, 0.00, 24, 8.7
2026-07-04 23:54:58,-97.1680,35.0676,  79.8,18072,-64.7,-88.6,-83.8,  3,  5, 0.00, 26, 8.8
2026-07-04 23:54:59,-97.1681,35.0675,  79.7,18083,-64.5,-88.6,-83.8,  3,  5, 0.00, 29, 9.0
2026-07-04 23:55:00,-97.1681,35.0674,  79.6,18088,-64.5,-88.5,-83.8,  3,  5, 0.00, 30, 9.2
2026-07-04 23:55:02,-97.1683,35.0673,  79.5,18094,-64.4,-88.5,-83.8,  3,  5, 0.00, 32, 9.3
2026-07-04 23:55:03,-97.1683,35.0672,  79.4,18106,-64.4,-88.5,-83.7,  3,  5, 0.00, 34, 9.5
2026-07-04 23:55:04,-97.1684,35.0671,  79.3,18111,-64.3,-88.5,-83.7,  3,  5, 0.00, 35, 9.5
2026-07-04 23:55:06,-97.1686,35.0670,  79.2,18117,-64.3,-88.5,-83.7,  3,  5, 0.00, 37, 9.6
2026-07-04 23:55:07,-97.1686,35.0669,  79.1,18127,-64.3,-88.5,-83.8,  3,  5, 0.00, 39, 9.8
2026-07-04 23:55:09,-97.1688,35.0667,  79.0,18132,-64.3,-88.5,-83.8,  3,  5, 0.00, 40, 9.9
2026-07-04 23:55:10,-97.1688,35.0667,  78.9,18142,-64.3,-88.6,-83.8,  3,  5, 0.00, 42,10.0
2026-07-04 23:55:12,-97.1690,35.0665,  78.8,18148,-64.3,-88.6,-83.8,  3,  5, 0.00, 43,10.1
2026-07-04 23:55:13,-97.1690,35.0665,  78.7,18160,-64.4,-88.6,-83.8,  3,  5, 0.00, 45,10.3
2026-07-04 23:55:14,-97.1691,35.0664,  78.6,18166,-64.4,-88.6,-83.8,  3,  5, 0.00, 46,10.3
2026-07-04 23:55:16,-97.1693,35.0663,  78.5,18171,-64.4,-88.6,-83.8,  3,  5, 0.00, 47,10.4
2026-07-04 23:55:17,-97.1694,35.0663,  78.4,18183,-64.3,-88.5,-83.8,  3,  5, 0.00, 49,10.6
2026-07-04 23:55:19,-97.1696,35.0662,  78.3,18188,-64.3,-88.5,-83.8,  3,  5, 0.00, 49,10.6
2026-07-04 23:55:20,-97.1697,35.0661,  78.2,18199,-64.3,-88.5,-83.8,  3,  5, 0.00, 51,10.8
2026-07-04 23:55:21,-97.1698,35.0660,  78.1,18205,-64.3,-88.5,-83.8,  3,  5, 0.00, 52,10.8
2026-07-04 23:55:23,-97.1700,35.0659,  78.0,18211,-64.4,-88.5,-83.8,  3,  5, 0.00, 53,10.9
2026-07-04 23:55:24,-97.1701,35.0658,  77.9,18223,-64.4,-88.6,-83.8,  3,  5, 0.00, 54,11.0
2026-07-04 23:55:25,-97.1702,35.0658,  77.8,18228,-64.4,-88.6,-83.8,  3,  5, 0.00, 55,11.1
2026-07-04 23:55:27,-97.1704,35.0656,  77.7,18234,-64.4,-88.6,-83.8,  3,  5, 0.00, 56,11.2
2026-07-04 23:55:28,-97.1705,35.0656,  77.6,18246,-64.4,-88.6,-83.9,  3,  5, 0.00, 57,11.3
2026-07-04 23:55:29,-97.1706,35.0655,  77.5,18252,-64.4,-88.6,-83.9,  3,  5, 0.00, 58,11.4
2026-07-04 23:55:31,-97.1708,35.0655,  77.4,18258,-64.4,-88.6,-83.8,  3,  5, 0.00, 59,11.4
2026-07-04 23:55:32,-97.1709,35.0654,  77.3,18269,-64.3,-88.5,-83.8,  3,  5, 0.00, 60,11.5
2026-07-04 23:55:34,-97.1711,35.0653,  77.2,18274,-64.2,-88.5,-83.8,  3,  5, 0.00, 61,11.6
2026-07-04 23:55:35,-97.1713,35.0652,  77.1,18285,-64.2,-88.5,-83.7,  3,  5, 0.00, 62,11.7
2026-07-04 23:55:36,-97.1714,35.0652,  77.0,18291,-64.2,-88.5,-83.7,  3,  5, 0.00, 63,11.7
2026-07-04 23:55:38,-97.1716,35.0651,  76.9,18297,-64.2,-88.5,-83.7,  3,  5, 0.00, 64,11.7
2026-07-04 23:55:39,-97.1717,35.0650,  76.8,18309,-64.2,-88.6,-83.8,  3,  5, 0.00, 65,11.8
2026-07-04 23:55:40,-97.1719,35.0650,  76.7,18315,-64.2,-88.6,-83.8,  3,  5, 0.00, 66,11.8
2026-07-04 23:55:42,-97.1721,35.0649,  76.6,18321,-64.3,-88.6,-83.8,  3,  5, 0.00, 66,11.8
2026-07-04 23:55:43,-97.1723,35.0649,  76.5,18333,-64.3,-88.6,-83.9,  3,  5, 0.00, 68,11.8
2026-07-04 23:55:44,-97.1724,35.0649,  76.4,18339,-64.3,-88.6,-83.9,  3,  5, 0.00, 68,11.8
2026-07-04 23:55:46,-97.1727,35.0648,  76.3,18345,-64.3,-88.7,-83.9,  3,  5, 0.00, 69,11.7
2026-07-04 23:55:47,-97.1728,35.0648,  76.2,18356,-64.4,-88.7,-84.0,  3,  5, 0.00, 69,11.6
2026-07-04 23:55:49,-97.1731,35.0647,  76.1,18362,-64.4,-88.7,-84.0,  3,  5, 0.00, 70,11.5
2026-07-04 23:55:50,-97.1732,35.0647,  76.0,18374,-64.4,-88.8,-84.0,  3,  5, 0.00, 71,11.4
2026-07-04 23:55:51,-97.1733,35.0647,  75.9,18380,-64.4,-88.8,-84.0,  3,  5, 0.00, 71,11.3
2026-07-04 23:55:53,-97.1735,35.0646,  75.8,18386,-64.4,-88.8,-84.0,  3,  5, 0.00, 71,11.2
2026-07-04 23:55:54,-97.1737,35.0646,  75.7,18397,-64.3,-88.7,-84.0,  3,  5, 0.00, 72,10.9
2026-07-04 23:55:55,-97.1738,35.0645,  75.6,18403,-64.3,-88.7,-83.9,  3,  5, 0.00, 72,10.8
2026-07-04 23:55:57,-97.1740,35.0644,  75.5,18409,-64.3,-88.7,-83.9,  3,  5, 0.00, 73,10.6
2026-07-04 23:55:58,-97.1741,35.0644,  75.4,18421,-64.3,-88.7,-83.9,  3,  5, 0.00, 73,10.3
2026-07-04 23:55:59,-97.1742,35.0644,  75.3,18428,-64.3,-88.7,-83.9,  3,  5, 0.00, 74,10.2
2026-07-04 23:56:00,-97.1743,35.0644,  75.2,18434,-64.3,-88.7,-83.9,  3,  5, 0.00, 74,10.0
2026-07-04 23:56:02,-97.1745,35.0643,  75.1,18441,-64.3,-88.7,-83.9,  3,  5, 0.00, 74, 9.9
2026-07-04 23:56:03,-97.1746,35.0643,  75.0,18453,-64.3,-88.7,-83.9,  3,  5, 0.00, 75, 9.5
2026-07-04 23:56:04,-97.1747,35.0643,  74.9,18460,-64.2,-88.7,-83.9,  3,  5, 0.00, 76, 9.4
2026-07-04 23:56:06,-97.1748,35.0643,  74.8,18465,-64.2,-88.7,-83.9,  3,  5, 0.00, 76, 9.2
2026-07-04 23:56:07,-97.1749,35.0643,  74.7,18476,-64.2,-88.7,-83.9,  3,  5, 0.00, 78, 8.9
2026-07-04 23:56:09,-97.1751,35.0642,  74.6,18482,-64.2,-88.6,-83.9,  3,  5, 0.00, 78, 8.8
2026-07-04 23:56:10,-97.1752,35.0642,  74.5,18494,-64.2,-88.6,-83.9,  3,  5, 0.00, 80, 8.5
2026-07-04 23:56:12,-97.1754,35.0642,  74.4,18500,-64.2,-88.6,-83.9,  3,  5, 0.00, 81, 8.4
2026-07-04 23:56:13,-97.1754,35.0641,  74.3,18511,-64.2,-88.6,-83.9,  3,  5, 0.00, 83, 8.1
2026-07-04 23:56:14,-97.1755,35.0641,  74.2,18517,-64.2,-88.6,-83.9,  3,  5, 0.00, 84, 8.0
2026-07-04 23:56:16,-97.1757,35.0641,  74.1,18523,-64.2,-88.6,-83.9,  2,  5, 0.00, 85, 7.9
2026-07-04 23:56:17,-97.1758,35.0641,  74.0,18536,-64.2,-88.7,-83.9,  2,  5, 0.00, 87, 7.7
2026-07-04 23:56:18,-97.1759,35.0641,  73.9,18542,-64.2,-88.7,-83.9,  2,  5, 0.00, 88, 7.6
2026-07-04 23:56:20,-97.1761,35.0641,  73.8,18548,-64.2,-88.7,-83.9,  2,  5, 0.00, 89, 7.4
2026-07-04 23:56:21,-97.1762,35.0641,  73.7,18561,-64.3,-88.8,-84.0,  2,  5, 0.00, 91, 7.2
2026-07-04 23:56:22,-97.1762,35.0642,  73.6,18567,-64.3,-88.8,-84.0,  2,  5, 0.00, 92, 7.1
2026-07-04 23:56:24,-97.1764,35.0642,  73.5,18573,-64.4,-88.8,-84.0,  2,  5, 0.00, 93, 7.0
2026-07-04 23:56:25,-97.1765,35.0642,  73.4,18585,-64.4,-88.8,-84.1,  2,  5, 0.00, 95, 6.8
2026-07-04 23:56:27,-97.1766,35.0643,  73.3,18591,-64.4,-88.9,-84.1,  2,  5, 0.00, 96, 6.6
2026-07-04 23:56:28,-97.1767,35.0643,  73.2,18603,-64.4,-88.8,-84.1,  2,  5, 0.00, 97, 6.4
2026-07-04 23:56:29,-97.1767,35.0643,  73.1,18610,-64.4,-88.8,-84.0,  2,  5, 0.00, 98, 6.3
2026-07-04 23:56:30,-97.1768,35.0643,  73.0,18617,-64.3,-88.8,-84.0,  2,  5, 0.00, 99, 6.1
2026-07-04 23:56:32,-97.1769,35.0643,  72.9,18624,-64.2,-88.7,-84.0,  2,  5, 0.00, 99, 6.0
2026-07-04 23:56:33,-97.1770,35.0643,  72.8,18636,-64.1,-88.6,-83.9,  2,  5, 0.00,100, 5.7
2026-07-04 23:56:34,-97.1770,35.0643,  72.7,18642,-64.1,-88.6,-83.9,  2,  5, 0.00,101, 5.6
2026-07-04 23:56:36,-97.1771,35.0643,  72.6,18648,-64.1,-88.6,-83.8,  2,  5, 0.00,101, 5.5
2026-07-04 23:56:37,-97.1772,35.0643,  72.5,18659,-64.1,-88.6,-83.9,  2,  5, 0.00,102, 5.2
2026-07-04 23:56:39,-97.1773,35.0643,  72.4,18665,-64.1,-88.6,-83.9,  2,  5, 0.00,102, 5.1
2026-07-04 23:56:40,-97.1774,35.0644,  72.3,18677,-64.2,-88.7,-83.9,  2,  5, 0.00,102, 5.0
2026-07-04 23:56:41,-97.1774,35.0644,  72.2,18684,-64.3,-88.8,-84.0,  2,  5, 0.00,102, 4.9
2026-07-04 23:56:43,-97.1775,35.0644,  72.1,18690,-64.3,-88.8,-84.0,  2,  5, 0.00,101, 4.8
2026-07-04 23:56:44,-97.1775,35.0644,  72.0,18703,-64.4,-88.9,-84.1,  2,  5, 0.00,101, 4.8
2026-07-04 23:56:46,-97.1776,35.0645,  71.9,18709,-64.4,-88.9,-84.1,  2,  5, 0.00,100, 4.8
2026-07-04 23:56:47,-97.1776,35.0645,  71.8,18720,-64.4,-88.9,-84.2,  2,  5, 0.00, 99, 4.8
2026-07-04 23:56:49,-97.1777,35.0644,  71.7,18726,-64.4,-88.9,-84.2,  2,  5, 0.00, 99, 4.8
2026-07-04 23:56:50,-97.1777,35.0644,  71.6,18737,-64.3,-88.9,-84.1,  2,  4, 0.00, 98, 4.9
2026-07-04 23:56:52,-97.1778,35.0644,  71.5,18743,-64.2,-88.9,-84.1,  2,  4, 0.00, 98, 5.0
2026-07-04 23:56:53,-97.1778,35.0644,  71.4,18755,-64.1,-88.9,-84.2,  2,  4, 0.00, 97, 5.2
2026-07-04 23:56:54,-97.1779,35.0645,  71.3,18761,-64.1,-88.9,-84.2,  2,  4, 0.00, 97, 5.3
2026-07-04 23:56:56,-97.1780,35.0645,  71.2,18767,-64.1,-89.0,-84.2,  2,  4, 0.00, 97, 5.5
2026-07-04 23:56:57,-97.1781,35.0645,  71.1,18779,-64.0,-89.0,-84.2,  2,  4, 0.00, 96, 5.7
2026-07-04 23:56:59,-97.1783,35.0645,  71.0,18784,-63.9,-89.0,-84.2,  2,  4, 0.00, 96, 5.9
2026-07-04 23:57:00,-97.1783,35.0645,  70.9,18796,-63.8,-89.0,-84.2,  2,  4, 0.00, 97, 6.1
2026-07-04 23:57:02,-97.1785,35.0645,  70.8,18802,-63.7,-89.0,-84.2,  2,  4, 0.00, 97, 6.3
2026-07-04 23:57:03,-97.1786,35.0645,  70.7,18814,-63.6,-89.0,-84.2,  2,  4, 0.00, 97, 6.6
2026-07-04 23:57:05,-97.1788,35.0645,  70.6,18820,-63.5,-89.0,-84.2,  2,  4, 0.00, 97, 6.7
2026-07-04 23:57:06,-97.1789,35.0645,  70.5,18832,-63.4,-89.0,-84.2,  2,  4, 0.00, 97, 7.0
2026-07-04 23:57:07,-97.1790,35.0645,  70.4,18838,-63.4,-89.0,-84.2,  2,  4, 0.00, 98, 7.1
2026-07-04 23:57:09,-97.1791,35.0645,  70.3,18845,-63.4,-89.0,-84.2,  2,  4, 0.00, 98, 7.2
2026-07-04 23:57:10,-97.1792,35.0645,  70.2,18857,-63.3,-89.0,-84.2,  2,  4, 0.00, 98, 7.4
2026-07-04 23:57:12,-97.1793,35.0646,  70.1,18864,-63.3,-89.0,-84.2,  2,  4, 0.00, 98, 7.5
2026-07-04 23:57:13,-97.1794,35.0646,  70.0,18875,-63.2,-89.0,-84.2,  2,  4, 0.00, 98, 7.6
2026-07-04 23:57:14,-97.1795,35.0646,  69.9,18882,-63.1,-88.9,-84.2,  2,  4, 0.00, 98, 7.7
2026-07-04 23:57:16,-97.1796,35.0646,  69.8,18888,-63.1,-88.9,-84.2,  2,  4, 0.00, 98, 7.7
2026-07-04 23:57:18,-97.1798,35.0647,  69.7,18900,-63.0,-88.9,-84.2,  2,  4, 0.00, 98, 7.8
2026-07-04 23:57:19,-97.1799,35.0647,  69.6,18910,-63.0,-88.9,-84.2,  2,  4, 0.00, 97, 7.7
2026-07-04 23:57:21,-97.1801,35.0647,  69.5,18915,-62.9,-88.9,-84.2,  2,  4, 0.00, 97, 7.7
2026-07-04 23:57:23,-97.1803,35.0648,  69.4,18926,-62.8,-88.9,-84.2,  2,  4, 0.00, 96, 7.6
2026-07-04 23:57:24,-97.1804,35.0648,  69.3,18937,-62.7,-88.9,-84.1,  2,  4, 0.00, 95, 7.5
2026-07-04 23:57:26,-97.1806,35.0648,  69.2,18943,-62.7,-88.8,-84.1,  2,  4, 0.00, 94, 7.4
2026-07-04 23:57:27,-97.1807,35.0648,  69.1,18955,-62.5,-88.8,-84.0,  2,  4, 0.00, 92, 7.2
2026-07-04 23:57:29,-97.1809,35.0648,  69.0,18961,-62.4,-88.7,-83.9,  2,  4, 0.00, 91, 7.0
2026-07-04 23:57:30,-97.1809,35.0648,  68.9,18973,-62.3,-88.6,-83.9,  2,  4, 0.00, 89, 6.8
2026-07-04 23:57:32,-97.1810,35.0647,  68.8,18978,-62.3,-88.6,-83.9,  2,  4, 0.00, 88, 6.7
2026-07-04 23:57:34,-97.1812,35.0647,  68.7,18989,-62.2,-88.6,-83.9,  2,  4, 0.00, 85, 6.4
2026-07-04 23:57:35,-97.1812,35.0647,  68.6,19000,-62.2,-88.6,-83.9,  2,  4, 0.00, 82, 6.2
2026-07-04 23:57:37,-97.1814,35.0647,  68.5,19006,-62.2,-88.6,-83.9,  2,  4, 0.00, 81, 6.1
2026-07-04 23:57:38,-97.1814,35.0647,  68.4,19018,-62.1,-88.6,-83.8,  2,  4, 0.00, 78, 5.9
2026-07-04 23:57:40,-97.1816,35.0647,  68.3,19023,-62.1,-88.6,-83.8,  2,  4, 0.00, 76, 5.8
2026-07-04 23:57:42,-97.1816,35.0646,  68.2,19035,-62.0,-88.6,-83.9,  2,  3, 0.00, 73, 5.7
2026-07-04 23:57:43,-97.1817,35.0646,  68.1,19045,-62.0,-88.6,-83.9,  2,  3, 0.00, 71, 5.6
2026-07-04 23:57:45,-97.1817,35.0645,  68.0,19050,-61.9,-88.6,-83.9,  2,  3, 0.00, 70, 5.6
2026-07-04 23:57:47,-97.1818,35.0645,  67.9,19060,-61.8,-88.6,-83.8,  2,  3, 0.00, 69, 5.6
2026-07-04 23:57:48,-97.1818,35.0645,  67.8,19072,-61.7,-88.6,-83.9,  2,  3, 0.00, 69, 5.6
2026-07-04 23:57:50,-97.1819,35.0644,  67.7,19077,-61.7,-88.6,-83.9,  2,  3, 0.00, 69, 5.7
2026-07-04 23:57:52,-97.1821,35.0643,  67.6,19088,-61.6,-88.6,-83.8,  2,  3, 0.00, 69, 5.7
2026-07-04 23:57:53,-97.1821,35.0643,  67.5,19100,-61.3,-88.5,-83.7,  2,  3, 0.00, 70, 5.8
2026-07-04 23:57:55,-97.1823,35.0643,  67.4,19106,-61.1,-88.4,-83.6,  2,  3, 0.00, 71, 5.9
2026-07-04 23:57:56,-97.1823,35.0642,  67.3,19118,-60.8,-88.1,-83.4,  2,  3, 0.00, 72, 6.0
2026-07-04 23:57:58,-97.1825,35.0642,  67.2,19123,-60.6,-88.1,-83.3,  2,  3, 0.00, 73, 6.1
2026-07-04 23:58:00,-97.1826,35.0642,  67.1,19133,-60.5,-88.0,-83.2,  2,  3, 0.00, 75, 6.2
2026-07-04 23:58:02,-97.1828,35.0642,  67.0,19142,-60.5,-88.0,-83.3,  2,  3, 0.00, 77, 6.3
2026-07-04 23:58:04,-97.1829,35.0641,  66.9,19153,-60.6,-88.1,-83.3,  2,  3, 0.00, 79, 6.4
2026-07-04 23:58:05,-97.1830,35.0641,  66.8,19164,-60.6,-88.1,-83.3,  2,  3, 0.00, 81, 6.4
2026-07-04 23:58:07,-97.1832,35.0641,  66.7,19169,-60.6,-88.1,-83.3,  2,  3, 0.00, 81, 6.4
2026-07-04 23:58:09,-97.1833,35.0641,  66.6,19180,-60.6,-88.1,-83.3,  2,  3, 0.00, 83, 6.4
2026-07-04 23:58:11,-97.1835,35.0641,  66.5,19189,-60.6,-88.1,-83.3,  2,  3, 0.00, 84, 6.4
2026-07-04 23:58:13,-97.1837,35.0641,  66.4,19199,-60.6,-88.1,-83.3,  2,  3, 0.00, 84, 6.3
2026-07-04 23:58:15,-97.1838,35.0642,  66.3,19209,-60.6,-88.1,-83.3,  2,  3, 0.00, 85, 6.2
2026-07-04 23:58:17,-97.1839,35.0642,  66.2,19220,-60.6,-88.0,-83.3,  2,  3, 0.00, 85, 6.0
2026-07-04 23:58:18,-97.1840,35.0642,  66.1,19230,-60.6,-88.0,-83.3,  2,  3, 0.00, 85, 5.8
2026-07-04 23:58:20,-97.1841,35.0642,  66.0,19235,-60.5,-88.0,-83.3,  2,  3, 0.00, 84, 5.7
2026-07-04 23:58:22,-97.1842,35.0641,  65.9,19245,-60.4,-88.0,-83.2,  2,  3, 0.00, 83, 5.5
2026-07-04 23:58:24,-97.1842,35.0641,  65.8,19255,-60.3,-87.9,-83.1,  2,  3, 0.00, 82, 5.3
2026-07-04 23:58:26,-97.1844,35.0641,  65.7,19265,-60.1,-87.8,-83.0,  2,  3, 0.00, 81, 5.2
2026-07-04 23:58:28,-97.1845,35.0641,  65.6,19274,-59.9,-87.7,-83.0,  2,  3, 0.00, 79, 5.0
2026-07-04 23:58:30,-97.1846,35.0640,  65.5,19283,-59.8,-87.7,-82.9,  2,  3, 0.00, 77, 4.8
2026-07-04 23:58:32,-97.1847,35.0640,  65.4,19293,-59.7,-87.7,-82.9,  2,  3, 0.00, 75, 4.7
2026-07-04 23:58:34,-97.1848,35.0640,  65.3,19303,-59.7,-87.7,-83.0,  2,  3, 0.00, 73, 4.5
2026-07-04 23:58:36,-97.1849,35.0640,  65.2,19314,-59.7,-87.8,-83.0,  2,  3, 0.00, 71, 4.4
2026-07-04 23:58:38,-97.1849,35.0640,  65.1,19324,-59.7,-87.8,-83.1,  2,  3, 0.00, 70, 4.3
2026-07-04 23:58:40,-97.1850,35.0639,  65.0,19334,-59.6,-87.8,-83.1,  2,  3, 0.00, 69, 4.3
2026-07-04 23:58:42,-97.1851,35.0638,  64.9,19343,-59.6,-87.8,-83.1,  2,  3, 0.00, 69, 4.2
2026-07-04 23:58:44,-97.1851,35.0638,  64.8,19353,-59.5,-87.8,-83.1,  2,  3, 0.00, 70, 4.2
2026-07-04 23:58:45,-97.1852,35.0638,  64.7,19363,-59.4,-87.8,-83.0,  2,  3, 0.00, 71, 4.2
2026-07-04 23:58:47,-97.1853,35.0637,  64.6,19369,-59.3,-87.7,-83.0,  2,  3, 0.00, 72, 4.2
2026-07-04 23:58:49,-97.1853,35.0637,  64.5,19380,-59.0,-87.6,-82.8,  2,  3, 0.00, 74, 4.3
2026-07-04 23:58:51,-97.1854,35.0637,  64.4,19391,-58.9,-87.5,-82.7,  2,  3, 0.00, 78, 4.4
2026-07-04 23:58:52,-97.1854,35.0637,  64.3,19402,-58.8,-87.4,-82.6,  2,  3, 0.00, 81, 4.5
2026-07-04 23:58:54,-97.1855,35.0637,  64.2,19408,-58.7,-87.4,-82.6,  2,  3, 0.00, 83, 4.6
2026-07-04 23:58:56,-97.1857,35.0637,  64.1,19419,-58.6,-87.3,-82.5,  2,  3, 0.00, 87, 4.8
2026-07-04 23:58:57,-97.1857,35.0637,  64.0,19431,-58.6,-87.2,-82.5,  2,  3, 0.00, 90, 5.1
2026-07-04 23:58:59,-97.1859,35.0637,  63.9,19437,-58.6,-87.2,-82.5,  2,  3, 0.00, 92, 5.2
2026-07-04 23:59:01,-97.1860,35.0637,  63.8,19449,-58.7,-87.2,-82.4,  2,  3, 0.00, 95, 5.6
2026-07-04 23:59:03,-97.1861,35.0638,  63.7,19460,-58.8,-87.2,-82.4,  2,  3, 0.00, 97, 5.9
2026-07-04 23:59:05,-97.1862,35.0638,  63.6,19470,-58.8,-87.2,-82.4,  2,  3, 0.00,100, 6.2
2026-07-04 23:59:07,-97.1864,35.0638,  63.5,19481,-58.9,-87.2,-82.4,  2,  3, 0.00,101, 6.5
2026-07-04 23:59:08,-97.1865,35.0639,  63.4,19491,-59.0,-87.2,-82.4,  2,  3, 0.00,103, 6.8
2026-07-04 23:59:10,-97.1866,35.0639,  63.3,19496,-59.1,-87.2,-82.4,  2,  3, 0.00,103, 7.0
2026-07-04 23:59:12,-97.1868,35.0639,  63.2,19506,-59.1,-87.2,-82.4,  2,  3, 0.00,104, 7.2
2026-07-04 23:59:14,-97.1870,35.0640,  63.1,19516,-59.2,-87.2,-82.4,  2,  3, 0.00,104, 7.4
2026-07-04 23:59:16,-97.1871,35.0640,  63.0,19527,-59.3,-87.2,-82.4,  2,  3, 0.00,104, 7.6
2026-07-04 23:59:18,-97.1873,35.0641,  62.9,19538,-59.4,-87.2,-82.5,  2,  3, 0.00,104, 7.6
2026-07-04 23:59:20,-97.1875,35.0641,  62.8,19549,-59.4,-87.2,-82.5,  2,  3, 0.00,104, 7.6
2026-07-04 23:59:21,-97.1876,35.0641,  62.7,19560,-59.5,-87.2,-82.5,  2,  3, 0.00,103, 7.6
2026-07-04 23:59:23,-97.1878,35.0642,  62.6,19566,-59.4,-87.2,-82.5,  2,  3, 0.00,102, 7.5
2026-07-04 23:59:25,-97.1880,35.0642,  62.5,19577,-59.4,-87.2,-82.5,  2,  3, 0.00,101, 7.4
2026-07-04 23:59:27,-97.1882,35.0642,  62.4,19587,-59.4,-87.2,-82.4,  2,  3, 0.00, 99, 7.2
2026-07-04 23:59:29,-97.1883,35.0642,  62.3,19598,-59.4,-87.2,-82.4,  2,  3, 0.00, 97, 7.0
2026-07-04 23:59:31,-97.1884,35.0643,  62.2,19609,-59.4,-87.2,-82.5,  2,  3, 0.00, 94, 6.7
2026-07-04 23:59:32,-97.1885,35.0643,  62.1,19620,-59.4,-87.3,-82.5,  2,  3, 0.00, 91, 6.5
2026-07-04 23:59:34,-97.1886,35.0643,  62.0,19627,-59.5,-87.3,-82.5,  2,  3, 0.00, 89, 6.4
2026-07-04 23:59:36,-97.1887,35.0643,  61.9,19639,-59.5,-87.3,-82.6,  2,  3, 0.00, 85, 6.1
2026-07-04 23:59:37,-97.1888,35.0643,  61.8,19651,-59.5,-87.3,-82.6,  2,  3, 0.00, 81, 6.0
2026-07-04 23:59:39,-97.1889,35.0642,  61.7,19656,-59.5,-87.3,-82.6,  2,  3, 0.00, 78, 5.9
2026-07-04 23:59:41,-97.1890,35.0642,  61.6,19668,-59.4,-87.3,-82.5,  2,  3, 0.00, 73, 5.8
2026-07-04 23:59:43,-97.1891,35.0641,  61.5,19679,-59.3,-87.2,-82.5,  2,  3, 0.00, 68, 5.8
2026-07-04 23:59:44,-97.1892,35.0641,  61.4,19691,-59.3,-87.2,-82.4,  2,  3, 0.00, 64, 5.8
2026-07-04 23:59:46,-97.1893,35.0640,  61.3,19697,-59.3,-87.2,-82.4,  2,  3, 0.00, 61, 5.9
2026-07-04 23:59:48,-97.1893,35.0640,  61.2,19709,-59.3,-87.2,-82.4,  2,  3, 0.00, 57, 6.0
2026-07-04 23:59:50,-97.1894,35.0639,  61.1,19720,-59.4,-87.2,-82.5,  2,  3, 0.00, 54, 6.2
2026-07-04 23:59:52,-97.1895,35.0638,  61.0,19730,-59.4,-87.2,-82.5,  2,  3, 0.00, 51, 6.3
2026-07-04 23:59:54,-97.1897,35.0637,  60.9,19741,-59.4,-87.3,-82.5,  2,  3, 0.00, 48, 6.6
2026-07-04 23:59:55,-97.1897,35.0636,  60.8,19753,-59.4,-87.2,-82.5,  2,  3, 0.00, 46, 6.8
2026-07-04 23:59:57,-97.1898,35.0635,  60.7,19759,-59.4,-87.2,-82.5,  2,  3, 0.00, 45, 6.9
2026-07-04 23:59:59,-97.1900,35.0634,  60.6,19771,-59.4,-87.2,-82.4,  2,  3, 0.00, 43, 7.1
2026-07-05 00:00:01,-97.1900,35.0633,  60.5,19782,-59.4,-87.1,-82.4,  2,  3, 0.00, 42, 7.4
2026-07-05 00:00:02,-97.1901,35.0633,  60.4,19794,-59.4,-87.2,-82.4,  2,  3, 0.00, 41, 7.6
2026-07-05 00:00:04,-97.1902,35.0632,  60.3,19800,-59.5,-87.2,-82.4,  2,  3, 0.00, 41, 7.7
2026-07-05 00:00:06,-97.1903,35.0631,  60.2,19812,-59.5,-87.1,-82.4,  2,  3, 0.00, 40, 8.0
2026-07-05 00:00:08,-97.1904,35.0630,  60.1,19824,-59.6,-87.1,-82.4,  2,  3, 0.00, 39, 8.3
2026-07-05 00:00:09,-97.1905,35.0629,  60.0,19836,-59.6,-87.1,-82.4,  2,  3, 0.00, 39, 8.6
2026-07-05 00:00:11,-97.1906,35.0628,  59.9,19842,-59.7,-87.2,-82.4,  2,  3, 0.00, 38, 8.7
2026-07-05 00:00:13,-97.1907,35.0627,  59.8,19853,-59.7,-87.2,-82.4,  2,  3, 0.00, 38, 9.1
2026-07-05 00:00:15,-97.1908,35.0626,  59.7,19865,-59.8,-87.2,-82.4,  2,  3, 0.00, 38, 9.4
2026-07-05 00:00:17,-97.1909,35.0624,  59.6,19877,-59.9,-87.2,-82.5,  2,  3, 0.00, 38, 9.8
2026-07-05 00:00:18,-97.1910,35.0623,  59.5,19888,-60.0,-87.3,-82.5,  2,  3, 0.00, 38,10.2
2026-07-05 00:00:20,-97.1911,35.0622,  59.4,19894,-60.1,-87.3,-82.5,  2,  3, 0.00, 39,10.4
2026-07-05 00:00:22,-97.1912,35.0620,  59.3,19906,-60.2,-87.4,-82.6,  2,  3, 0.00, 39,10.9
2026-07-05 00:00:23,-97.1913,35.0619,  59.2,19919,-60.2,-87.4,-82.7,  2,  3, 0.00, 39,11.3
2026-07-05 00:00:25,-97.1915,35.0618,  59.1,19925,-60.2,-87.5,-82.7,  2,  3, 0.00, 40,11.5
2026-07-05 00:00:27,-97.1917,35.0616,  59.0,19937,-60.3,-87.5,-82.8,  2,  3, 0.00, 40,12.0
2026-07-05 00:00:29,-97.1919,35.0614,  58.9,19949,-60.2,-87.6,-82.8,  2,  3, 0.00, 41,12.4
2026-07-05 00:00:30,-97.1920,35.0613,  58.8,19961,-60.2,-87.6,-82.8,  2,  3, 0.00, 42,12.8
2026-07-05 00:00:32,-97.1922,35.0611,  58.7,19967,-60.1,-87.6,-82.8,  2,  3, 0.00, 42,13.0
2026-07-05 00:00:34,-97.1924,35.0609,  58.6,19979,-59.9,-87.5,-82.7,  2,  3, 0.00, 43,13.3
2026-07-05 00:00:36,-97.1926,35.0608,  58.5,19991,-59.8,-87.5,-82.7,  2,  3, 0.00, 43,13.7
2026-07-05 00:00:38,-97.1928,35.0606,  58.4,20003,-59.7,-87.4,-82.7,  2,  3, 0.00, 44,13.9
2026-07-05 00:00:39,-97.1929,35.0605,  58.3,20015,-59.7,-87.4,-82.7,  2,  3, 0.00, 45,14.2
2026-07-05 00:00:41,-97.1932,35.0603,  58.2,20021,-59.7,-87.4,-82.7,  2,  3, 0.00, 45,14.3
2026-07-05 00:00:43,-97.1934,35.0601,  58.1,20032,-59.7,-87.4,-82.7,  2,  3, 0.00, 46,14.5
2026-07-05 00:00:45,-97.1937,35.0599,  58.0,20045,-59.7,-87.4,-82.7,  2,  3, 0.00, 46,14.6
2026-07-05 00:00:47,-97.1940,35.0597,  57.9,20057,-59.7,-87.4,-82.7,  2,  3, 0.00, 47,14.7
2026-07-05 00:00:48,-97.1941,35.0596,  57.8,20069,-59.7,-87.4,-82.7,  2,  3, 0.00, 47,14.7
2026-07-05 00:00:50,-97.1943,35.0594,  57.7,20075,-59.7,-87.4,-82.6,  2,  3, 0.00, 47,14.8
2026-07-05 00:00:52,-97.1945,35.0593,  57.6,20087,-59.8,-87.4,-82.6,  2,  3, 0.00, 47,14.8
2026-07-05 00:00:54,-97.1947,35.0591,  57.5,20098,-59.9,-87.4,-82.6,  2,  3, 0.00, 48,14.7
2026-07-05 00:00:56,-97.1950,35.0590,  57.4,20109,-59.9,-87.4,-82.6,  2,  3, 0.00, 48,14.7
2026-07-05 00:00:58,-97.1953,35.0588,  57.3,20121,-60.0,-87.4,-82.6,  2,  3, 0.00, 48,14.6
2026-07-05 00:01:00,-97.1955,35.0586,  57.2,20133,-60.1,-87.4,-82.6,  2,  3, 0.00, 49,14.4
2026-07-05 00:01:01,-97.1957,35.0585,  57.1,20144,-60.1,-87.4,-82.6,  2,  3, 0.00, 49,14.3
2026-07-05 00:01:03,-97.1959,35.0583,  57.0,20150,-60.2,-87.4,-82.6,  2,  3, 0.00, 49,14.2
2026-07-05 00:01:05,-97.1961,35.0581,  56.9,20163,-60.2,-87.4,-82.6,  2,  3, 0.00, 49,14.0
2026-07-05 00:01:07,-97.1963,35.0580,  56.8,20174,-60.3,-87.4,-82.7,  2,  3, 0.00, 49,13.8
2026-07-05 00:01:09,-97.1965,35.0578,  56.7,20185,-60.3,-87.4,-82.7,  2,  3, 0.00, 49,13.6
2026-07-05 00:01:11,-97.1967,35.0577,  56.6,20197,-60.4,-87.4,-82.7,  2,  3, 0.00, 49,13.3
2026-07-05 00:01:13,-97.1970,35.0575,  56.5,20209,-60.4,-87.4,-82.7,  2,  3, 0.00, 48,13.1
2026-07-05 00:01:15,-97.1972,35.0574,  56.4,20221,-60.4,-87.5,-82.7,  2,  3, 0.00, 48,12.8
2026-07-05 00:01:16,-97.1974,35.0573,  56.3,20233,-60.5,-87.5,-82.7,  2,  3, 0.00, 47,12.6
2026-07-05 00:01:18,-97.1975,35.0572,  56.2,20239,-60.5,-87.5,-82.7,  2,  3, 0.00, 47,12.5
2026-07-05 00:01:20,-97.1977,35.0570,  56.1,20251,-60.5,-87.5,-82.7,  2,  3, 0.00, 46,12.3
2026-07-05 00:01:22,-97.1978,35.0569,  56.0,20263,-60.5,-87.5,-82.7,  2,  3, 0.00, 45,12.0
2026-07-05 00:01:24,-97.1980,35.0567,  55.9,20275,-60.4,-87.4,-82.7,  2,  3, 0.00, 45,11.8
2026-07-05 00:01:26,-97.1982,35.0566,  55.8,20286,-60.4,-87.4,-82.6,  2,  3, 0.00, 44,11.6
2026-07-05 00:01:28,-97.1984,35.0564,  55.7,20298,-60.5,-87.4,-82.7,  2,  3, 0.00, 43,11.5
2026-07-05 00:01:30,-97.1985,35.0563,  55.6,20310,-60.6,-87.5,-82.7,  2,  3, 0.00, 42,11.3
2026-07-05 00:01:31,-97.1986,35.0562,  55.5,20322,-60.7,-87.5,-82.8,  2,  3, 0.00, 42,11.1
2026-07-05 00:01:33,-97.1988,35.0560,  55.4,20328,-60.8,-87.6,-82.8,  2,  3, 0.00, 41,11.1
2026-07-05 00:01:35,-97.1989,35.0558,  55.3,20340,-60.8,-87.6,-82.8,  2,  3, 0.00, 41,10.9
2026-07-05 00:01:37,-97.1990,35.0556,  55.2,20351,-60.9,-87.6,-82.9,  2,  4, 0.00, 41,10.8
2026-07-05 00:01:39,-97.1991,35.0555,  55.1,20362,-60.9,-87.7,-82.9,  2,  3, 0.00, 41,10.7
2026-07-05 00:01:41,-97.1992,35.0554,  55.0,20373,-60.9,-87.7,-82.9,  2,  3, 0.00, 42,10.6
2026-07-05 00:01:43,-97.1994,35.0553,  54.9,20384,-60.9,-87.7,-82.9,  2,  3, 0.00, 42,10.5
2026-07-05 00:01:45,-97.1996,35.0552,  54.8,20396,-60.9,-87.7,-82.9,  2,  3, 0.00, 43,10.4
2026-07-05 00:01:47,-97.1998,35.0550,  54.7,20408,-60.8,-87.7,-82.9,  2,  3, 0.00, 45,10.3
2026-07-05 00:01:49,-97.1999,35.0549,  54.6,20420,-60.8,-87.7,-82.9,  2,  3, 0.00, 46,10.3
2026-07-05 00:01:51,-97.2001,35.0548,  54.5,20432,-60.8,-87.7,-82.9,  2,  3, 0.00, 48,10.2
2026-07-05 00:01:53,-97.2002,35.0546,  54.4,20443,-60.8,-87.7,-82.9,  2,  3, 0.00, 49,10.1
2026-07-05 00:01:55,-97.2004,35.0545,  54.3,20455,-60.8,-87.7,-82.9,  2,  3, 0.00, 51,10.1
2026-07-05 00:01:57,-97.2006,35.0544,  54.2,20467,-60.9,-87.7,-83.0,  2,  3, 0.00, 53,10.1
2026-07-05 00:01:59,-97.2008,35.0543,  54.1,20478,-60.9,-87.7,-83.0,  2,  3, 0.00, 55,10.0
2026-07-05 00:02:01,-97.2010,35.0542,  54.0,20489,-60.9,-87.7,-83.0,  2,  3, 0.00, 56,10.0
2026-07-05 00:02:03,-97.2011,35.0541,  53.9,20500,-60.9,-87.8,-83.0,  2,  3, 0.00, 58, 9.9
2026-07-05 00:02:06,-97.2015,35.0541,  53.8,20511,-60.9,-87.8,-83.0,  2,  3, 0.00, 60, 9.9
2026-07-05 00:02:08,-97.2017,35.0540,  53.7,20526,-61.0,-87.8,-83.1,  2,  3, 0.00, 63, 9.8
2026-07-05 00:02:10,-97.2019,35.0539,  53.6,20538,-61.0,-87.9,-83.1,  2,  3, 0.00, 65, 9.7
2026-07-05 00:02:12,-97.2021,35.0538,  53.5,20549,-61.0,-87.9,-83.1,  2,  3, 0.00, 67, 9.7
2026-07-05 00:02:14,-97.2023,35.0537,  53.4,20561,-60.9,-87.8,-83.1,  2,  3, 0.00, 69, 9.6
2026-07-05 00:02:16,-97.2024,35.0537,  53.3,20572,-60.8,-87.8,-83.1,  2,  3, 0.00, 71, 9.5
2026-07-05 00:02:18,-97.2026,35.0536,  53.2,20583,-60.8,-87.8,-83.0,  2,  3, 0.00, 74, 9.5
2026-07-05 00:02:20,-97.2028,35.0536,  53.1,20594,-60.7,-87.8,-83.0,  2,  3, 0.00, 76, 9.4
2026-07-05 00:02:22,-97.2030,35.0536,  53.0,20606,-60.7,-87.8,-83.0,  2,  3, 0.00, 79, 9.4
2026-07-05 00:02:24,-97.2032,35.0536,  52.9,20617,-60.7,-87.8,-83.1,  2,  3, 0.00, 82, 9.4
2026-07-05 00:02:26,-97.2034,35.0536,  52.8,20629,-60.6,-87.9,-83.1,  2,  3, 0.00, 84, 9.4
2026-07-05 00:02:28,-97.2036,35.0535,  52.7,20640,-60.6,-87.9,-83.1,  2,  3, 0.00, 87, 9.5
2026-07-05 00:02:30,-97.2039,35.0535,  52.6,20651,-60.6,-87.9,-83.2,  2,  3, 0.00, 90, 9.5
2026-07-05 00:02:33,-97.2042,35.0536,  52.5,20662,-60.6,-87.9,-83.2,  2,  3, 0.00, 92, 9.6
2026-07-05 00:02:35,-97.2044,35.0536,  52.4,20678,-60.6,-87.9,-83.2,  2,  3, 0.00, 95, 9.7
2026-07-05 00:02:37,-97.2046,35.0537,  52.3,20689,-60.5,-87.9,-83.1,  2,  3, 0.00, 97, 9.8
2026-07-05 00:02:39,-97.2048,35.0537,  52.2,20700,-60.4,-87.8,-83.1,  2,  3, 0.00, 99, 9.9
2026-07-05 00:02:41,-97.2051,35.0538,  52.1,20711,-60.3,-87.8,-83.0,  2,  3, 0.00,100,10.0
2026-07-05 00:02:43,-97.2053,35.0538,  52.0,20722,-60.2,-87.7,-82.9,  2,  3, 0.00,102,10.1
2026-07-05 00:02:45,-97.2055,35.0538,  51.9,20734,-60.1,-87.6,-82.9,  2,  3, 0.00,103,10.1
2026-07-05 00:02:48,-97.2058,35.0539,  51.8,20745,-60.0,-87.6,-82.9,  2,  3, 0.00,104,10.2
2026-07-05 00:02:50,-97.2060,35.0539,  51.7,20762,-60.1,-87.7,-83.0,  2,  3, 0.00,105,10.3
2026-07-05 00:02:52,-97.2062,35.0540,  51.6,20773,-60.2,-87.8,-83.1,  2,  3, 0.00,106,10.3
2026-07-05 00:02:54,-97.2064,35.0540,  51.5,20784,-60.2,-87.9,-83.1,  2,  3, 0.00,107,10.4
2026-07-05 00:02:56,-97.2067,35.0541,  51.4,20795,-60.2,-87.9,-83.1,  2,  3, 0.00,107,10.4
2026-07-05 00:02:59,-97.2070,35.0542,  51.3,20806,-60.2,-87.9,-83.2,  2,  3, 0.00,107,10.4
2026-07-05 00:03:01,-97.2073,35.0543,  51.2,20822,-60.0,-87.8,-83.1,  2,  3, 0.00,108,10.3
2026-07-05 00:03:03,-97.2075,35.0544,  51.1,20833,-59.8,-87.7,-83.0,  2,  3, 0.00,108,10.3
2026-07-05 00:03:05,-97.2077,35.0544,  51.0,20844,-59.7,-87.6,-82.9,  2,  3, 0.00,108,10.2
2026-07-05 00:03:08,-97.2080,35.0545,  50.9,20855,-59.6,-87.6,-82.8,  2,  3, 0.00,108,10.1
2026-07-05 00:03:10,-97.2082,35.0545,  50.8,20871,-59.6,-87.6,-82.8,  2,  3, 0.00,108, 9.9
2026-07-05 00:03:12,-97.2084,35.0546,  50.7,20882,-59.6,-87.5,-82.8,  2,  3, 0.00,108, 9.7
2026-07-05 00:03:14,-97.2086,35.0546,  50.6,20892,-59.6,-87.5,-82.7,  2,  3, 0.00,107, 9.5
2026-07-05 00:03:17,-97.2089,35.0547,  50.5,20904,-59.6,-87.5,-82.7,  2,  3, 0.00,107, 9.3
2026-07-05 00:03:19,-97.2091,35.0548,  50.4,20921,-59.7,-87.4,-82.7,  2,  3, 0.00,107, 9.0
2026-07-05 00:03:21,-97.2093,35.0548,  50.3,20933,-59.8,-87.4,-82.7,  2,  3, 0.00,106, 8.8
2026-07-05 00:03:23,-97.2095,35.0549,  50.2,20945,-59.9,-87.4,-82.7,  2,  3, 0.00,106, 8.5
2026-07-05 00:03:26,-97.2097,35.0548,  50.1,20956,-59.9,-87.4,-82.7,  2,  3, 0.00,106, 8.3
2026-07-05 00:03:28,-97.2099,35.0549,  50.0,20972,-60.0,-87.5,-82.7,  2,  3, 0.00,106, 7.8
2026-07-05 00:03:30,-97.2100,35.0549,  49.9,20981,-60.1,-87.5,-82.7,  2,  3, 0.00,106, 7.7
2026-07-05 00:03:32,-97.2102,35.0550,  49.8,20992,-60.1,-87.5,-82.7,  2,  3, 0.00,107, 7.5
2026-07-05 00:03:34,-97.2104,35.0550,  49.7,21004,-60.2,-87.5,-82.7,  2,  3, 0.00,107, 7.2
2026-07-05 00:03:36,-97.2105,35.0551,  49.6,21016,-60.2,-87.5,-82.8,  2,  3, 0.00,108, 7.0
2026-07-05 00:03:39,-97.2107,35.0551,  49.5,21028,-60.3,-87.6,-82.8,  2,  3, 0.00,108, 6.8
2026-07-05 00:03:41,-97.2108,35.0551,  49.4,21045,-60.3,-87.6,-82.9,  2,  3, 0.00,109, 6.5
2026-07-05 00:03:43,-97.2108,35.0552,  49.3,21056,-60.4,-87.7,-82.9,  2,  3, 0.00,110, 6.3
2026-07-05 00:03:45,-97.2110,35.0553,  49.2,21067,-60.3,-87.7,-82.9,  2,  3, 0.00,110, 6.0
2026-07-05 00:03:48,-97.2112,35.0553,  49.1,21079,-60.3,-87.6,-82.9,  2,  3, 0.00,111, 5.8
2026-07-05 00:03:50,-97.2114,35.0554,  49.0,21096,-60.2,-87.6,-82.8,  2,  3, 0.00,111, 5.5
2026-07-05 00:03:52,-97.2115,35.0554,  48.9,21108,-60.2,-87.6,-82.8,  2,  3, 0.00,111, 5.2
2026-07-05 00:03:54,-97.2116,35.0554,  48.8,21119,-60.2,-87.6,-82.8,  2,  3, 0.00,111, 4.9
2026-07-05 00:03:56,-97.2117,35.0554,  48.7,21131,-60.3,-87.6,-82.9,  2,  3, 0.00,111, 4.6
2026-07-05 00:03:59,-97.2118,35.0555,  48.6,21143,-60.4,-87.7,-82.9,  2,  3, 0.00,110, 4.3
2026-07-05 00:04:01,-97.2118,35.0555,  48.5,21161,-60.5,-87.7,-83.0,  2,  3, 0.00,109, 3.9
2026-07-05 00:04:03,-97.2119,35.0555,  48.4,21173,-60.5,-87.7,-83.0,  2,  3, 0.00,108, 3.6
2026-07-05 00:04:05,-97.2119,35.0556,  48.3,21185,-60.5,-87.7,-83.0,  2,  3, 0.00,107, 3.3
2026-07-05 00:04:07,-97.2120,35.0556,  48.2,21197,-60.5,-87.7,-83.0,  2,  3, 0.00,106, 3.0
2026-07-05 00:04:09,-97.2121,35.0556,  48.1,21208,-60.5,-87.7,-83.0,  2,  3, 0.00,103, 2.7
2026-07-05 00:04:12,-97.2121,35.0556,  48.0,21221,-60.6,-87.8,-83.0,  2,  3, 0.00,101, 2.4
2026-07-05 00:04:14,-97.2121,35.0556,  47.9,21238,-60.6,-87.8,-83.0,  2,  3, 0.00, 95, 2.1
2026-07-05 00:04:16,-97.2122,35.0556,  47.8,21249,-60.7,-87.8,-83.0,  2,  3, 0.00, 90, 1.9
2026-07-05 00:04:19,-97.2122,35.0556,  47.7,21260,-60.7,-87.8,-83.1,  2,  3, 0.00, 85, 1.8
2026-07-05 00:04:21,-97.2122,35.0556,  47.6,21277,-60.6,-87.8,-83.0,  2,  3, 0.00, 77, 1.7
2026-07-05 00:04:23,-97.2123,35.0556,  47.5,21288,-60.6,-87.7,-83.0,  2,  3, 0.00, 72, 1.6
2026-07-05 00:04:26,-97.2124,35.0555,  47.4,21300,-60.6,-87.8,-83.0,  2,  3, 0.00, 68, 1.6
2026-07-05 00:04:28,-97.2124,35.0555,  47.3,21316,-60.6,-87.8,-83.1,  2,  3, 0.00, 63, 1.6
2026-07-05 00:04:30,-97.2124,35.0555,  47.2,21326,-60.7,-87.9,-83.1,  2,  3, 0.00, 60, 1.6
2026-07-05 00:04:33,-97.2124,35.0554,  47.1,21337,-60.8,-87.9,-83.2,  2,  3, 0.00, 59, 1.6
2026-07-05 00:04:36,-97.2124,35.0554,  47.0,21353,-60.8,-88.0,-83.2,  2,  3, 0.00, 58, 1.7
2026-07-05 00:04:38,-97.2125,35.0554,  46.9,21368,-60.9,-88.1,-83.3,  2,  3, 0.00, 58, 1.7
2026-07-05 00:04:41,-97.2126,35.0554,  46.8,21378,-60.9,-88.1,-83.3,  2,  3, 0.00, 58, 1.8
2026-07-05 00:04:43,-97.2126,35.0554,  46.7,21394,-60.8,-88.1,-83.4,  2,  3, 0.00, 57, 1.9
2026-07-05 00:04:46,-97.2126,35.0554,  46.6,21405,-60.7,-88.1,-83.3,  2,  3, 0.00, 56, 2.0
2026-07-05 00:04:48,-97.2127,35.0554,  46.5,21422,-60.6,-88.0,-83.3,  2,  3, 0.00, 54, 2.1
2026-07-05 00:04:51,-97.2127,35.0553,  46.4,21433,-60.5,-88.0,-83.3,  2,  3, 0.00, 52, 2.3
2026-07-05 00:04:53,-97.2128,35.0553,  46.3,21449,-60.4,-88.0,-83.3,  2,  3, 0.00, 49, 2.6
2026-07-05 00:04:56,-97.2128,35.0552,  46.2,21460,-60.3,-88.0,-83.3,  2,  3, 0.00, 47, 2.8
2026-07-05 00:04:58,-97.2128,35.0552,  46.1,21475,-60.3,-88.1,-83.3,  2,  3, 0.00, 44, 3.2
2026-07-05 00:05:01,-97.2129,35.0551,  46.0,21486,-60.3,-88.1,-83.3,  2,  3, 0.00, 43, 3.5
2026-07-05 00:05:04,-97.2131,35.0550,  45.9,21501,-60.3,-88.1,-83.4,  2,  3, 0.00, 41, 3.9
2026-07-05 00:05:06,-97.2132,35.0550,  45.8,21516,-60.1,-88.1,-83.3,  2,  3, 0.00, 40, 4.3
2026-07-05 00:05:09,-97.2132,35.0549,  45.7,21526,-60.0,-88.0,-83.3,  2,  3, 0.00, 40, 4.6
2026-07-05 00:05:11,-97.2133,35.0548,  45.6,21542,-59.9,-88.0,-83.2,  2,  3, 0.00, 40, 4.8
2026-07-05 00:05:14,-97.2134,35.0546,  45.5,21552,-59.8,-87.9,-83.2,  2,  3, 0.00, 39, 5.0
2026-07-05 00:05:17,-97.2135,35.0545,  45.4,21568,-59.7,-87.9,-83.2,  2,  3, 0.00, 39, 5.0
2026-07-05 00:05:19,-97.2137,35.0544,  45.3,21584,-59.7,-87.9,-83.2,  2,  3, 0.00, 39, 5.0
2026-07-05 00:05:22,-97.2138,35.0543,  45.2,21594,-59.6,-87.9,-83.2,  2,  3, 0.00, 39, 4.9
2026-07-05 00:05:25,-97.2139,35.0543,  45.1,21609,-59.4,-87.8,-83.1,  2,  3, 0.00, 38, 4.7
2026-07-05 00:05:27,-97.2139,35.0542,  45.0,21625,-59.2,-87.7,-82.9,  2,  3, 0.00, 37, 4.5
2026-07-05 00:05:30,-97.2140,35.0541,  44.9,21636,-59.2,-87.7,-82.9,  2,  3, 0.00, 35, 4.3
2026-07-05 00:05:33,-97.2141,35.0540,  44.8,21652,-59.2,-87.7,-82.9,  2,  3, 0.00, 32, 4.0
2026-07-05 00:05:36,-97.2141,35.0539,  44.7,21666,-59.2,-87.7,-82.9,  2,  3, 0.00, 27, 3.8
2026-07-05 00:05:39,-97.2141,35.0538,  44.6,21681,-59.1,-87.7,-82.9,  2,  3, 0.00, 21, 3.7
2026-07-05 00:05:41,-97.2142,35.0538,  44.5,21696,-58.8,-87.5,-82.7,  2,  3, 0.00, 15, 3.8
2026-07-05 00:05:44,-97.2142,35.0537,  44.4,21706,-58.7,-87.4,-82.6,  2,  3, 0.00, 11, 3.9
2026-07-05 00:05:47,-97.2142,35.0536,  44.3,21723,-58.5,-87.3,-82.6,  2,  3, 0.00,  7, 4.2
2026-07-05 00:05:49,-97.2142,35.0535,  44.2,21739,-58.5,-87.3,-82.6,  2,  3, 0.00,  4, 4.5
2026-07-05 00:05:52,-97.2141,35.0534,  44.1,21749,-58.5,-87.3,-82.6,  2,  3, 0.00,  3, 4.8
2026-07-05 00:05:55,-97.2141,35.0532,  44.0,21764,-58.4,-87.3,-82.5,  2,  3, 0.01,  2, 5.2
2026-07-05 00:05:57,-97.2141,35.0531,  43.9,21780,-58.3,-87.2,-82.5,  2,  3, 0.01,  3, 5.6
2026-07-05 00:06:00,-97.2141,35.0529,  43.8,21792,-58.3,-87.2,-82.5,  2,  3, 0.01,  4, 5.9
2026-07-05 00:06:03,-97.2141,35.0527,  43.7,21808,-58.3,-87.2,-82.5,  1,  3, 0.01,  7, 6.2
2026-07-05 00:06:06,-97.2142,35.0526,  43.6,21822,-58.2,-87.2,-82.5,  1,  3, 0.01,  9, 6.5
2026-07-05 00:06:08,-97.2142,35.0524,  43.5,21837,-58.1,-87.2,-82.4,  1,  3, 0.01, 13, 6.8
2026-07-05 00:06:11,-97.2143,35.0522,  43.4,21848,-58.0,-87.2,-82.4,  1,  3, 0.01, 15, 7.0
2026-07-05 00:06:14,-97.2144,35.0520,  43.3,21865,-57.9,-87.1,-82.3,  1,  3, 0.01, 18, 7.2
2026-07-05 00:06:16,-97.2144,35.0519,  43.2,21882,-57.8,-87.1,-82.4,  1,  3, 0.01, 21, 7.5
2026-07-05 00:06:19,-97.2145,35.0518,  43.1,21893,-57.8,-87.2,-82.4,  1,  3, 0.01, 23, 7.6
2026-07-05 00:06:22,-97.2147,35.0516,  43.0,21909,-57.6,-87.1,-82.3,  1,  2, 0.01, 26, 7.9
2026-07-05 00:06:25,-97.2149,35.0513,  42.9,21924,-57.2,-86.9,-82.2,  1,  2, 0.01, 28, 8.1
2026-07-05 00:06:27,-97.2150,35.0512,  42.8,21940,-56.9,-86.7,-82.0,  1,  2, 0.01, 30, 8.3
2026-07-05 00:06:30,-97.2151,35.0510,  42.7,21951,-56.8,-86.7,-81.9,  1,  2, 0.01, 31, 8.5
2026-07-05 00:06:33,-97.2152,35.0509,  42.6,21967,-56.7,-86.6,-81.9,  1,  2, 0.01, 33, 8.7
2026-07-05 00:06:36,-97.2154,35.0507,  42.5,21983,-56.7,-86.6,-81.8,  1,  2, 0.01, 34, 9.0
2026-07-05 00:06:38,-97.2155,35.0505,  42.4,22000,-56.7,-86.5,-81.8,  1,  2, 0.01, 36, 9.3
2026-07-05 00:06:41,-97.2157,35.0503,  42.3,22012,-56.7,-86.5,-81.7,  1,  2, 0.01, 36, 9.5
2026-07-05 00:06:44,-97.2159,35.0501,  42.2,22029,-56.7,-86.4,-81.7,  1,  2, 0.01, 38, 9.8
2026-07-05 00:06:46,-97.2161,35.0500,  42.1,22046,-56.8,-86.4,-81.7,  1,  3, 0.01, 39,10.1
2026-07-05 00:06:49,-97.2162,35.0498,  42.0,22057,-56.9,-86.4,-81.7,  1,  3, 0.01, 40,10.4
2026-07-05 00:06:52,-97.2165,35.0495,  41.9,22074,-57.0,-86.5,-81.7,  1,  3, 0.01, 41,10.7
2026-07-05 00:06:54,-97.2167,35.0494,  41.8,22091,-57.1,-86.5,-81.7,  1,  3, 0.01, 43,11.0
2026-07-05 00:06:57,-97.2170,35.0491,  41.7,22101,-57.2,-86.5,-81.7,  1,  3, 0.01, 43,11.2
2026-07-05 00:06:59,-97.2172,35.0490,  41.6,22119,-57.1,-86.5,-81.7,  1,  3, 0.01, 45,11.4
2026-07-05 00:07:02,-97.2174,35.0488,  41.5,22131,-57.1,-86.4,-81.6,  1,  3, 0.01, 46,11.6
2026-07-05 00:07:05,-97.2177,35.0485,  41.4,22148,-57.0,-86.4,-81.6,  1,  3, 0.01, 48,11.7
2026-07-05 00:07:08,-97.2180,35.0483,  41.3,22164,-57.0,-86.3,-81.6,  1,  3, 0.01, 50,11.7
2026-07-05 00:07:10,-97.2182,35.0482,  41.2,22181,-56.9,-86.3,-81.5,  1,  3, 0.01, 52,11.7
2026-07-05 00:07:13,-97.2186,35.0480,  41.1,22193,-56.9,-86.3,-81.5,  1,  3, 0.01, 53,11.7
2026-07-05 00:07:16,-97.2189,35.0478,  41.0,22210,-56.9,-86.3,-81.6,  1,  3, 0.01, 56,11.6
2026-07-05 00:07:18,-97.2191,35.0477,  40.9,22227,-57.0,-86.4,-81.7,  1,  3, 0.01, 58,11.5
2026-07-05 00:07:21,-97.2194,35.0476,  40.8,22238,-57.0,-86.5,-81.7,  1,  3, 0.01, 60,11.4
2026-07-05 00:07:24,-97.2198,35.0474,  40.7,22256,-57.0,-86.5,-81.7,  1,  3, 0.01, 63,11.3
2026-07-05 00:07:27,-97.2201,35.0473,  40.6,22274,-56.8,-86.4,-81.6,  1,  3, 0.01, 65,11.1
2026-07-05 00:07:29,-97.2204,35.0473,  40.5,22290,-56.7,-86.4,-81.6,  1,  2, 0.01, 68,10.9
2026-07-05 00:07:32,-97.2207,35.0472,  40.4,22302,-56.7,-86.3,-81.6,  1,  2, 0.01, 69,10.8
2026-07-05 00:07:34,-97.2209,35.0471,  40.3,22320,-56.6,-86.3,-81.5,  1,  2, 0.01, 71,10.6
2026-07-05 00:07:37,-97.2212,35.0471,  40.2,22333,-56.5,-86.2,-81.5,  1,  2, 0.01, 72,10.5
2026-07-05 00:07:40,-97.2216,35.0470,  40.1,22351,-56.5,-86.2,-81.5,  1,  2, 0.01, 73,10.4
2026-07-05 00:07:42,-97.2218,35.0470,  40.0,22369,-56.6,-86.3,-81.5,  1,  2, 0.01, 73,10.4
2026-07-05 00:07:45,-97.2220,35.0469,  39.9,22380,-56.6,-86.3,-81.5,  1,  2, 0.01, 74,10.4
2026-07-05 00:07:48,-97.2223,35.0468,  39.8,22397,-56.6,-86.3,-81.5,  1,  2, 0.01, 74,10.4
2026-07-05 00:07:50,-97.2225,35.0467,  39.7,22416,-56.7,-86.3,-81.6,  1,  2, 0.01, 74,10.5
2026-07-05 00:07:53,-97.2229,35.0466,  39.6,22428,-56.7,-86.4,-81.6,  1,  2, 0.01, 74,10.6
2026-07-05 00:07:56,-97.2233,35.0466,  39.5,22446,-56.6,-86.4,-81.6,  1,  2, 0.01, 74,10.7
2026-07-05 00:07:58,-97.2236,35.0465,  39.4,22464,-56.6,-86.4,-81.6,  1,  2, 0.01, 75,10.7
2026-07-05 00:08:01,-97.2239,35.0464,  39.3,22476,-56.6,-86.4,-81.7,  1,  2, 0.01, 75,10.7
2026-07-05 00:08:03,-97.2242,35.0463,  39.2,22496,-56.5,-86.5,-81.7,  1,  2, 0.01, 76,10.6
2026-07-05 00:08:06,-97.2245,35.0462,  39.1,22508,-56.4,-86.4,-81.6,  1,  2, 0.01, 76,10.4
2026-07-05 00:08:09,-97.2248,35.0462,  39.0,22525,-56.1,-86.2,-81.5,  1,  2, 0.01, 77,10.2
2026-07-05 00:08:12,-97.2251,35.0462,  38.9,22542,-55.8,-86.1,-81.3,  1,  2, 0.01, 78, 9.8
2026-07-05 00:08:14,-97.2254,35.0462,  38.8,22563,-55.8,-86.0,-81.3,  1,  2, 0.01, 79, 9.4
2026-07-05 00:08:17,-97.2257,35.0461,  38.7,22575,-55.8,-86.0,-81.3,  1,  2, 0.01, 79, 9.1
2026-07-05 00:08:20,-97.2259,35.0460,  38.6,22593,-55.9,-86.0,-81.2,  1,  2, 0.01, 80, 8.6
2026-07-05 00:08:22,-97.2260,35.0460,  38.5,22611,-56.0,-86.0,-81.2,  1,  2, 0.01, 80, 8.1
2026-07-05 00:08:25,-97.2263,35.0460,  38.4,22624,-56.0,-85.9,-81.2,  1,  2, 0.01, 80, 7.8
2026-07-05 00:08:28,-97.2265,35.0460,  38.3,22642,-56.1,-85.9,-81.1,  1,  2, 0.01, 80, 7.5
2026-07-05 00:08:30,-97.2267,35.0460,  38.2,22660,-56.3,-85.9,-81.2,  1,  3, 0.01, 80, 7.1
2026-07-05 00:08:33,-97.2269,35.0459,  38.1,22673,-56.4,-85.9,-81.2,  1,  3, 0.01, 79, 7.0
2026-07-05 00:08:36,-97.2271,35.0459,  38.0,22692,-56.6,-86.0,-81.2,  1,  3, 0.01, 78, 6.8
2026-07-05 00:08:38,-97.2272,35.0459,  37.9,22711,-56.7,-86.1,-81.3,  2,  3, 0.01, 76, 6.8
2026-07-05 00:08:41,-97.2274,35.0459,  37.8,22723,-56.8,-86.2,-81.4,  2,  3, 0.01, 74, 6.9
2026-07-05 00:08:44,-97.2275,35.0459,  37.7,22740,-57.0,-86.3,-81.5,  1,  3, 0.01, 72, 7.1
2026-07-05 00:08:47,-97.2277,35.0457,  37.6,22758,-57.0,-86.4,-81.6,  1,  3, 0.01, 69, 7.5
2026-07-05 00:08:50,-97.2280,35.0456,  37.5,22777,-56.8,-86.4,-81.6,  1,  3, 0.01, 67, 8.0
2026-07-05 00:08:53,-97.2283,35.0455,  37.4,22794,-56.5,-86.3,-81.6,  1,  2, 0.01, 65, 8.6
2026-07-05 00:08:56,-97.2286,35.0454,  37.3,22811,-56.3,-86.3,-81.5,  1,  2, 0.01, 64, 9.3
2026-07-05 00:08:59,-97.2289,35.0452,  37.2,22827,-56.0,-86.3,-81.5,  1,  2, 0.01, 63, 9.9
2026-07-05 00:09:02,-97.2292,35.0451,  37.1,22844,-55.8,-86.3,-81.5,  1,  2, 0.01, 63,10.4
2026-07-05 00:09:05,-97.2295,35.0449,  37.0,22861,-55.6,-86.3,-81.5,  1,  2, 0.01, 64,10.9
2026-07-05 00:09:08,-97.2299,35.0448,  36.9,22879,-55.5,-86.3,-81.5,  1,  2, 0.01, 64,11.2
2026-07-05 00:09:10,-97.2302,35.0447,  36.8,22898,-55.3,-86.2,-81.5,  1,  2, 0.01, 66,11.4
2026-07-05 00:09:13,-97.2306,35.0445,  36.7,22910,-55.2,-86.2,-81.5,  1,  2, 0.01, 66,11.4
2026-07-05 00:09:16,-97.2309,35.0444,  36.6,22929,-54.9,-86.1,-81.3,  1,  2, 0.01, 68,11.4
2026-07-05 00:09:19,-97.2312,35.0444,  36.5,22947,-54.6,-86.0,-81.2,  1,  2, 0.01, 70,11.3
2026-07-05 00:09:22,-97.2315,35.0443,  36.4,22964,-54.4,-85.8,-81.0,  1,  2, 0.01, 71,11.2
2026-07-05 00:09:25,-97.2319,35.0442,  36.3,22981,-54.3,-85.7,-80.9,  1,  2, 0.01, 73,10.9
2026-07-05 00:09:28,-97.2323,35.0441,  36.2,23000,-54.2,-85.6,-80.9,  1,  2, 0.01, 75,10.7
2026-07-05 00:09:31,-97.2326,35.0441,  36.1,23018,-54.3,-85.6,-80.9,  1,  2, 0.01, 77,10.4
2026-07-05 00:09:34,-97.2329,35.0441,  36.0,23035,-54.3,-85.6,-80.8,  1,  2, 0.01, 78,10.2
2026-07-05 00:09:37,-97.2332,35.0441,  35.9,23053,-54.2,-85.5,-80.7,  1,  2, 0.01, 80, 9.9
2026-07-05 00:09:40,-97.2335,35.0440,  35.8,23070,-54.2,-85.4,-80.6,  1,  2, 0.01, 81, 9.7
2026-07-05 00:09:43,-97.2338,35.0439,  35.7,23088,-54.1,-85.3,-80.6,  1,  2, 0.01, 82, 9.4
2026-07-05 00:09:47,-97.2343,35.0439,  35.6,23105,-54.1,-85.3,-80.5,  1,  2, 0.01, 83, 9.2
2026-07-05 00:09:50,-97.2345,35.0439,  35.5,23128,-54.0,-85.2,-80.5,  1,  2, 0.01, 83, 8.9
2026-07-05 00:09:52,-97.2347,35.0439,  35.4,23146,-54.0,-85.2,-80.5,  1,  2, 0.01, 83, 8.8
2026-07-05 00:09:56,-97.2350,35.0439,  35.3,23158,-54.0,-85.3,-80.5,  1,  2, 0.01, 83, 8.6
2026-07-05 00:09:59,-97.2353,35.0438,  35.2,23182,-54.0,-85.3,-80.5,  1,  2, 0.01, 83, 8.5
2026-07-05 00:10:02,-97.2356,35.0438,  35.1,23200,-53.9,-85.2,-80.5,  1,  2, 0.01, 82, 8.5
2026-07-05 00:10:05,-97.2359,35.0438,  35.0,23218,-53.8,-85.2,-80.4,  1,  2, 0.01, 82, 8.5
2026-07-05 00:10:08,-97.2361,35.0438,  34.9,23238,-53.6,-85.1,-80.3,  1,  2, 0.01, 81, 8.6
2026-07-05 00:10:11,-97.2364,35.0437,  34.8,23255,-53.5,-85.0,-80.3,  1,  2, 0.01, 79, 8.8
2026-07-05 00:10:14,-97.2367,35.0437,  34.7,23273,-53.4,-84.9,-80.2,  1,  2, 0.01, 78, 9.0
2026-07-05 00:10:17,-97.2370,35.0436,  34.6,23292,-53.4,-84.9,-80.2,  1,  2, 0.01, 77, 9.2
2026-07-05 00:10:20,-97.2373,35.0435,  34.5,23310,-53.5,-84.9,-80.2,  1,  2, 0.01, 76, 9.5
2026-07-05 00:10:23,-97.2377,35.0434,  34.4,23328,-53.5,-84.9,-80.2,  1,  2, 0.01, 75, 9.8
2026-07-05 00:10:26,-97.2380,35.0434,  34.3,23345,-53.6,-84.9,-80.1,  1,  2, 0.01, 74,10.0
2026-07-05 00:10:29,-97.2383,35.0433,  34.2,23363,-53.6,-84.9,-80.1,  1,  2, 0.01, 73,10.3
2026-07-05 00:10:32,-97.2386,35.0432,  34.1,23382,-53.6,-84.9,-80.1,  1,  2, 0.01, 71,10.5
2026-07-05 00:10:35,-97.2389,35.0431,  34.0,23402,-53.7,-84.9,-80.1,  1,  2, 0.01, 70,10.8
2026-07-05 00:10:38,-97.2393,35.0430,  33.9,23420,-53.7,-84.9,-80.1,  1,  2, 0.01, 68,11.1
2026-07-05 00:10:42,-97.2398,35.0429,  33.8,23437,-53.7,-84.9,-80.1,  1,  2, 0.01, 67,11.4
2026-07-05 00:10:45,-97.2401,35.0427,  33.7,23460,-53.8,-84.9,-80.1,  1,  2, 0.01, 65,11.8
2026-07-05 00:10:48,-97.2404,35.0425,  33.6,23478,-53.8,-84.9,-80.1,  1,  2, 0.01, 64,12.2
2026-07-05 00:10:51,-97.2408,35.0423,  33.5,23498,-53.8,-84.9,-80.2,  1,  2, 0.01, 64,12.5
2026-07-05 00:10:54,-97.2412,35.0421,  33.4,23517,-53.8,-84.9,-80.2,  1,  2, 0.01, 64,12.7
2026-07-05 00:10:57,-97.2417,35.0419,  33.3,23534,-53.9,-85.0,-80.2,  1,  2, 0.01, 65,12.9
2026-07-05 00:11:01,-97.2422,35.0417,  33.2,23552,-53.9,-85.0,-80.2,  1,  2, 0.01, 66,13.1
2026-07-05 00:11:04,-97.2425,35.0416,  33.1,23577,-53.9,-85.0,-80.3,  1,  2, 0.01, 68,13.2
2026-07-05 00:11:07,-97.2429,35.0415,  33.0,23596,-53.8,-85.0,-80.2,  1,  2, 0.01, 71,13.3
2026-07-05 00:11:10,-97.2434,35.0415,  32.9,23615,-53.6,-84.9,-80.1,  1,  2, 0.01, 73,13.4
2026-07-05 00:11:13,-97.2438,35.0414,  32.8,23634,-53.6,-84.8,-80.1,  1,  2, 0.01, 75,13.5
2026-07-05 00:11:16,-97.2443,35.0413,  32.7,23653,-53.5,-84.8,-80.0,  1,  2, 0.01, 77,13.6
2026-07-05 00:11:19,-97.2447,35.0412,  32.6,23672,-53.6,-84.8,-80.0,  1,  2, 0.01, 79,13.7
2026-07-05 00:11:22,-97.2451,35.0412,  32.5,23691,-53.7,-84.8,-80.0,  1,  2, 0.01, 80,13.9
2026-07-05 00:11:25,-97.2456,35.0412,  32.4,23711,-53.8,-84.8,-80.1,  1,  2, 0.01, 82,14.0
2026-07-05 00:11:28,-97.2461,35.0411,  32.3,23731,-53.9,-84.9,-80.1,  1,  2, 0.01, 83,14.2
2026-07-05 00:11:31,-97.2466,35.0411,  32.2,23751,-54.1,-84.9,-80.1,  1,  2, 0.01, 85,14.4
2026-07-05 00:11:34,-97.2471,35.0410,  32.1,23771,-54.2,-84.9,-80.2,  1,  2, 0.01, 86,14.5
2026-07-05 00:11:37,-97.2475,35.0410,  32.0,23792,-54.3,-85.0,-80.2,  1,  2, 0.01, 87,14.7
2026-07-05 00:11:40,-97.2480,35.0410,  31.9,23811,-54.5,-85.1,-80.3,  1,  2, 0.01, 88,15.0
2026-07-05 00:11:43,-97.2485,35.0410,  31.8,23832,-54.6,-85.1,-80.4,  1,  2, 0.01, 89,15.2
2026-07-05 00:11:46,-97.2490,35.0411,  31.7,23853,-54.7,-85.2,-80.5,  1,  2, 0.01, 90,15.5
2026-07-05 00:11:49,-97.2496,35.0411,  31.6,23873,-54.6,-85.2,-80.4,  1,  2, 0.01, 91,15.7
2026-07-05 00:11:51,-97.2499,35.0411,  31.5,23894,-54.4,-85.1,-80.3,  1,  2, 0.01, 92,16.0
2026-07-05 00:11:54,-97.2505,35.0411,  31.4,23909,-54.2,-85.0,-80.2,  1,  2, 0.01, 92,16.1
2026-07-05 00:11:57,-97.2510,35.0411,  31.3,23930,-54.2,-85.0,-80.2,  1,  2, 0.01, 93,16.3
2026-07-05 00:12:00,-97.2515,35.0411,  31.2,23952,-54.3,-85.1,-80.3,  1,  2, 0.01, 93,16.4
2026-07-05 00:12:03,-97.2521,35.0411,  31.1,23973,-54.4,-85.2,-80.4,  1,  2, 0.01, 94,16.5
2026-07-05 00:12:06,-97.2527,35.0412,  31.0,23993,-54.5,-85.3,-80.5,  1,  2, 0.01, 94,16.5
2026-07-05 00:12:09,-97.2533,35.0413,  30.9,24013,-54.6,-85.3,-80.5,  1,  2, 0.01, 95,16.4
2026-07-05 00:12:12,-97.2538,35.0413,  30.8,24035,-54.5,-85.2,-80.5,  1,  2, 0.01, 95,16.3
2026-07-05 00:12:16,-97.2544,35.0414,  30.7,24055,-54.4,-85.2,-80.4,  1,  2, 0.01, 96,16.1
2026-07-05 00:12:19,-97.2550,35.0414,  30.6,24080,-54.4,-85.1,-80.4,  1,  2, 0.01, 96,15.7
2026-07-05 00:12:22,-97.2555,35.0415,  30.5,24100,-54.5,-85.1,-80.4,  1,  2, 0.01, 97,15.4
2026-07-05 00:12:25,-97.2559,35.0415,  30.4,24120,-54.5,-85.1,-80.4,  1,  2, 0.01, 97,15.1
2026-07-05 00:12:28,-97.2564,35.0416,  30.3,24141,-54.7,-85.2,-80.4,  1,  2, 0.01, 97,14.7
2026-07-05 00:12:31,-97.2568,35.0416,  30.2,24162,-54.8,-85.2,-80.4,  1,  2, 0.01, 97,14.4
2026-07-05 00:12:35,-97.2575,35.0417,  30.1,24182,-55.0,-85.2,-80.5,  1,  2, 0.01, 96,14.0
2026-07-05 00:12:38,-97.2579,35.0417,  30.0,24211,-55.2,-85.3,-80.6,  1,  2, 0.01, 96,13.4
2026-07-05 00:12:41,-97.2583,35.0418,  29.9,24228,-55.3,-85.3,-80.6,  1,  2, 0.01, 95,13.1
2026-07-05 00:12:44,-97.2586,35.0418,  29.8,24247,-55.4,-85.4,-80.6,  1,  2, 0.01, 94,12.8
2026-07-05 00:12:48,-97.2592,35.0418,  29.7,24265,-55.5,-85.4,-80.7,  1,  2, 0.01, 93,12.4
2026-07-05 00:12:51,-97.2596,35.0418,  29.6,24290,-55.6,-85.5,-80.7,  1,  2, 0.01, 91,12.1
2026-07-05 00:12:55,-97.2601,35.0418,  29.5,24310,-55.6,-85.5,-80.8,  1,  2, 0.01, 90,11.9
2026-07-05 00:12:58,-97.2604,35.0418,  29.4,24334,-55.7,-85.6,-80.8,  1,  2, 0.01, 88,11.7
2026-07-05 00:13:01,-97.2608,35.0418,  29.3,24353,-55.7,-85.6,-80.9,  1,  2, 0.01, 87,11.6
2026-07-05 00:13:05,-97.2613,35.0417,  29.2,24372,-55.7,-85.7,-80.9,  1,  2, 0.01, 85,11.7
2026-07-05 00:13:08,-97.2617,35.0416,  29.1,24398,-55.7,-85.8,-81.0,  1,  2, 0.01, 83,11.8
2026-07-05 00:13:12,-97.2622,35.0416,  29.0,24417,-55.7,-85.8,-81.0,  1,  2, 0.01, 82,12.0
2026-07-05 00:13:15,-97.2627,35.0416,  28.9,24442,-55.6,-85.8,-81.0,  1,  2, 0.01, 81,12.3
2026-07-05 00:13:19,-97.2632,35.0415,  28.8,24460,-55.6,-85.8,-81.0,  1,  2, 0.01, 80,12.5
2026-07-05 00:13:22,-97.2636,35.0414,  28.7,24485,-55.6,-85.8,-81.1,  1,  2, 0.01, 80,12.8
2026-07-05 00:13:26,-97.2642,35.0413,  28.6,24504,-55.7,-85.9,-81.1,  1,  2, 0.01, 80,13.1
2026-07-05 00:13:30,-97.2648,35.0412,  28.5,24530,-55.7,-85.9,-81.1,  1,  2, 0.01, 79,13.3
2026-07-05 00:13:33,-97.2652,35.0411,  28.4,24555,-55.6,-85.8,-81.1,  1,  2, 0.01, 80,13.5
2026-07-05 00:13:37,-97.2658,35.0410,  28.3,24573,-55.6,-85.8,-81.0,  1,  2, 0.01, 80,13.7
2026-07-05 00:13:41,-97.2664,35.0410,  28.2,24598,-55.6,-85.7,-81.0,  1,  2, 0.01, 81,13.8
2026-07-05 00:13:44,-97.2669,35.0409,  28.1,24621,-55.6,-85.7,-81.0,  1,  2, 0.01, 82,14.0
2026-07-05 00:13:48,-97.2674,35.0408,  28.0,24639,-55.7,-85.7,-81.0,  1,  2, 0.01, 83,14.1
2026-07-05 00:13:52,-97.2681,35.0408,  27.9,24664,-55.8,-85.8,-81.0,  1,  2, 0.01, 85,14.2
2026-07-05 00:13:56,-97.2688,35.0408,  27.8,24686,-56.0,-85.8,-81.1,  1,  2, 0.01, 86,14.2
2026-07-05 00:14:00,-97.2695,35.0408,  27.7,24709,-56.1,-85.9,-81.2,  1,  2, 0.01, 88,14.2
2026-07-05 00:14:04,-97.2700,35.0407,  27.6,24734,-56.1,-85.9,-81.2,  1,  2, 0.01, 90,14.1
2026-07-05 00:14:07,-97.2704,35.0407,  27.5,24758,-56.1,-85.9,-81.2,  1,  2, 0.01, 92,14.0
2026-07-05 00:14:11,-97.2710,35.0408,  27.4,24776,-56.1,-86.0,-81.2,  1,  2, 0.01, 93,13.9
2026-07-05 00:14:16,-97.2718,35.0409,  27.3,24800,-56.2,-86.0,-81.3,  1,  2, 0.01, 95,13.8
2026-07-05 00:14:20,-97.2724,35.0409,  27.2,24827,-56.2,-86.1,-81.3,  1,  2, 0.01, 97,13.6
2026-07-05 00:14:24,-97.2729,35.0410,  27.1,24849,-56.2,-86.1,-81.3,  1,  2, 0.01, 98,13.5
2026-07-05 00:14:28,-97.2735,35.0411,  27.0,24872,-56.2,-86.2,-81.4,  1,  2, 0.01,100,13.4
2026-07-05 00:14:32,-97.2741,35.0412,  26.9,24895,-56.2,-86.3,-81.6,  1,  2, 0.01,101,13.1
2026-07-05 00:14:37,-97.2747,35.0414,  26.8,24917,-56.0,-86.3,-81.6,  1,  2, 0.01,102,12.8
2026-07-05 00:14:41,-97.2753,35.0415,  26.7,24944,-55.6,-86.2,-81.4,  1,  2, 0.01,102,12.3
2026-07-05 00:14:45,-97.2758,35.0416,  26.6,24968,-55.3,-86.1,-81.3,  1,  2, 0.01,101,11.9
2026-07-05 00:14:49,-97.2762,35.0417,  26.5,24991,-55.0,-86.0,-81.2,  1,  2, 0.01,100,11.4
2026-07-05 00:14:54,-97.2768,35.0417,  26.4,25015,-55.0,-86.0,-81.2,  1,  2, 0.01, 99,10.9
2026-07-05 00:14:58,-97.2773,35.0418,  26.3,25042,-55.0,-86.0,-81.2,  1,  2, 0.01, 97,10.4
2026-07-05 00:15:02,-97.2777,35.0417,  26.2,25066,-54.9,-85.9,-81.2,  1,  2, 0.01, 95,10.0
2026-07-05 00:15:06,-97.2781,35.0417,  26.1,25089,-54.9,-85.9,-81.1,  1,  2, 0.01, 94, 9.7
2026-07-05 00:15:10,-97.2785,35.0417,  26.0,25113,-54.8,-85.8,-81.0,  1,  2, 0.01, 93, 9.4
2026-07-05 00:15:15,-97.2789,35.0418,  25.9,25136,-54.7,-85.7,-81.0,  1,  2, 0.01, 92, 9.2
2026-07-05 00:15:19,-97.2794,35.0419,  25.8,25164,-54.6,-85.7,-80.9,  1,  2, 0.01, 90, 9.0
2026-07-05 00:15:23,-97.2797,35.0418,  25.7,25187,-54.6,-85.7,-80.9,  1,  2, 0.01, 88, 9.0
2026-07-05 00:15:28,-97.2802,35.0418,  25.6,25210,-54.5,-85.6,-80.9,  1,  2, 0.01, 86, 9.1
2026-07-05 00:15:32,-97.2806,35.0417,  25.5,25239,-54.4,-85.6,-80.8,  1,  2, 0.01, 83, 9.4
2026-07-05 00:15:36,-97.2810,35.0416,  25.4,25264,-54.3,-85.5,-80.8,  1,  2, 0.01, 81, 9.8
2026-07-05 00:15:40,-97.2814,35.0416,  25.3,25288,-54.2,-85.5,-80.7,  1,  2, 0.01, 81,10.3
2026-07-05 00:15:44,-97.2820,35.0415,  25.2,25312,-54.1,-85.4,-80.7,  1,  2, 0.01, 81,10.9
2026-07-05 00:15:48,-97.2824,35.0414,  25.1,25336,-54.1,-85.4,-80.7,  1,  2, 0.01, 82,11.3
2026-07-05 00:15:52,-97.2830,35.0413,  25.0,25362,-54.0,-85.4,-80.7,  1,  2, 0.01, 84,11.7
2026-07-05 00:15:57,-97.2837,35.0414,  24.9,25387,-53.8,-85.4,-80.6,  1,  2, 0.01, 86,11.9
2026-07-05 00:16:01,-97.2842,35.0414,  24.8,25415,-53.6,-85.3,-80.5,  1,  2, 0.01, 89,11.9
2026-07-05 00:16:06,-97.2849,35.0414,  24.7,25439,-53.5,-85.2,-80.4,  1,  2, 0.01, 91,11.7
2026-07-05 00:16:10,-97.2854,35.0414,  24.6,25470,-53.5,-85.2,-80.4,  1,  2, 0.01, 93,11.3
2026-07-05 00:16:15,-97.2859,35.0414,  24.5,25494,-53.5,-85.2,-80.4,  1,  2, 0.01, 94,10.9
2026-07-05 00:16:19,-97.2863,35.0415,  24.4,25521,-53.5,-85.2,-80.4,  1,  2, 0.01, 95,10.5
2026-07-05 00:16:24,-97.2869,35.0416,  24.3,25545,-53.4,-85.2,-80.4,  1,  2, 0.01, 94,10.3
2026-07-05 00:16:28,-97.2873,35.0417,  24.2,25574,-53.3,-85.2,-80.4,  1,  2, 0.01, 92,10.3
2026-07-05 00:16:33,-97.2878,35.0415,  24.1,25597,-53.1,-85.1,-80.3,  1,  2, 0.01, 90,10.6
2026-07-05 00:16:37,-97.2884,35.0415,  24.0,25627,-52.7,-84.9,-80.1,  1,  2, 0.01, 87,11.2
2026-07-05 00:16:42,-97.2891,35.0415,  23.9,25649,-52.5,-84.8,-80.1,  1,  2, 0.01, 85,11.7
2026-07-05 00:16:47,-97.2897,35.0413,  23.8,25677,-52.5,-84.9,-80.1,  1,  2, 0.01, 84,12.4
2026-07-05 00:16:52,-97.2905,35.0413,  23.7,25707,-52.5,-84.8,-80.0,  1,  2, 0.01, 84,12.8
2026-07-05 00:16:57,-97.2913,35.0412,  23.6,25732,-52.2,-84.7,-79.9,  1,  2, 0.01, 85,13.0
2026-07-05 00:17:02,-97.2919,35.0411,  23.5,25760,-52.1,-84.6,-79.8,  1,  2, 0.01, 86,13.1
2026-07-05 00:17:08,-97.2928,35.0412,  23.4,25788,-52.1,-84.6,-79.8,  1,  2, 0.01, 88,13.3
2026-07-05 00:17:13,-97.2935,35.0413,  23.3,25817,-52.0,-84.5,-79.7,  1,  2, 0.02, 90,13.7
2026-07-05 00:17:18,-97.2942,35.0413,  23.2,25845,-52.0,-84.5,-79.7,  1,  2, 0.02, 91,14.3
2026-07-05 00:17:23,-97.2951,35.0412,  23.1,25873,-51.8,-84.4,-79.6,  1,  2, 0.02, 92,15.0
2026-07-05 00:17:28,-97.2961,35.0413,  23.0,25900,-51.6,-84.4,-79.6,  1,  2, 0.02, 93,15.7
2026-07-05 00:17:34,-97.2972,35.0414,  22.9,25926,-51.5,-84.4,-79.6,  1,  2, 0.02, 94,16.2
2026-07-05 00:17:39,-97.2980,35.0415,  22.8,25959,-51.1,-84.2,-79.4,  1,  2, 0.02, 96,16.5
2026-07-05 00:17:44,-97.2989,35.0416,  22.7,25986,-50.9,-84.1,-79.3,  1,  2, 0.02, 97,16.8
2026-07-05 00:17:49,-97.2998,35.0416,  22.6,26013,-50.8,-84.0,-79.3,  1,  2, 0.02, 98,17.2
2026-07-05 00:17:54,-97.3008,35.0418,  22.5,26041,-50.8,-84.0,-79.3,  1,  2, 0.02, 99,17.7
2026-07-05 00:17:59,-97.3019,35.0420,  22.4,26069,-50.7,-83.9,-79.1,  1,  2, 0.02,100,18.3
2026-07-05 00:18:04,-97.3029,35.0421,  22.3,26098,-50.5,-83.7,-79.0,  1,  2, 0.02,100,18.8
2026-07-05 00:18:10,-97.3042,35.0423,  22.2,26128,-50.2,-83.5,-78.8,  1,  2, 0.02, 99,18.9
2026-07-05 00:18:15,-97.3052,35.0425,  22.1,26160,-50.3,-83.5,-78.7,  1,  2, 0.02, 99,18.8
2026-07-05 00:18:20,-97.3061,35.0425,  22.0,26189,-50.5,-83.6,-78.8,  1,  2, 0.02, 98,18.5
2026-07-05 00:18:25,-97.3072,35.0427,  21.9,26219,-50.7,-83.6,-78.9,  1,  2, 0.02, 97,18.1
2026-07-05 00:18:30,-97.3081,35.0427,  21.8,26248,-50.8,-83.6,-78.8,  1,  2, 0.02, 97,17.8
2026-07-05 00:18:35,-97.3091,35.0428,  21.7,26278,-50.7,-83.6,-78.8,  1,  2, 0.02, 96,17.4
2026-07-05 00:18:39,-97.3098,35.0429,  21.6,26311,-50.6,-83.6,-78.8,  1,  2, 0.02, 97,16.9
2026-07-05 00:18:44,-97.3107,35.0430,  21.5,26338,-50.7,-83.6,-78.9,  1,  2, 0.02, 97,16.5
2026-07-05 00:18:48,-97.3113,35.0430,  21.4,26371,-50.7,-83.7,-78.9,  1,  2, 0.02, 98,15.8
2026-07-05 00:18:53,-97.3121,35.0431,  21.3,26397,-50.6,-83.7,-78.9,  1,  2, 0.02, 99,15.3
2026-07-05 00:18:58,-97.3128,35.0433,  21.2,26428,-50.5,-83.7,-78.9,  1,  2, 0.02, 99,14.8
2026-07-05 00:19:02,-97.3134,35.0434,  21.1,26461,-50.5,-83.7,-79.0,  1,  2, 0.02, 99,14.5
2026-07-05 00:19:07,-97.3142,35.0435,  21.0,26489,-50.5,-83.8,-79.1,  1,  2, 0.02, 98,14.4
2026-07-05 00:19:11,-97.3148,35.0436,  20.9,26524,-50.4,-83.8,-79.0,  1,  2, 0.02, 96,14.6
2026-07-05 00:19:16,-97.3157,35.0435,  20.8,26553,-50.1,-83.6,-78.8,  1,  2, 0.02, 94,14.9
2026-07-05 00:19:20,-97.3163,35.0435,  20.7,26588,-49.8,-83.4,-78.6,  1,  2, 0.02, 92,15.5
2026-07-05 00:19:25,-97.3173,35.0436,  20.6,26614,-49.9,-83.4,-78.6,  1,  2, 0.02, 91,16.0
2026-07-05 00:19:30,-97.3182,35.0436,  20.5,26649,-50.1,-83.4,-78.7,  1,  2, 0.02, 90,16.7
2026-07-05 00:19:34,-97.3189,35.0435,  20.4,26683,-50.3,-83.4,-78.7,  1,  2, 0.02, 88,17.5
2026-07-05 00:19:39,-97.3200,35.0435,  20.3,26711,-50.5,-83.5,-78.7,  1,  2, 0.02, 87,18.1
2026-07-05 00:19:43,-97.3208,35.0435,  20.2,26746,-50.8,-83.5,-78.8,  1,  2, 0.02, 86,18.8
2026-07-05 00:19:49,-97.3222,35.0432,  20.1,26775,-50.9,-83.6,-78.9,  1,  2, 0.02, 86,19.3
2026-07-05 00:19:52,-97.3229,35.0432,  20.0,26822,-51.0,-83.7,-78.9,  1,  2, 0.02, 86,19.5
2026-07-05 00:19:57,-97.3240,35.0432,  19.9,26841,-50.9,-83.7,-78.9,  1,  2, 0.02, 86,19.5
2026-07-05 00:20:02,-97.3249,35.0431,  19.8,26876,-50.7,-83.7,-79.0,  1,  2, 0.02, 87,19.1
2026-07-05 00:20:06,-97.3257,35.0431,  19.7,26909,-50.6,-83.8,-79.0,  1,  2, 0.02, 87,18.6
2026-07-05 00:20:11,-97.3267,35.0431,  19.6,26940,-50.4,-83.8,-79.0,  1,  2, 0.02, 88,18.3
2026-07-05 00:20:15,-97.3274,35.0431,  19.5,26975,-50.3,-83.9,-79.1,  1,  2, 0.02, 88,17.9
2026-07-05 00:20:20,-97.3283,35.0430,  19.4,27004,-50.0,-83.8,-79.1,  1,  2, 0.02, 88,17.7
2026-07-05 00:20:25,-97.3295,35.0430,  19.3,27039,-49.7,-83.7,-79.0,  1,  2, 0.02, 89,17.6
2026-07-05 00:20:30,-97.3303,35.0430,  19.2,27076,-49.2,-83.6,-78.8,  1,  2, 0.02, 90,17.4
2026-07-05 00:20:34,-97.3310,35.0431,  19.1,27110,-48.8,-83.4,-78.6,  1,  1, 0.02, 91,17.1
2026-07-05 00:20:39,-97.3320,35.0431,  19.0,27142,-48.5,-83.3,-78.6,  1,  1, 0.02, 92,16.9
2026-07-05 00:20:44,-97.3329,35.0430,  18.9,27178,-48.4,-83.2,-78.5,  1,  1, 0.02, 93,16.8
2026-07-05 00:20:48,-97.3335,35.0431,  18.8,27215,-48.1,-83.0,-78.3,  1,  1, 0.02, 94,16.8
2026-07-05 00:20:53,-97.3345,35.0433,  18.7,27245,-48.0,-82.9,-78.1,  1,  1, 0.02, 95,16.9
2026-07-05 00:20:58,-97.3355,35.0433,  18.6,27284,-48.0,-82.8,-78.0,  1,  1, 0.03, 96,17.1
2026-07-05 00:21:03,-97.3363,35.0435,  18.5,27320,-48.0,-82.7,-78.0,  1,  2, 0.03, 96,17.5
2026-07-05 00:21:08,-97.3374,35.0435,  18.4,27356,-48.2,-82.7,-78.0,  1,  2, 0.03, 95,17.8
2026-07-05 00:21:12,-97.3382,35.0435,  18.3,27392,-48.4,-82.7,-78.0,  1,  2, 0.03, 95,18.2
2026-07-05 00:21:17,-97.3391,35.0436,  18.2,27423,-48.4,-82.7,-77.9,  1,  2, 0.03, 94,18.5
2026-07-05 00:21:22,-97.3402,35.0436,  18.1,27461,-48.4,-82.6,-77.9,  1,  2, 0.03, 93,18.7
2026-07-05 00:21:27,-97.3413,35.0436,  18.0,27498,-48.5,-82.6,-77.9,  1,  2, 0.03, 92,18.8
2026-07-05 00:21:32,-97.3423,35.0436,  17.9,27537,-48.6,-82.7,-77.9,  1,  2, 0.03, 92,18.7
2026-07-05 00:21:37,-97.3433,35.0437,  17.8,27574,-48.8,-82.8,-78.1,  1,  2, 0.03, 92,18.5
2026-07-05 00:21:42,-97.3442,35.0437,  17.7,27610,-48.8,-82.9,-78.1,  1,  2, 0.03, 92,18.3
2026-07-05 00:21:47,-97.3452,35.0437,  17.6,27644,-48.8,-82.9,-78.2,  1,  2, 0.03, 94,18.1
2026-07-05 00:21:52,-97.3462,35.0438,  17.5,27680,-48.7,-83.0,-78.2,  1,  2, 0.03, 96,18.0
2026-07-05 00:21:58,-97.3474,35.0440,  17.4,27717,-48.3,-82.9,-78.1,  1,  2, 0.03, 99,17.9
2026-07-05 00:22:03,-97.3483,35.0443,  17.3,27761,-48.0,-82.9,-78.1,  1,  1, 0.03,103,17.7
2026-07-05 00:22:08,-97.3492,35.0446,  17.2,27796,-47.9,-82.9,-78.2,  1,  1, 0.03,106,17.6
2026-07-05 00:22:14,-97.3503,35.0449,  17.1,27831,-47.6,-82.9,-78.2,  1,  1, 0.03,107,17.5
2026-07-05 00:22:19,-97.3511,35.0451,  17.0,27875,-47.2,-82.7,-78.0,  1,  1, 0.03,107,17.4
2026-07-05 00:22:25,-97.3522,35.0453,  16.9,27910,-46.8,-82.5,-77.7,  1,  1, 0.03,106,17.4
2026-07-05 00:22:30,-97.3532,35.0456,  16.8,27951,-46.6,-82.4,-77.6,  1,  1, 0.03,105,17.4
2026-07-05 00:22:36,-97.3544,35.0457,  16.7,27988,-46.6,-82.4,-77.7,  1,  1, 0.03,103,17.4
2026-07-05 00:22:41,-97.3552,35.0458,  16.6,28030,-46.7,-82.4,-77.7,  1,  1, 0.03,102,17.3
2026-07-05 00:22:47,-97.3563,35.0461,  16.5,28067,-46.5,-82.3,-77.6,  1,  1, 0.03,101,17.0
2026-07-05 00:22:53,-97.3574,35.0462,  16.4,28110,-46.2,-82.1,-77.4,  1,  1, 0.03,101,16.6
2026-07-05 00:22:58,-97.3582,35.0463,  16.3,28153,-46.0,-82.1,-77.3,  1,  1, 0.03,101,16.0
2026-07-05 00:23:05,-97.3593,35.0466,  16.2,28189,-45.9,-82.0,-77.3,  1,  1, 0.03,101,15.5
2026-07-05 00:23:11,-97.3603,35.0466,  16.1,28234,-45.7,-81.9,-77.1,  1,  1, 0.03,101,14.7
2026-07-05 00:23:17,-97.3611,35.0469,  16.0,28275,-45.6,-81.8,-77.0,  1,  1, 0.03,101,14.1
2026-07-05 00:23:24,-97.3621,35.0470,  15.9,28313,-45.6,-81.7,-77.0,  1,  1, 0.03, 99,14.0
2026-07-05 00:23:31,-97.3632,35.0470,  15.8,28357,-45.6,-81.7,-77.0,  1,  1, 0.04, 95,14.3
2026-07-05 00:23:37,-97.3642,35.0471,  15.7,28402,-45.4,-81.6,-76.8,  1,  1, 0.04, 92,15.0
2026-07-05 00:23:44,-97.3655,35.0470,  15.6,28440,-45.5,-81.6,-76.9,  1,  1, 0.04, 90,15.6
2026-07-05 00:23:51,-97.3668,35.0470,  15.5,28482,-45.8,-81.8,-77.0,  1,  1, 0.04, 87,16.0
2026-07-05 00:23:59,-97.3681,35.0468,  15.4,28527,-45.7,-81.8,-77.0,  1,  1, 0.04, 85,16.1
2026-07-05 00:24:06,-97.3694,35.0467,  15.3,28573,-45.4,-81.7,-76.9,  1,  1, 0.04, 83,16.1
2026-07-05 00:24:13,-97.3705,35.0464,  15.2,28617,-45.3,-81.7,-77.0,  1,  1, 0.04, 82,16.2
2026-07-05 00:24:20,-97.3719,35.0464,  15.1,28659,-45.0,-81.7,-77.0,  1,  1, 0.04, 83,16.5
2026-07-05 00:24:28,-97.3733,35.0462,  15.0,28701,-44.7,-81.6,-76.8,  1,  1, 0.04, 84,16.8
2026-07-05 00:24:36,-97.3749,35.0462,  14.9,28746,-44.6,-81.5,-76.8,  1,  1, 0.04, 85,16.9
2026-07-05 00:24:44,-97.3761,35.0460,  14.8,28791,-44.4,-81.4,-76.6,  1,  1, 0.04, 86,17.0
2026-07-05 00:24:52,-97.3779,35.0461,  14.7,28837,-44.5,-81.3,-76.5,  1,  1, 0.04, 87,17.3
2026-07-05 00:25:00,-97.3793,35.0460,  14.6,28885,-44.6,-81.3,-76.6,  1,  1, 0.04, 89,17.8
2026-07-05 00:25:07,-97.3808,35.0461,  14.5,28931,-44.9,-81.4,-76.6,  1,  1, 0.04, 90,18.2
2026-07-05 00:25:15,-97.3824,35.0461,  14.4,28974,-44.9,-81.4,-76.6,  1,  1, 0.04, 90,18.2
2026-07-05 00:25:22,-97.3837,35.0460,  14.3,29024,-45.0,-81.4,-76.7,  1,  1, 0.04, 88,17.8
2026-07-05 00:25:29,-97.3849,35.0459,  14.2,29070,-45.0,-81.5,-76.8,  1,  1, 0.04, 87,17.6
2026-07-05 00:25:35,-97.3862,35.0458,  14.1,29117,-44.7,-81.5,-76.7,  1,  1, 0.04, 87,17.5
2026-07-05 00:25:42,-97.3875,35.0458,  14.0,29160,-44.4,-81.5,-76.7,  1,  1, 0.04, 87,17.3
2026-07-05 00:25:48,-97.3887,35.0458,  13.9,29211,-44.5,-81.7,-77.0,  1,  1, 0.04, 87,16.7
2026-07-05 00:25:54,-97.3895,35.0457,  13.8,29259,-44.1,-81.6,-76.8,  1,  1, 0.04, 86,15.8
2026-07-05 00:26:00,-97.3905,35.0455,  13.7,29306,-43.4,-81.3,-76.6,  1,  1, 0.04, 84,14.9
2026-07-05 00:26:06,-97.3914,35.0454,  13.6,29356,-43.2,-81.3,-76.6,  1,  1, 0.04, 83,14.1
2026-07-05 00:26:12,-97.3922,35.0454,  13.5,29406,-43.0,-81.3,-76.6,  1,  1, 0.04, 81,13.6
2026-07-05 00:26:17,-97.3929,35.0452,  13.4,29458,-42.7,-81.2,-76.4,  1,  1, 0.04, 78,13.5
2026-07-05 00:26:23,-97.3937,35.0450,  13.3,29505,-42.3,-81.0,-76.3,  1,  1, 0.05, 74,13.5
2026-07-05 00:26:28,-97.3945,35.0448,  13.2,29559,-41.9,-80.8,-76.1,  1,  1, 0.05, 70,13.9
2026-07-05 00:26:34,-97.3953,35.0444,  13.1,29605,-41.6,-80.6,-75.9,  1,  1, 0.05, 66,14.3
2026-07-05 00:26:40,-97.3962,35.0439,  13.0,29658,-41.5,-80.6,-75.8,  1,  1, 0.05, 62,15.1
2026-07-05 00:26:46,-97.3970,35.0435,  12.9,29714,-41.4,-80.5,-75.8,  1,  1, 0.05, 61,15.9
2026-07-05 00:26:52,-97.3981,35.0430,  12.8,29767,-41.2,-80.3,-75.5,  1,  1, 0.05, 62,16.7
2026-07-05 00:26:58,-97.3991,35.0427,  12.7,29821,-41.2,-80.1,-75.4,  1,  1, 0.06, 65,17.3
2026-07-05 00:27:03,-97.4001,35.0424,  12.6,29877,-41.5,-80.1,-75.4,  1,  1, 0.06, 68,17.9
2026-07-05 00:27:08,-97.4011,35.0421,  12.5,29928,-41.8,-80.2,-75.5,  1,  1, 0.06, 71,18.5
2026-07-05 00:27:14,-97.4023,35.0419,  12.4,29977,-42.0,-80.3,-75.5,  1,  1, 0.06, 73,19.2
2026-07-05 00:27:20,-97.4037,35.0416,  12.3,30036,-42.0,-80.2,-75.5,  1,  1, 0.06, 75,20.2
2026-07-05 00:27:25,-97.4048,35.0414,  12.2,30094,-42.1,-80.2,-75.5,  1,  1, 0.06, 76,21.1
2026-07-05 00:27:31,-97.4062,35.0411,  12.1,30145,-42.4,-80.3,-75.5,  1,  1, 0.06, 76,21.7
2026-07-05 00:27:36,-97.4074,35.0409,  12.0,30202,-42.8,-80.4,-75.7,  1,  1, 0.06, 77,22.3
2026-07-05 00:27:42,-97.4089,35.0406,  11.9,30253,-43.1,-80.5,-75.8,  1,  1, 0.06, 77,22.6
2026-07-05 00:27:48,-97.4104,35.0403,  11.8,30313,-43.6,-80.7,-75.9,  1,  1, 0.06, 78,22.7
2026-07-05 00:27:53,-97.4116,35.0401,  11.7,30375,-43.9,-80.8,-76.0,  1,  1, 0.05, 79,22.6
2026-07-05 00:27:59,-97.4130,35.0400,  11.6,30424,-44.2,-80.9,-76.2,  1,  1, 0.05, 79,22.4
2026-07-05 00:28:05,-97.4144,35.0398,  11.5,30482,-44.5,-81.1,-76.4,  1,  1, 0.05, 80,22.2
2026-07-05 00:28:12,-97.4161,35.0395,  11.4,30541,-44.7,-81.3,-76.6,  1,  1, 0.05, 80,22.0
2026-07-05 00:28:19,-97.4177,35.0393,  11.3,30603,-44.7,-81.4,-76.7,  1,  1, 0.05, 81,22.1
2026-07-05 00:28:26,-97.4195,35.0391,  11.2,30665,-44.8,-81.7,-76.9,  1,  1, 0.05, 83,22.4
2026-07-05 00:28:34,-97.4214,35.0390,  11.1,30723,-44.2,-81.5,-76.8,  1,  1, 0.05, 86,22.9
2026-07-05 00:28:42,-97.4236,35.0391,  11.0,30785,-43.7,-81.3,-76.6,  1,  1, 0.05, 89,23.5
2026-07-05 00:28:50,-97.4256,35.0393,  10.9,30843,-43.9,-81.4,-76.7,  1,  1, 0.05, 93,24.2
2026-07-05 00:29:00,-97.4285,35.0395,  10.8,30901,-44.0,-81.4,-76.6,  1,  1, 0.05, 96,24.8
2026-07-05 00:29:11,-97.4314,35.0400,  10.7,30967,-44.1,-81.4,-76.7,  1,  1, 0.05, 98,25.0
2026-07-05 00:29:25,-97.4348,35.0405,  10.6,31027,-44.0,-81.4,-76.6,  1,  1, 0.06,100,23.9
2026-07-05 00:29:40,-97.4382,35.0410,  10.5,31091,-43.9,-81.5,-76.8,  1,  1, 0.05,100,22.1
2026-07-05 00:29:58,-97.4429,35.0417,  10.4,31156,-42.8,-81.5,-76.8,  1,  1, 0.05,100,22.6
2026-07-05 00:30:19,-97.4481,35.0423,  10.3,31217,-41.1,-81.0,-76.3,  1,  1, 0.06, 99,23.3
2026-07-05 00:30:44,-97.4547,35.0440,  10.2,31285,-39.7,-80.5,-75.7,  1,  1, 0.07,103,23.9
2026-07-05 00:31:17,-97.4630,35.0464,  10.1,31352,-37.5,-79.7,-74.9,  1,  1, 0.08,107,25.9
2026-07-05 00:31:26,-97.4647,35.0473,  10.0,31454,-35.3,-78.2,-73.5,  1,  1, 0.10,116,22.1
2026-07-05 00:31:41,-97.4678,35.0488,   9.9,31489,-34.5,-77.7,-73.0,  1,  1, 0.10,118,21.8
2026-07-05 00:31:54,-97.4703,35.0501,   9.8,31562,-34.1,-77.5,-72.7,  1,  1, 0.11,121,21.5
2026-07-05 00:32:06,-97.4725,35.0512,   9.7,31635,-34.0,-77.4,-72.6,  1,  1, 0.11,121,20.9
2026-07-05 00:32:17,-97.4749,35.0521,   9.6,31709,-33.4,-77.0,-72.3,  1,  1, 0.12,120,20.8
2026-07-05 00:32:27,-97.4769,35.0531,   9.5,31781,-33.8,-77.2,-72.5,  1,  1, 0.12,119,20.5
2026-07-05 00:32:37,-97.4787,35.0538,   9.4,31854,-34.2,-77.5,-72.8,  1,  1, 0.11,115,19.6
2026-07-05 00:32:47,-97.4806,35.0541,   9.3,31930,-34.1,-77.4,-72.7,  1,  1, 0.12,110,18.0
2026-07-05 00:32:57,-97.4822,35.0545,   9.2,32003,-34.1,-77.4,-72.7,  1,  1, 0.12,103,16.0
2026-07-05 00:33:07,-97.4836,35.0543,   9.1,32078,-33.8,-77.3,-72.6,  1,  1, 0.12, 93,14.6
2026-07-05 00:33:18,-97.4854,35.0539,   9.0,32154,-33.6,-77.1,-72.4,  1,  1, 0.13, 83,14.5
2026-07-05 00:33:28,-97.4871,35.0537,   8.9,32237,-33.2,-76.9,-72.1,  1,  1, 0.13, 79,15.4
2026-07-05 00:33:39,-97.4891,35.0534,   8.8,32313,-33.3,-77.0,-72.2,  1,  1, 0.13, 78,16.5
2026-07-05 00:33:49,-97.4910,35.0528,   8.7,32394,-33.7,-77.2,-72.5,  1,  1, 0.13, 76,17.2
2026-07-05 00:34:01,-97.4930,35.0523,   8.6,32470,-33.7,-77.2,-72.5,  1,  1, 0.13, 72,16.9
2026-07-05 00:34:11,-97.4944,35.0517,   8.5,32559,-33.1,-76.8,-72.1,  1,  1, 0.14, 66,15.6
2026-07-05 00:34:23,-97.4958,35.0508,   8.4,32636,-33.2,-76.8,-72.1,  1,  1, 0.14, 58,14.5
2026-07-05 00:34:35,-97.4972,35.0497,   8.3,32724,-33.5,-77.0,-72.3,  1,  1, 0.14, 51,14.1
2026-07-05 00:34:46,-97.4986,35.0490,   8.2,32808,-33.8,-77.2,-72.5,  1,  1, 0.14, 55,13.7
2026-07-05 00:34:59,-97.5005,35.0488,   8.1,32888,-33.9,-77.3,-72.6,  1,  1, 0.14, 68,13.4
2026-07-05 00:35:12,-97.5025,35.0486,   8.0,32980,-33.6,-77.1,-72.4,  1,  1, 0.14, 81,13.8
2026-07-05 00:35:25,-97.5050,35.0486,   7.9,33065,-33.9,-77.3,-72.6,  1,  1, 0.14, 86,15.4
2026-07-05 00:35:38,-97.5075,35.0484,   7.8,33155,-34.0,-77.4,-72.6,  1,  1, 0.14, 85,17.6
2026-07-05 00:35:51,-97.5102,35.0479,   7.7,33243,-33.8,-77.3,-72.6,  1,  1, 0.14, 82,18.8
2026-07-05 00:36:05,-97.5131,35.0472,   7.6,33335,-34.1,-77.4,-72.7,  1,  1, 0.14, 77,19.4
2026-07-05 00:36:19,-97.5157,35.0463,   7.5,33429,-34.2,-77.5,-72.8,  1,  1, 0.14, 70,19.3
2026-07-05 00:36:34,-97.5186,35.0451,   7.4,33518,-33.7,-77.2,-72.5,  1,  1, 0.15, 65,19.2
2026-07-05 00:36:49,-97.5217,35.0441,   7.3,33613,-33.6,-77.1,-72.4,  1,  1, 0.16, 66,20.2
2026-07-05 00:37:04,-97.5255,35.0432,   7.2,33710,-33.2,-76.9,-72.2,  1,  1, 0.16, 70,22.2
2026-07-05 00:37:26,-97.5307,35.0417,   7.1,33809,-33.1,-76.8,-72.0,  1,  1, 0.17, 73,23.6
2026-07-05 00:37:33,-97.5324,35.0412,   7.0,33954,-33.0,-76.7,-72.0,  1,  1, 0.17, 71,23.2
2026-07-05 00:37:48,-97.5363,35.0403,   6.9,34008,-33.1,-76.8,-72.1,  1,  1, 0.17, 72,23.7
2026-07-05 00:38:02,-97.5405,35.0397,   6.8,34113,-32.6,-76.5,-71.8,  1,  1, 0.18, 78,26.3
